/Applications/FFDec.app/Contents/MacOS/../Resources/ffdec.sh: line 49: [: java version "26.0.2.1" 2026-08-18 Java(TM) SE Runtime Environment (build 26.0.2.1+1-7) Java HotSpot(TM) 64-Bit Server VM (build 26.0.2.1+1-7, mixed mode, sharing): integer expression expected
/Applications/FFDec.app/Contents/MacOS/../Resources/ffdec.sh: line 51: [: java version "26.0.2.1" 2026-08-18 Java(TM) SE Runtime Environment (build 26.0.2.1+1-7) Java HotSpot(TM) 64-Bit Server VM (build 26.0.2.1+1-7, mixed mode, sharing): integer expression expected
/Applications/FFDec.app/Contents/MacOS/../Resources/ffdec.sh: line 55: [: java version "26.0.2.1" 2026-08-18 Java(TM) SE Runtime Environment (build 26.0.2.1+1-7) Java HotSpot(TM) 64-Bit Server VM (build 26.0.2.1+1-7, mixed mode, sharing): integer expression expected
/Applications/FFDec.app/Contents/MacOS/../Resources/ffdec.sh: line 57: [: java version "26.0.2.1" 2026-08-18 Java(TM) SE Runtime Environment (build 26.0.2.1+1-7) Java HotSpot(TM) 64-Bit Server VM (build 26.0.2.1+1-7, mixed mode, sharing): integer expression expected
/Applications/FFDec.app/Contents/MacOS/../Resources/ffdec.sh: line 61: [: java version "26.0.2.1" 2026-08-18 Java(TM) SE Runtime Environment (build 26.0.2.1+1-7) Java HotSpot(TM) 64-Bit Server VM (build 26.0.2.1+1-7, mixed mode, sharing): integer expression expected
/Applications/FFDec.app/Contents/MacOS/../Resources/ffdec.sh: line 63: [: java version "26.0.2.1" 2026-08-18 Java(TM) SE Runtime Environment (build 26.0.2.1+1-7) Java HotSpot(TM) 64-Bit Server VM (build 26.0.2.1+1-7, mixed mode, sharing): integer expression expected
/Applications/FFDec.app/Contents/MacOS/../Resources/ffdec.sh: line 67: [: java version "26.0.2.1" 2026-08-18 Java(TM) SE Runtime Environment (build 26.0.2.1+1-7) Java HotSpot(TM) 64-Bit Server VM (build 26.0.2.1+1-7, mixed mode, sharing): integer expression expected
JPEXS Free Flash Decompiler v.26.0.0 nightly build 3515
-------------------------------------------------------
Exporting images...
Exported image 1/3 DefineBits (chid: 2188)
Exported image 2/3 DefineBits (chid: 2480)
Exported image 3/3 DefineBits (chid: 2488)
Exporting shapes...
Exported shape 1/1598 DefineShape3 (chid: 1)
Exported shape 2/1598 DefineShape3 (chid: 11)
Exported shape 3/1598 DefineShape (chid: 13)
Exported shape 4/1598 DefineShape (chid: 17)
Exported shape 5/1598 DefineShape3 (chid: 20)
Exported shape 6/1598 DefineShape3 (chid: 24)
Exported shape 7/1598 DefineShape3 (chid: 32)
Exported shape 8/1598 DefineShape (chid: 38)
Exported shape 9/1598 DefineShape (chid: 45)
Exported shape 10/1598 DefineShape (chid: 50)
Exported shape 11/1598 DefineShape3 (chid: 52)
Exported shape 12/1598 DefineShape4 (chid: 55)
Exported shape 13/1598 DefineShape (chid: 58)
Exported shape 14/1598 DefineShape2 (chid: 61)
Exported shape 15/1598 DefineShape2 (chid: 64)
Exported shape 16/1598 DefineShape (chid: 67)
Exported shape 17/1598 DefineShape2 (chid: 70)
Exported shape 18/1598 DefineShape2 (chid: 73)
Exported shape 19/1598 DefineShape2 (chid: 75)
Exported shape 20/1598 DefineShape2 (chid: 78)
Exported shape 21/1598 DefineShape (chid: 80)
Exported shape 22/1598 DefineShape2 (chid: 83)
Exported shape 23/1598 DefineShape (chid: 93)
Exported shape 24/1598 DefineShape (chid: 95)
Exported shape 25/1598 DefineShape4 (chid: 98)
Exported shape 26/1598 DefineShape (chid: 101)
Exported shape 27/1598 DefineShape (chid: 103)
Exported shape 28/1598 DefineShape (chid: 109)
Exported shape 29/1598 DefineShape (chid: 111)
Exported shape 30/1598 DefineShape (chid: 113)
Exported shape 31/1598 DefineShape (chid: 115)
Exported shape 32/1598 DefineShape (chid: 117)
Exported shape 33/1598 DefineShape (chid: 119)
Exported shape 34/1598 DefineShape4 (chid: 121)
Exported shape 35/1598 DefineShape (chid: 123)
Exported shape 36/1598 DefineShape (chid: 124)
Exported shape 37/1598 DefineShape (chid: 128)
Exported shape 38/1598 DefineShape (chid: 130)
Exported shape 39/1598 DefineShape4 (chid: 135)
Exported shape 40/1598 DefineShape (chid: 137)
Exported shape 41/1598 DefineShape (chid: 139)
Exported shape 42/1598 DefineShape (chid: 142)
Exported shape 43/1598 DefineShape (chid: 145)
Exported shape 44/1598 DefineShape4 (chid: 151)
Exported shape 45/1598 DefineShape4 (chid: 153)
Exported shape 46/1598 DefineShape4 (chid: 155)
Exported shape 47/1598 DefineShape4 (chid: 157)
Exported shape 48/1598 DefineShape4 (chid: 159)
Exported shape 49/1598 DefineShape4 (chid: 161)
Exported shape 50/1598 DefineShape4 (chid: 163)
Exported shape 51/1598 DefineShape4 (chid: 165)
Exported shape 52/1598 DefineShape3 (chid: 166)
Exported shape 53/1598 DefineShape4 (chid: 169)
Exported shape 54/1598 DefineShape4 (chid: 171)
Exported shape 55/1598 DefineShape4 (chid: 173)
Exported shape 56/1598 DefineShape4 (chid: 175)
Exported shape 57/1598 DefineShape4 (chid: 177)
Exported shape 58/1598 DefineShape (chid: 179)
Exported shape 59/1598 DefineShape3 (chid: 182)
Exported shape 60/1598 DefineShape (chid: 187)
Exported shape 61/1598 DefineShape (chid: 189)
Exported shape 62/1598 DefineShape3 (chid: 191)
Exported shape 63/1598 DefineShape3 (chid: 195)
Exported shape 64/1598 DefineShape (chid: 198)
Exported shape 65/1598 DefineShape (chid: 202)
Exported shape 66/1598 DefineShape3 (chid: 206)
Exported shape 67/1598 DefineShape (chid: 208)
Exported shape 68/1598 DefineShape (chid: 209)
Exported shape 69/1598 DefineShape (chid: 222)
Exported shape 70/1598 DefineShape (chid: 225)
Exported shape 71/1598 DefineShape3 (chid: 227)
Exported shape 72/1598 DefineShape3 (chid: 232)
Exported shape 73/1598 DefineShape (chid: 234)
Exported shape 74/1598 DefineShape (chid: 237)
Exported shape 75/1598 DefineShape4 (chid: 239)
Exported shape 76/1598 DefineShape3 (chid: 241)
Exported shape 77/1598 DefineShape4 (chid: 243)
Exported shape 78/1598 DefineShape (chid: 247)
Exported shape 79/1598 DefineShape4 (chid: 253)
Exported shape 80/1598 DefineShape4 (chid: 255)
Exported shape 81/1598 DefineShape4 (chid: 257)
Exported shape 82/1598 DefineShape4 (chid: 259)
Exported shape 83/1598 DefineShape4 (chid: 261)
Exported shape 84/1598 DefineShape4 (chid: 263)
Exported shape 85/1598 DefineShape4 (chid: 265)
Exported shape 86/1598 DefineShape4 (chid: 267)
Exported shape 87/1598 DefineShape4 (chid: 269)
Exported shape 88/1598 DefineShape4 (chid: 271)
Exported shape 89/1598 DefineShape4 (chid: 273)
Exported shape 90/1598 DefineShape4 (chid: 275)
Exported shape 91/1598 DefineShape4 (chid: 277)
Exported shape 92/1598 DefineShape4 (chid: 279)
Exported shape 93/1598 DefineShape4 (chid: 282)
Exported shape 94/1598 DefineShape4 (chid: 284)
Exported shape 95/1598 DefineShape4 (chid: 287)
Exported shape 96/1598 DefineShape4 (chid: 289)
Exported shape 97/1598 DefineShape4 (chid: 291)
Exported shape 98/1598 DefineShape4 (chid: 293)
Exported shape 99/1598 DefineShape4 (chid: 295)
Exported shape 100/1598 DefineShape2 (chid: 297)
Exported shape 101/1598 DefineShape (chid: 299)
Exported shape 102/1598 DefineShape (chid: 300)
Exported shape 103/1598 DefineShape (chid: 301)
Exported shape 104/1598 DefineShape (chid: 302)
Exported shape 105/1598 DefineShape (chid: 303)
Exported shape 106/1598 DefineShape (chid: 304)
Exported shape 107/1598 DefineShape (chid: 305)
Exported shape 108/1598 DefineShape (chid: 306)
Exported shape 109/1598 DefineShape (chid: 307)
Exported shape 110/1598 DefineShape3 (chid: 308)
Exported shape 111/1598 DefineShape (chid: 310)
Exported shape 112/1598 DefineShape (chid: 311)
Exported shape 113/1598 DefineShape (chid: 312)
Exported shape 114/1598 DefineShape (chid: 313)
Exported shape 115/1598 DefineShape (chid: 314)
Exported shape 116/1598 DefineShape (chid: 315)
Exported shape 117/1598 DefineShape (chid: 316)
Exported shape 118/1598 DefineShape (chid: 317)
Exported shape 119/1598 DefineShape (chid: 318)
Exported shape 120/1598 DefineShape (chid: 320)
Exported shape 121/1598 DefineShape3 (chid: 322)
Exported shape 122/1598 DefineShape3 (chid: 324)
Exported shape 123/1598 DefineShape (chid: 326)
Exported shape 124/1598 DefineShape (chid: 327)
Exported shape 125/1598 DefineShape (chid: 328)
Exported shape 126/1598 DefineShape (chid: 329)
Exported shape 127/1598 DefineShape3 (chid: 330)
Exported shape 128/1598 DefineShape3 (chid: 332)
Exported shape 129/1598 DefineShape3 (chid: 334)
Exported shape 130/1598 DefineShape3 (chid: 335)
Exported shape 131/1598 DefineShape3 (chid: 336)
Exported shape 132/1598 DefineShape (chid: 337)
Exported shape 133/1598 DefineShape (chid: 338)
Exported shape 134/1598 DefineShape (chid: 339)
Exported shape 135/1598 DefineShape (chid: 340)
Exported shape 136/1598 DefineShape (chid: 341)
Exported shape 137/1598 DefineShape (chid: 342)
Exported shape 138/1598 DefineShape (chid: 343)
Exported shape 139/1598 DefineShape3 (chid: 344)
Exported shape 140/1598 DefineShape3 (chid: 345)
Exported shape 141/1598 DefineShape3 (chid: 346)
Exported shape 142/1598 DefineShape3 (chid: 347)
Exported shape 143/1598 DefineShape3 (chid: 348)
Exported shape 144/1598 DefineShape4 (chid: 350)
Exported shape 145/1598 DefineShape (chid: 351)
Exported shape 146/1598 DefineShape3 (chid: 353)
Exported shape 147/1598 DefineShape (chid: 354)
Exported shape 148/1598 DefineShape (chid: 355)
Exported shape 149/1598 DefineShape4 (chid: 358)
Exported shape 150/1598 DefineShape (chid: 359)
Exported shape 151/1598 DefineShape4 (chid: 363)
Exported shape 152/1598 DefineShape3 (chid: 365)
Exported shape 153/1598 DefineShape3 (chid: 366)
Exported shape 154/1598 DefineShape3 (chid: 367)
Exported shape 155/1598 DefineShape (chid: 368)
Exported shape 156/1598 DefineShape (chid: 369)
Exported shape 157/1598 DefineShape (chid: 370)
Exported shape 158/1598 DefineShape (chid: 371)
Exported shape 159/1598 DefineShape (chid: 372)
Exported shape 160/1598 DefineShape (chid: 373)
Exported shape 161/1598 DefineShape (chid: 374)
Exported shape 162/1598 DefineShape (chid: 375)
Exported shape 163/1598 DefineShape (chid: 376)
Exported shape 164/1598 DefineShape (chid: 377)
Exported shape 165/1598 DefineShape (chid: 378)
Exported shape 166/1598 DefineShape (chid: 379)
Exported shape 167/1598 DefineShape (chid: 380)
Exported shape 168/1598 DefineShape4 (chid: 381)
Exported shape 169/1598 DefineShape3 (chid: 383)
Exported shape 170/1598 DefineShape3 (chid: 385)
Exported shape 171/1598 DefineShape3 (chid: 387)
Exported shape 172/1598 DefineShape3 (chid: 388)
Exported shape 173/1598 DefineShape3 (chid: 389)
Exported shape 174/1598 DefineShape4 (chid: 391)
Exported shape 175/1598 DefineShape (chid: 396)
Exported shape 176/1598 DefineShape3 (chid: 398)
Exported shape 177/1598 DefineShape (chid: 400)
Exported shape 178/1598 DefineShape (chid: 402)
Exported shape 179/1598 DefineShape (chid: 404)
Exported shape 180/1598 DefineShape3 (chid: 406)
Exported shape 181/1598 DefineShape (chid: 407)
Exported shape 182/1598 DefineShape (chid: 409)
Exported shape 183/1598 DefineShape3 (chid: 411)
Exported shape 184/1598 DefineShape2 (chid: 414)
Exported shape 185/1598 DefineShape (chid: 416)
Exported shape 186/1598 DefineShape (chid: 418)
Exported shape 187/1598 DefineShape (chid: 422)
Exported shape 188/1598 DefineShape3 (chid: 424)
Exported shape 189/1598 DefineShape (chid: 426)
Exported shape 190/1598 DefineShape (chid: 427)
Exported shape 191/1598 DefineShape (chid: 428)
Exported shape 192/1598 DefineShape (chid: 429)
Exported shape 193/1598 DefineShape (chid: 430)
Exported shape 194/1598 DefineShape (chid: 431)
Exported shape 195/1598 DefineShape3 (chid: 432)
Exported shape 196/1598 DefineShape3 (chid: 433)
Exported shape 197/1598 DefineShape (chid: 434)
Exported shape 198/1598 DefineShape (chid: 435)
Exported shape 199/1598 DefineShape (chid: 436)
Exported shape 200/1598 DefineShape (chid: 437)
Exported shape 201/1598 DefineShape (chid: 438)
Exported shape 202/1598 DefineShape (chid: 439)
Exported shape 203/1598 DefineShape3 (chid: 440)
Exported shape 204/1598 DefineShape (chid: 441)
Exported shape 205/1598 DefineShape3 (chid: 443)
Exported shape 206/1598 DefineShape3 (chid: 444)
Exported shape 207/1598 DefineShape (chid: 445)
Exported shape 208/1598 DefineShape (chid: 446)
Exported shape 209/1598 DefineShape (chid: 447)
Exported shape 210/1598 DefineShape (chid: 448)
Exported shape 211/1598 DefineShape3 (chid: 449)
Exported shape 212/1598 DefineShape3 (chid: 450)
Exported shape 213/1598 DefineShape3 (chid: 451)
Exported shape 214/1598 DefineShape3 (chid: 452)
Exported shape 215/1598 DefineShape3 (chid: 453)
Exported shape 216/1598 DefineShape3 (chid: 454)
Exported shape 217/1598 DefineShape3 (chid: 456)
Exported shape 218/1598 DefineShape (chid: 458)
Exported shape 219/1598 DefineShape (chid: 459)
Exported shape 220/1598 DefineShape (chid: 460)
Exported shape 221/1598 DefineShape (chid: 461)
Exported shape 222/1598 DefineShape (chid: 462)
Exported shape 223/1598 DefineShape (chid: 463)
Exported shape 224/1598 DefineShape (chid: 464)
Exported shape 225/1598 DefineShape (chid: 466)
Exported shape 226/1598 DefineShape (chid: 467)
Exported shape 227/1598 DefineShape (chid: 468)
Exported shape 228/1598 DefineShape (chid: 469)
Exported shape 229/1598 DefineShape (chid: 470)
Exported shape 230/1598 DefineShape (chid: 471)
Exported shape 231/1598 DefineShape (chid: 472)
Exported shape 232/1598 DefineShape3 (chid: 475)
Exported shape 233/1598 DefineShape4 (chid: 477)
Exported shape 234/1598 DefineShape (chid: 479)
Exported shape 235/1598 DefineShape3 (chid: 481)
Exported shape 236/1598 DefineShape3 (chid: 482)
Exported shape 237/1598 DefineShape3 (chid: 483)
Exported shape 238/1598 DefineShape4 (chid: 486)
Exported shape 239/1598 DefineShape4 (chid: 488)
Exported shape 240/1598 DefineShape4 (chid: 490)
Exported shape 241/1598 DefineShape4 (chid: 492)
Exported shape 242/1598 DefineShape4 (chid: 495)
Exported shape 243/1598 DefineShape4 (chid: 497)
Exported shape 244/1598 DefineShape (chid: 499)
Exported shape 245/1598 DefineShape (chid: 500)
Exported shape 246/1598 DefineShape (chid: 502)
Exported shape 247/1598 DefineShape (chid: 503)
Exported shape 248/1598 DefineShape (chid: 504)
Exported shape 249/1598 DefineShape (chid: 505)
Exported shape 250/1598 DefineShape (chid: 506)
Exported shape 251/1598 DefineShape (chid: 508)
Exported shape 252/1598 DefineShape (chid: 509)
Exported shape 253/1598 DefineShape (chid: 510)
Exported shape 254/1598 DefineShape (chid: 512)
Exported shape 255/1598 DefineShape (chid: 515)
Exported shape 256/1598 DefineShape (chid: 517)
Exported shape 257/1598 DefineShape (chid: 518)
Exported shape 258/1598 DefineShape (chid: 519)
Exported shape 259/1598 DefineShape (chid: 520)
Exported shape 260/1598 DefineShape (chid: 521)
Exported shape 261/1598 DefineShape (chid: 522)
Exported shape 262/1598 DefineShape (chid: 523)
Exported shape 263/1598 DefineShape (chid: 524)
Exported shape 264/1598 DefineShape (chid: 525)
Exported shape 265/1598 DefineShape3 (chid: 527)
Exported shape 266/1598 DefineShape4 (chid: 529)
Exported shape 267/1598 DefineShape3 (chid: 531)
Exported shape 268/1598 DefineShape3 (chid: 532)
Exported shape 269/1598 DefineShape4 (chid: 535)
Exported shape 270/1598 DefineShape3 (chid: 537)
Exported shape 271/1598 DefineShape (chid: 539)
Exported shape 272/1598 DefineShape (chid: 541)
Exported shape 273/1598 DefineShape4 (chid: 543)
Exported shape 274/1598 DefineShape (chid: 544)
Exported shape 275/1598 DefineShape3 (chid: 547)
Exported shape 276/1598 DefineShape4 (chid: 549)
Exported shape 277/1598 DefineShape4 (chid: 551)
Exported shape 278/1598 DefineShape3 (chid: 553)
Exported shape 279/1598 DefineShape3 (chid: 554)
Exported shape 280/1598 DefineShape3 (chid: 556)
Exported shape 281/1598 DefineShape3 (chid: 557)
Exported shape 282/1598 DefineShape3 (chid: 559)
Exported shape 283/1598 DefineShape3 (chid: 560)
Exported shape 284/1598 DefineShape3 (chid: 562)
Exported shape 285/1598 DefineShape3 (chid: 563)
Exported shape 286/1598 DefineShape3 (chid: 564)
Exported shape 287/1598 DefineShape (chid: 568)
Exported shape 288/1598 DefineShape (chid: 569)
Exported shape 289/1598 DefineShape (chid: 570)
Exported shape 290/1598 DefineShape (chid: 571)
Exported shape 291/1598 DefineShape (chid: 572)
Exported shape 292/1598 DefineShape3 (chid: 574)
Exported shape 293/1598 DefineShape3 (chid: 575)
Exported shape 294/1598 DefineShape3 (chid: 576)
Exported shape 295/1598 DefineShape3 (chid: 577)
Exported shape 296/1598 DefineShape3 (chid: 579)
Exported shape 297/1598 DefineShape3 (chid: 580)
Exported shape 298/1598 DefineShape3 (chid: 581)
Exported shape 299/1598 DefineShape3 (chid: 582)
Exported shape 300/1598 DefineShape3 (chid: 583)
Exported shape 301/1598 DefineShape3 (chid: 584)
Exported shape 302/1598 DefineShape3 (chid: 585)
Exported shape 303/1598 DefineShape (chid: 587)
Exported shape 304/1598 DefineShape (chid: 588)
Exported shape 305/1598 DefineShape (chid: 589)
Exported shape 306/1598 DefineShape (chid: 590)
Exported shape 307/1598 DefineShape (chid: 591)
Exported shape 308/1598 DefineShape (chid: 592)
Exported shape 309/1598 DefineShape (chid: 593)
Exported shape 310/1598 DefineShape (chid: 595)
Exported shape 311/1598 DefineShape (chid: 597)
Exported shape 312/1598 DefineShape (chid: 598)
Exported shape 313/1598 DefineShape (chid: 599)
Exported shape 314/1598 DefineShape (chid: 600)
Exported shape 315/1598 DefineShape (chid: 601)
Exported shape 316/1598 DefineShape3 (chid: 603)
Exported shape 317/1598 DefineShape3 (chid: 604)
Exported shape 318/1598 DefineShape (chid: 606)
Exported shape 319/1598 DefineShape4 (chid: 608)
Exported shape 320/1598 DefineShape (chid: 610)
Exported shape 321/1598 DefineShape (chid: 612)
Exported shape 322/1598 DefineShape3 (chid: 614)
Exported shape 323/1598 DefineShape3 (chid: 615)
Exported shape 324/1598 DefineShape3 (chid: 616)
Exported shape 325/1598 DefineShape3 (chid: 617)
Exported shape 326/1598 DefineShape3 (chid: 618)
Exported shape 327/1598 DefineShape3 (chid: 619)
Exported shape 328/1598 DefineShape (chid: 620)
Exported shape 329/1598 DefineShape (chid: 622)
Exported shape 330/1598 DefineShape (chid: 623)
Exported shape 331/1598 DefineShape (chid: 624)
Exported shape 332/1598 DefineShape (chid: 625)
Exported shape 333/1598 DefineShape (chid: 626)
Exported shape 334/1598 DefineShape (chid: 627)
Exported shape 335/1598 DefineShape (chid: 628)
Exported shape 336/1598 DefineShape (chid: 629)
Exported shape 337/1598 DefineShape (chid: 630)
Exported shape 338/1598 DefineShape (chid: 631)
Exported shape 339/1598 DefineShape (chid: 632)
Exported shape 340/1598 DefineShape (chid: 633)
Exported shape 341/1598 DefineShape (chid: 634)
Exported shape 342/1598 DefineShape (chid: 635)
Exported shape 343/1598 DefineShape (chid: 636)
Exported shape 344/1598 DefineShape3 (chid: 639)
Exported shape 345/1598 DefineShape (chid: 641)
Exported shape 346/1598 DefineShape3 (chid: 643)
Exported shape 347/1598 DefineShape (chid: 646)
Exported shape 348/1598 DefineShape (chid: 648)
Exported shape 349/1598 DefineShape (chid: 650)
Exported shape 350/1598 DefineShape (chid: 652)
Exported shape 351/1598 DefineShape (chid: 654)
Exported shape 352/1598 DefineShape (chid: 656)
Exported shape 353/1598 DefineShape (chid: 658)
Exported shape 354/1598 DefineShape (chid: 660)
Exported shape 355/1598 DefineShape (chid: 662)
Exported shape 356/1598 DefineShape (chid: 664)
Exported shape 357/1598 DefineShape (chid: 666)
Exported shape 358/1598 DefineShape (chid: 668)
Exported shape 359/1598 DefineShape (chid: 670)
Exported shape 360/1598 DefineShape (chid: 672)
Exported shape 361/1598 DefineShape (chid: 674)
Exported shape 362/1598 DefineShape (chid: 676)
Exported shape 363/1598 DefineShape (chid: 678)
Exported shape 364/1598 DefineShape (chid: 680)
Exported shape 365/1598 DefineShape (chid: 682)
Exported shape 366/1598 DefineShape (chid: 683)
Exported shape 367/1598 DefineShape (chid: 684)
Exported shape 368/1598 DefineShape (chid: 685)
Exported shape 369/1598 DefineShape (chid: 686)
Exported shape 370/1598 DefineShape (chid: 687)
Exported shape 371/1598 DefineShape (chid: 688)
Exported shape 372/1598 DefineShape (chid: 689)
Exported shape 373/1598 DefineShape2 (chid: 690)
Exported shape 374/1598 DefineShape2 (chid: 691)
Exported shape 375/1598 DefineShape (chid: 692)
Exported shape 376/1598 DefineShape (chid: 693)
Exported shape 377/1598 DefineShape (chid: 694)
Exported shape 378/1598 DefineShape (chid: 695)
Exported shape 379/1598 DefineShape (chid: 696)
Exported shape 380/1598 DefineShape (chid: 697)
Exported shape 381/1598 DefineShape (chid: 698)
Exported shape 382/1598 DefineShape (chid: 699)
Exported shape 383/1598 DefineShape (chid: 700)
Exported shape 384/1598 DefineShape (chid: 701)
Exported shape 385/1598 DefineShape (chid: 702)
Exported shape 386/1598 DefineShape (chid: 703)
Exported shape 387/1598 DefineShape (chid: 706)
Exported shape 388/1598 DefineShape (chid: 707)
Exported shape 389/1598 DefineShape (chid: 708)
Exported shape 390/1598 DefineShape (chid: 710)
Exported shape 391/1598 DefineShape (chid: 711)
Exported shape 392/1598 DefineShape (chid: 713)
Exported shape 393/1598 DefineShape (chid: 715)
Exported shape 394/1598 DefineShape (chid: 717)
Exported shape 395/1598 DefineShape (chid: 720)
Exported shape 396/1598 DefineShape (chid: 722)
Exported shape 397/1598 DefineShape (chid: 724)
Exported shape 398/1598 DefineShape (chid: 727)
Exported shape 399/1598 DefineShape (chid: 729)
Exported shape 400/1598 DefineShape (chid: 731)
Exported shape 401/1598 DefineShape (chid: 733)
Exported shape 402/1598 DefineShape (chid: 735)
Exported shape 403/1598 DefineShape (chid: 737)
Exported shape 404/1598 DefineShape (chid: 739)
Exported shape 405/1598 DefineShape (chid: 741)
Exported shape 406/1598 DefineShape (chid: 743)
Exported shape 407/1598 DefineShape (chid: 745)
Exported shape 408/1598 DefineShape (chid: 747)
Exported shape 409/1598 DefineShape (chid: 749)
Exported shape 410/1598 DefineShape (chid: 751)
Exported shape 411/1598 DefineShape (chid: 753)
Exported shape 412/1598 DefineShape (chid: 755)
Exported shape 413/1598 DefineShape (chid: 757)
Exported shape 414/1598 DefineShape (chid: 759)
Exported shape 415/1598 DefineShape (chid: 761)
Exported shape 416/1598 DefineShape (chid: 763)
Exported shape 417/1598 DefineShape (chid: 765)
Exported shape 418/1598 DefineShape (chid: 767)
Exported shape 419/1598 DefineShape (chid: 769)
Exported shape 420/1598 DefineShape (chid: 771)
Exported shape 421/1598 DefineShape (chid: 773)
Exported shape 422/1598 DefineShape (chid: 775)
Exported shape 423/1598 DefineShape (chid: 777)
Exported shape 424/1598 DefineShape (chid: 779)
Exported shape 425/1598 DefineShape (chid: 782)
Exported shape 426/1598 DefineShape (chid: 785)
Exported shape 427/1598 DefineShape3 (chid: 788)
Exported shape 428/1598 DefineShape (chid: 789)
Exported shape 429/1598 DefineShape (chid: 790)
Exported shape 430/1598 DefineShape (chid: 791)
Exported shape 431/1598 DefineShape3 (chid: 793)
Exported shape 432/1598 DefineShape (chid: 794)
Exported shape 433/1598 DefineShape (chid: 795)
Exported shape 434/1598 DefineShape (chid: 796)
Exported shape 435/1598 DefineShape3 (chid: 797)
Exported shape 436/1598 DefineShape (chid: 798)
Exported shape 437/1598 DefineShape (chid: 799)
Exported shape 438/1598 DefineShape (chid: 800)
Exported shape 439/1598 DefineShape3 (chid: 801)
Exported shape 440/1598 DefineShape (chid: 802)
Exported shape 441/1598 DefineShape (chid: 803)
Exported shape 442/1598 DefineShape (chid: 804)
Exported shape 443/1598 DefineShape (chid: 805)
Exported shape 444/1598 DefineShape (chid: 806)
Exported shape 445/1598 DefineShape3 (chid: 807)
Exported shape 446/1598 DefineShape (chid: 808)
Exported shape 447/1598 DefineShape (chid: 809)
Exported shape 448/1598 DefineShape (chid: 810)
Exported shape 449/1598 DefineShape3 (chid: 811)
Exported shape 450/1598 DefineShape (chid: 812)
Exported shape 451/1598 DefineShape (chid: 813)
Exported shape 452/1598 DefineShape (chid: 814)
Exported shape 453/1598 DefineShape (chid: 815)
Exported shape 454/1598 DefineShape3 (chid: 816)
Exported shape 455/1598 DefineShape (chid: 817)
Exported shape 456/1598 DefineShape (chid: 818)
Exported shape 457/1598 DefineShape3 (chid: 819)
Exported shape 458/1598 DefineShape (chid: 820)
Exported shape 459/1598 DefineShape (chid: 821)
Exported shape 460/1598 DefineShape (chid: 822)
Exported shape 461/1598 DefineShape (chid: 823)
Exported shape 462/1598 DefineShape3 (chid: 824)
Exported shape 463/1598 DefineShape (chid: 825)
Exported shape 464/1598 DefineShape (chid: 826)
Exported shape 465/1598 DefineShape (chid: 827)
Exported shape 466/1598 DefineShape3 (chid: 828)
Exported shape 467/1598 DefineShape (chid: 829)
Exported shape 468/1598 DefineShape (chid: 830)
Exported shape 469/1598 DefineShape (chid: 831)
Exported shape 470/1598 DefineShape (chid: 832)
Exported shape 471/1598 DefineShape (chid: 833)
Exported shape 472/1598 DefineShape (chid: 834)
Exported shape 473/1598 DefineShape (chid: 835)
Exported shape 474/1598 DefineShape (chid: 836)
Exported shape 475/1598 DefineShape (chid: 837)
Exported shape 476/1598 DefineShape (chid: 838)
Exported shape 477/1598 DefineShape (chid: 839)
Exported shape 478/1598 DefineShape (chid: 840)
Exported shape 479/1598 DefineShape (chid: 841)
Exported shape 480/1598 DefineShape (chid: 844)
Exported shape 481/1598 DefineShape3 (chid: 845)
Exported shape 482/1598 DefineShape (chid: 846)
Exported shape 483/1598 DefineShape4 (chid: 847)
Exported shape 484/1598 DefineShape4 (chid: 848)
Exported shape 485/1598 DefineShape (chid: 849)
Exported shape 486/1598 DefineShape2 (chid: 850)
Exported shape 487/1598 DefineShape2 (chid: 851)
Exported shape 488/1598 DefineShape (chid: 852)
Exported shape 489/1598 DefineShape (chid: 853)
Exported shape 490/1598 DefineShape (chid: 854)
Exported shape 491/1598 DefineShape3 (chid: 855)
Exported shape 492/1598 DefineShape (chid: 856)
Exported shape 493/1598 DefineShape4 (chid: 857)
Exported shape 494/1598 DefineShape4 (chid: 858)
Exported shape 495/1598 DefineShape (chid: 859)
Exported shape 496/1598 DefineShape2 (chid: 860)
Exported shape 497/1598 DefineShape2 (chid: 862)
Exported shape 498/1598 DefineShape (chid: 863)
Exported shape 499/1598 DefineShape3 (chid: 864)
Exported shape 500/1598 DefineShape (chid: 865)
Exported shape 501/1598 DefineShape2 (chid: 866)
Exported shape 502/1598 DefineShape2 (chid: 867)
Exported shape 503/1598 DefineShape (chid: 868)
Exported shape 504/1598 DefineShape (chid: 869)
Exported shape 505/1598 DefineShape2 (chid: 870)
Exported shape 506/1598 DefineShape2 (chid: 871)
Exported shape 507/1598 DefineShape (chid: 872)
Exported shape 508/1598 DefineShape2 (chid: 873)
Exported shape 509/1598 DefineShape2 (chid: 874)
Exported shape 510/1598 DefineShape (chid: 875)
Exported shape 511/1598 DefineShape (chid: 876)
Exported shape 512/1598 DefineShape2 (chid: 877)
Exported shape 513/1598 DefineShape2 (chid: 878)
Exported shape 514/1598 DefineShape (chid: 879)
Exported shape 515/1598 DefineShape2 (chid: 880)
Exported shape 516/1598 DefineShape2 (chid: 881)
Exported shape 517/1598 DefineShape (chid: 882)
Exported shape 518/1598 DefineShape (chid: 883)
Exported shape 519/1598 DefineShape2 (chid: 884)
Exported shape 520/1598 DefineShape2 (chid: 885)
Exported shape 521/1598 DefineShape2 (chid: 886)
Exported shape 522/1598 DefineShape2 (chid: 887)
Exported shape 523/1598 DefineShape (chid: 888)
Exported shape 524/1598 DefineShape2 (chid: 889)
Exported shape 525/1598 DefineShape2 (chid: 890)
Exported shape 526/1598 DefineShape2 (chid: 891)
Exported shape 527/1598 DefineShape2 (chid: 892)
Exported shape 528/1598 DefineShape (chid: 893)
Exported shape 529/1598 DefineShape2 (chid: 894)
Exported shape 530/1598 DefineShape (chid: 895)
Exported shape 531/1598 DefineShape (chid: 896)
Exported shape 532/1598 DefineShape (chid: 897)
Exported shape 533/1598 DefineShape (chid: 898)
Exported shape 534/1598 DefineShape (chid: 899)
Exported shape 535/1598 DefineShape (chid: 900)
Exported shape 536/1598 DefineShape (chid: 901)
Exported shape 537/1598 DefineShape (chid: 902)
Exported shape 538/1598 DefineShape (chid: 903)
Exported shape 539/1598 DefineShape (chid: 904)
Exported shape 540/1598 DefineShape (chid: 905)
Exported shape 541/1598 DefineShape (chid: 906)
Exported shape 542/1598 DefineShape (chid: 907)
Exported shape 543/1598 DefineShape (chid: 908)
Exported shape 544/1598 DefineShape (chid: 909)
Exported shape 545/1598 DefineShape (chid: 910)
Exported shape 546/1598 DefineShape (chid: 911)
Exported shape 547/1598 DefineShape (chid: 912)
Exported shape 548/1598 DefineShape (chid: 913)
Exported shape 549/1598 DefineShape (chid: 914)
Exported shape 550/1598 DefineShape (chid: 915)
Exported shape 551/1598 DefineShape (chid: 916)
Exported shape 552/1598 DefineShape (chid: 917)
Exported shape 553/1598 DefineShape (chid: 918)
Exported shape 554/1598 DefineShape (chid: 920)
Exported shape 555/1598 DefineShape (chid: 921)
Exported shape 556/1598 DefineShape (chid: 922)
Exported shape 557/1598 DefineShape (chid: 923)
Exported shape 558/1598 DefineShape (chid: 924)
Exported shape 559/1598 DefineShape (chid: 925)
Exported shape 560/1598 DefineShape (chid: 926)
Exported shape 561/1598 DefineShape (chid: 927)
Exported shape 562/1598 DefineShape (chid: 928)
Exported shape 563/1598 DefineShape (chid: 929)
Exported shape 564/1598 DefineShape (chid: 930)
Exported shape 565/1598 DefineShape (chid: 931)
Exported shape 566/1598 DefineShape (chid: 932)
Exported shape 567/1598 DefineShape (chid: 933)
Exported shape 568/1598 DefineShape (chid: 934)
Exported shape 569/1598 DefineShape (chid: 935)
Exported shape 570/1598 DefineShape (chid: 936)
Exported shape 571/1598 DefineShape (chid: 937)
Exported shape 572/1598 DefineShape (chid: 938)
Exported shape 573/1598 DefineShape (chid: 939)
Exported shape 574/1598 DefineShape (chid: 940)
Exported shape 575/1598 DefineShape (chid: 941)
Exported shape 576/1598 DefineShape (chid: 942)
Exported shape 577/1598 DefineShape (chid: 943)
Exported shape 578/1598 DefineShape (chid: 944)
Exported shape 579/1598 DefineShape (chid: 945)
Exported shape 580/1598 DefineShape (chid: 946)
Exported shape 581/1598 DefineShape (chid: 947)
Exported shape 582/1598 DefineShape (chid: 948)
Exported shape 583/1598 DefineShape (chid: 949)
Exported shape 584/1598 DefineShape (chid: 950)
Exported shape 585/1598 DefineShape (chid: 951)
Exported shape 586/1598 DefineShape3 (chid: 952)
Exported shape 587/1598 DefineShape (chid: 955)
Exported shape 588/1598 DefineShape (chid: 956)
Exported shape 589/1598 DefineShape (chid: 957)
Exported shape 590/1598 DefineShape (chid: 958)
Exported shape 591/1598 DefineShape (chid: 959)
Exported shape 592/1598 DefineShape (chid: 960)
Exported shape 593/1598 DefineShape (chid: 961)
Exported shape 594/1598 DefineShape (chid: 962)
Exported shape 595/1598 DefineShape (chid: 963)
Exported shape 596/1598 DefineShape (chid: 964)
Exported shape 597/1598 DefineShape (chid: 965)
Exported shape 598/1598 DefineShape (chid: 966)
Exported shape 599/1598 DefineShape (chid: 967)
Exported shape 600/1598 DefineShape (chid: 968)
Exported shape 601/1598 DefineShape (chid: 969)
Exported shape 602/1598 DefineShape (chid: 970)
Exported shape 603/1598 DefineShape (chid: 971)
Exported shape 604/1598 DefineShape (chid: 972)
Exported shape 605/1598 DefineShape (chid: 975)
Exported shape 606/1598 DefineShape (chid: 976)
Exported shape 607/1598 DefineShape (chid: 977)
Exported shape 608/1598 DefineShape (chid: 978)
Exported shape 609/1598 DefineShape2 (chid: 979)
Exported shape 610/1598 DefineShape2 (chid: 980)
Exported shape 611/1598 DefineShape (chid: 981)
Exported shape 612/1598 DefineShape (chid: 982)
Exported shape 613/1598 DefineShape2 (chid: 983)
Exported shape 614/1598 DefineShape2 (chid: 984)
Exported shape 615/1598 DefineShape (chid: 985)
Exported shape 616/1598 DefineShape (chid: 986)
Exported shape 617/1598 DefineShape2 (chid: 987)
Exported shape 618/1598 DefineShape2 (chid: 988)
Exported shape 619/1598 DefineShape (chid: 989)
Exported shape 620/1598 DefineShape (chid: 990)
Exported shape 621/1598 DefineShape2 (chid: 991)
Exported shape 622/1598 DefineShape2 (chid: 992)
Exported shape 623/1598 DefineShape (chid: 993)
Exported shape 624/1598 DefineShape (chid: 994)
Exported shape 625/1598 DefineShape2 (chid: 995)
Exported shape 626/1598 DefineShape2 (chid: 996)
Exported shape 627/1598 DefineShape (chid: 997)
Exported shape 628/1598 DefineShape2 (chid: 998)
Exported shape 629/1598 DefineShape2 (chid: 999)
Exported shape 630/1598 DefineShape (chid: 1000)
Exported shape 631/1598 DefineShape (chid: 1001)
Exported shape 632/1598 DefineShape2 (chid: 1002)
Exported shape 633/1598 DefineShape2 (chid: 1003)
Exported shape 634/1598 DefineShape (chid: 1004)
Exported shape 635/1598 DefineShape2 (chid: 1005)
Exported shape 636/1598 DefineShape2 (chid: 1006)
Exported shape 637/1598 DefineShape (chid: 1007)
Exported shape 638/1598 DefineShape (chid: 1008)
Exported shape 639/1598 DefineShape (chid: 1009)
Exported shape 640/1598 DefineShape (chid: 1010)
Exported shape 641/1598 DefineShape (chid: 1011)
Exported shape 642/1598 DefineShape (chid: 1012)
Exported shape 643/1598 DefineShape (chid: 1013)
Exported shape 644/1598 DefineShape (chid: 1014)
Exported shape 645/1598 DefineShape (chid: 1015)
Exported shape 646/1598 DefineShape2 (chid: 1016)
Exported shape 647/1598 DefineShape (chid: 1018)
Exported shape 648/1598 DefineShape (chid: 1019)
Exported shape 649/1598 DefineShape (chid: 1020)
Exported shape 650/1598 DefineShape (chid: 1021)
Exported shape 651/1598 DefineShape (chid: 1022)
Exported shape 652/1598 DefineShape (chid: 1023)
Exported shape 653/1598 DefineShape (chid: 1024)
Exported shape 654/1598 DefineShape (chid: 1026)
Exported shape 655/1598 DefineShape (chid: 1029)
Exported shape 656/1598 DefineShape (chid: 1032)
Exported shape 657/1598 DefineShape (chid: 1034)
Exported shape 658/1598 DefineShape (chid: 1036)
Exported shape 659/1598 DefineShape (chid: 1039)
Exported shape 660/1598 DefineShape (chid: 1042)
Exported shape 661/1598 DefineShape (chid: 1044)
Exported shape 662/1598 DefineShape (chid: 1046)
Exported shape 663/1598 DefineShape (chid: 1048)
Exported shape 664/1598 DefineShape (chid: 1050)
Exported shape 665/1598 DefineShape (chid: 1053)
Exported shape 666/1598 DefineShape (chid: 1056)
Exported shape 667/1598 DefineShape (chid: 1062)
Exported shape 668/1598 DefineShape2 (chid: 1066)
Exported shape 669/1598 DefineShape (chid: 1067)
Exported shape 670/1598 DefineShape2 (chid: 1068)
Exported shape 671/1598 DefineShape (chid: 1069)
Exported shape 672/1598 DefineShape (chid: 1070)
Exported shape 673/1598 DefineShape (chid: 1071)
Exported shape 674/1598 DefineShape (chid: 1072)
Exported shape 675/1598 DefineShape (chid: 1073)
Exported shape 676/1598 DefineShape (chid: 1074)
Exported shape 677/1598 DefineShape (chid: 1075)
Exported shape 678/1598 DefineShape (chid: 1076)
Exported shape 679/1598 DefineShape (chid: 1077)
Exported shape 680/1598 DefineShape (chid: 1078)
Exported shape 681/1598 DefineShape (chid: 1079)
Exported shape 682/1598 DefineShape (chid: 1080)
Exported shape 683/1598 DefineShape (chid: 1086)
Exported shape 684/1598 DefineShape (chid: 1087)
Exported shape 685/1598 DefineShape (chid: 1088)
Exported shape 686/1598 DefineShape (chid: 1089)
Exported shape 687/1598 DefineShape (chid: 1090)
Exported shape 688/1598 DefineShape (chid: 1091)
Exported shape 689/1598 DefineShape (chid: 1092)
Exported shape 690/1598 DefineShape (chid: 1093)
Exported shape 691/1598 DefineShape (chid: 1094)
Exported shape 692/1598 DefineShape (chid: 1095)
Exported shape 693/1598 DefineShape (chid: 1096)
Exported shape 694/1598 DefineShape (chid: 1097)
Exported shape 695/1598 DefineShape (chid: 1098)
Exported shape 696/1598 DefineShape (chid: 1099)
Exported shape 697/1598 DefineShape (chid: 1100)
Exported shape 698/1598 DefineShape (chid: 1101)
Exported shape 699/1598 DefineShape (chid: 1102)
Exported shape 700/1598 DefineShape (chid: 1103)
Exported shape 701/1598 DefineShape (chid: 1104)
Exported shape 702/1598 DefineShape (chid: 1105)
Exported shape 703/1598 DefineShape (chid: 1106)
Exported shape 704/1598 DefineShape (chid: 1107)
Exported shape 705/1598 DefineShape (chid: 1108)
Exported shape 706/1598 DefineShape (chid: 1109)
Exported shape 707/1598 DefineShape (chid: 1111)
Exported shape 708/1598 DefineShape3 (chid: 1113)
Exported shape 709/1598 DefineShape (chid: 1115)
Exported shape 710/1598 DefineShape (chid: 1116)
Exported shape 711/1598 DefineShape (chid: 1118)
Exported shape 712/1598 DefineShape (chid: 1120)
Exported shape 713/1598 DefineShape3 (chid: 1122)
Exported shape 714/1598 DefineShape (chid: 1124)
Exported shape 715/1598 DefineShape (chid: 1125)
Exported shape 716/1598 DefineShape (chid: 1127)
Exported shape 717/1598 DefineShape (chid: 1129)
Exported shape 718/1598 DefineShape (chid: 1131)
Exported shape 719/1598 DefineShape (chid: 1133)
Exported shape 720/1598 DefineShape (chid: 1135)
Exported shape 721/1598 DefineShape (chid: 1137)
Exported shape 722/1598 DefineShape3 (chid: 1139)
Exported shape 723/1598 DefineShape (chid: 1141)
Exported shape 724/1598 DefineShape (chid: 1142)
Exported shape 725/1598 DefineShape (chid: 1144)
Exported shape 726/1598 DefineShape (chid: 1146)
Exported shape 727/1598 DefineShape (chid: 1147)
Exported shape 728/1598 DefineShape (chid: 1149)
Exported shape 729/1598 DefineShape (chid: 1150)
Exported shape 730/1598 DefineShape (chid: 1152)
Exported shape 731/1598 DefineShape (chid: 1154)
Exported shape 732/1598 DefineShape (chid: 1156)
Exported shape 733/1598 DefineShape3 (chid: 1159)
Exported shape 734/1598 DefineShape4 (chid: 1161)
Exported shape 735/1598 DefineShape4 (chid: 1162)
Exported shape 736/1598 DefineShape4 (chid: 1163)
Exported shape 737/1598 DefineShape3 (chid: 1164)
Exported shape 738/1598 DefineShape (chid: 1166)
Exported shape 739/1598 DefineShape3 (chid: 1167)
Exported shape 740/1598 DefineShape4 (chid: 1170)
Exported shape 741/1598 DefineShape (chid: 1172)
Exported shape 742/1598 DefineShape (chid: 1174)
Exported shape 743/1598 DefineShape3 (chid: 1176)
Exported shape 744/1598 DefineShape (chid: 1178)
Exported shape 745/1598 DefineShape (chid: 1180)
Exported shape 746/1598 DefineShape (chid: 1181)
Exported shape 747/1598 DefineShape (chid: 1182)
Exported shape 748/1598 DefineShape (chid: 1183)
Exported shape 749/1598 DefineShape (chid: 1184)
Exported shape 750/1598 DefineShape (chid: 1185)
Exported shape 751/1598 DefineShape (chid: 1186)
Exported shape 752/1598 DefineShape (chid: 1187)
Exported shape 753/1598 DefineShape (chid: 1189)
Exported shape 754/1598 DefineShape (chid: 1192)
Exported shape 755/1598 DefineShape (chid: 1193)
Exported shape 756/1598 DefineShape (chid: 1194)
Exported shape 757/1598 DefineShape (chid: 1196)
Exported shape 758/1598 DefineShape (chid: 1197)
Exported shape 759/1598 DefineShape (chid: 1199)
Exported shape 760/1598 DefineShape3 (chid: 1201)
Exported shape 761/1598 DefineShape (chid: 1203)
Exported shape 762/1598 DefineShape2 (chid: 1204)
Exported shape 763/1598 DefineShape (chid: 1205)
Exported shape 764/1598 DefineShape (chid: 1206)
Exported shape 765/1598 DefineShape (chid: 1208)
Exported shape 766/1598 DefineShape2 (chid: 1210)
Exported shape 767/1598 DefineShape (chid: 1211)
Exported shape 768/1598 DefineShape (chid: 1213)
Exported shape 769/1598 DefineShape2 (chid: 1215)
Exported shape 770/1598 DefineShape (chid: 1216)
Exported shape 771/1598 DefineShape (chid: 1218)
Exported shape 772/1598 DefineShape (chid: 1220)
Exported shape 773/1598 DefineShape3 (chid: 1222)
Exported shape 774/1598 DefineShape (chid: 1224)
Exported shape 775/1598 DefineShape2 (chid: 1225)
Exported shape 776/1598 DefineShape (chid: 1226)
Exported shape 777/1598 DefineShape (chid: 1228)
Exported shape 778/1598 DefineShape (chid: 1230)
Exported shape 779/1598 DefineShape (chid: 1231)
Exported shape 780/1598 DefineShape (chid: 1232)
Exported shape 781/1598 DefineShape (chid: 1234)
Exported shape 782/1598 DefineShape (chid: 1235)
Exported shape 783/1598 DefineShape (chid: 1237)
Exported shape 784/1598 DefineShape (chid: 1238)
Exported shape 785/1598 DefineShape (chid: 1239)
Exported shape 786/1598 DefineShape (chid: 1240)
Exported shape 787/1598 DefineShape (chid: 1241)
Exported shape 788/1598 DefineShape (chid: 1242)
Exported shape 789/1598 DefineShape (chid: 1243)
Exported shape 790/1598 DefineShape (chid: 1244)
Exported shape 791/1598 DefineShape (chid: 1245)
Exported shape 792/1598 DefineShape (chid: 1246)
Exported shape 793/1598 DefineShape (chid: 1247)
Exported shape 794/1598 DefineShape (chid: 1249)
Exported shape 795/1598 DefineShape4 (chid: 1252)
Exported shape 796/1598 DefineShape4 (chid: 1254)
Exported shape 797/1598 DefineShape4 (chid: 1256)
Exported shape 798/1598 DefineShape4 (chid: 1258)
Exported shape 799/1598 DefineShape (chid: 1262)
Exported shape 800/1598 DefineShape (chid: 1263)
Exported shape 801/1598 DefineShape (chid: 1265)
Exported shape 802/1598 DefineShape (chid: 1266)
Exported shape 803/1598 DefineShape (chid: 1267)
Exported shape 804/1598 DefineShape (chid: 1268)
Exported shape 805/1598 DefineShape (chid: 1269)
Exported shape 806/1598 DefineShape3 (chid: 1272)
Exported shape 807/1598 DefineShape (chid: 1273)
Exported shape 808/1598 DefineShape3 (chid: 1274)
Exported shape 809/1598 DefineShape3 (chid: 1275)
Exported shape 810/1598 DefineShape (chid: 1276)
Exported shape 811/1598 DefineShape (chid: 1277)
Exported shape 812/1598 DefineShape (chid: 1278)
Exported shape 813/1598 DefineShape (chid: 1279)
Exported shape 814/1598 DefineShape (chid: 1280)
Exported shape 815/1598 DefineShape (chid: 1281)
Exported shape 816/1598 DefineShape (chid: 1282)
Exported shape 817/1598 DefineShape (chid: 1283)
Exported shape 818/1598 DefineShape (chid: 1284)
Exported shape 819/1598 DefineShape2 (chid: 1285)
Exported shape 820/1598 DefineShape2 (chid: 1286)
Exported shape 821/1598 DefineShape2 (chid: 1287)
Exported shape 822/1598 DefineShape2 (chid: 1288)
Exported shape 823/1598 DefineShape3 (chid: 1289)
Exported shape 824/1598 DefineShape3 (chid: 1290)
Exported shape 825/1598 DefineShape3 (chid: 1291)
Exported shape 826/1598 DefineShape (chid: 1293)
Exported shape 827/1598 DefineShape (chid: 1294)
Exported shape 828/1598 DefineShape (chid: 1295)
Exported shape 829/1598 DefineShape3 (chid: 1296)
Exported shape 830/1598 DefineShape (chid: 1297)
Exported shape 831/1598 DefineShape2 (chid: 1299)
Exported shape 832/1598 DefineShape2 (chid: 1300)
Exported shape 833/1598 DefineShape (chid: 1301)
Exported shape 834/1598 DefineShape2 (chid: 1302)
Exported shape 835/1598 DefineShape3 (chid: 1303)
Exported shape 836/1598 DefineShape2 (chid: 1305)
Exported shape 837/1598 DefineShape3 (chid: 1306)
Exported shape 838/1598 DefineShape2 (chid: 1307)
Exported shape 839/1598 DefineShape2 (chid: 1308)
Exported shape 840/1598 DefineShape3 (chid: 1309)
Exported shape 841/1598 DefineShape (chid: 1310)
Exported shape 842/1598 DefineShape2 (chid: 1311)
Exported shape 843/1598 DefineShape2 (chid: 1312)
Exported shape 844/1598 DefineShape (chid: 1313)
Exported shape 845/1598 DefineShape2 (chid: 1314)
Exported shape 846/1598 DefineShape2 (chid: 1315)
Exported shape 847/1598 DefineShape2 (chid: 1316)
Exported shape 848/1598 DefineShape2 (chid: 1317)
Exported shape 849/1598 DefineShape (chid: 1318)
Exported shape 850/1598 DefineShape3 (chid: 1319)
Exported shape 851/1598 DefineShape (chid: 1320)
Exported shape 852/1598 DefineShape3 (chid: 1322)
Exported shape 853/1598 DefineShape3 (chid: 1323)
Exported shape 854/1598 DefineShape2 (chid: 1324)
Exported shape 855/1598 DefineShape (chid: 1325)
Exported shape 856/1598 DefineShape3 (chid: 1326)
Exported shape 857/1598 DefineShape3 (chid: 1327)
Exported shape 858/1598 DefineShape2 (chid: 1328)
Exported shape 859/1598 DefineShape (chid: 1329)
Exported shape 860/1598 DefineShape3 (chid: 1330)
Exported shape 861/1598 DefineShape3 (chid: 1331)
Exported shape 862/1598 DefineShape2 (chid: 1332)
Exported shape 863/1598 DefineShape3 (chid: 1333)
Exported shape 864/1598 DefineShape3 (chid: 1334)
Exported shape 865/1598 DefineShape3 (chid: 1335)
Exported shape 866/1598 DefineShape2 (chid: 1336)
Exported shape 867/1598 DefineShape3 (chid: 1337)
Exported shape 868/1598 DefineShape3 (chid: 1338)
Exported shape 869/1598 DefineShape3 (chid: 1339)
Exported shape 870/1598 DefineShape2 (chid: 1340)
Exported shape 871/1598 DefineShape (chid: 1341)
Exported shape 872/1598 DefineShape3 (chid: 1342)
Exported shape 873/1598 DefineShape3 (chid: 1343)
Exported shape 874/1598 DefineShape2 (chid: 1344)
Exported shape 875/1598 DefineShape (chid: 1345)
Exported shape 876/1598 DefineShape2 (chid: 1346)
Exported shape 877/1598 DefineShape2 (chid: 1347)
Exported shape 878/1598 DefineShape2 (chid: 1348)
Exported shape 879/1598 DefineShape2 (chid: 1349)
Exported shape 880/1598 DefineShape2 (chid: 1350)
Exported shape 881/1598 DefineShape2 (chid: 1351)
Exported shape 882/1598 DefineShape2 (chid: 1352)
Exported shape 883/1598 DefineShape2 (chid: 1353)
Exported shape 884/1598 DefineShape2 (chid: 1354)
Exported shape 885/1598 DefineShape2 (chid: 1355)
Exported shape 886/1598 DefineShape (chid: 1361)
Exported shape 887/1598 DefineShape2 (chid: 1362)
Exported shape 888/1598 DefineShape (chid: 1363)
Exported shape 889/1598 DefineShape (chid: 1364)
Exported shape 890/1598 DefineShape (chid: 1365)
Exported shape 891/1598 DefineShape (chid: 1366)
Exported shape 892/1598 DefineShape (chid: 1367)
Exported shape 893/1598 DefineShape (chid: 1368)
Exported shape 894/1598 DefineShape (chid: 1369)
Exported shape 895/1598 DefineShape (chid: 1370)
Exported shape 896/1598 DefineShape (chid: 1371)
Exported shape 897/1598 DefineShape (chid: 1372)
Exported shape 898/1598 DefineShape (chid: 1374)
Exported shape 899/1598 DefineShape (chid: 1377)
Exported shape 900/1598 DefineShape (chid: 1378)
Exported shape 901/1598 DefineShape (chid: 1380)
Exported shape 902/1598 DefineShape (chid: 1382)
Exported shape 903/1598 DefineShape (chid: 1383)
Exported shape 904/1598 DefineShape (chid: 1385)
Exported shape 905/1598 DefineShape (chid: 1387)
Exported shape 906/1598 DefineShape (chid: 1388)
Exported shape 907/1598 DefineShape (chid: 1389)
Exported shape 908/1598 DefineShape (chid: 1391)
Exported shape 909/1598 DefineShape (chid: 1393)
Exported shape 910/1598 DefineShape (chid: 1395)
Exported shape 911/1598 DefineShape (chid: 1397)
Exported shape 912/1598 DefineShape (chid: 1399)
Exported shape 913/1598 DefineShape (chid: 1401)
Exported shape 914/1598 DefineShape (chid: 1402)
Exported shape 915/1598 DefineShape (chid: 1404)
Exported shape 916/1598 DefineShape (chid: 1406)
Exported shape 917/1598 DefineShape (chid: 1408)
Exported shape 918/1598 DefineShape (chid: 1410)
Exported shape 919/1598 DefineShape (chid: 1412)
Exported shape 920/1598 DefineShape (chid: 1415)
Exported shape 921/1598 DefineShape (chid: 1417)
Exported shape 922/1598 DefineShape (chid: 1422)
Exported shape 923/1598 DefineShape (chid: 1423)
Exported shape 924/1598 DefineShape (chid: 1424)
Exported shape 925/1598 DefineShape (chid: 1425)
Exported shape 926/1598 DefineShape (chid: 1426)
Exported shape 927/1598 DefineShape (chid: 1427)
Exported shape 928/1598 DefineShape (chid: 1428)
Exported shape 929/1598 DefineShape (chid: 1429)
Exported shape 930/1598 DefineShape (chid: 1430)
Exported shape 931/1598 DefineShape (chid: 1431)
Exported shape 932/1598 DefineShape (chid: 1432)
Exported shape 933/1598 DefineShape (chid: 1433)
Exported shape 934/1598 DefineShape (chid: 1434)
Exported shape 935/1598 DefineShape (chid: 1435)
Exported shape 936/1598 DefineShape (chid: 1436)
Exported shape 937/1598 DefineShape (chid: 1437)
Exported shape 938/1598 DefineShape (chid: 1438)
Exported shape 939/1598 DefineShape (chid: 1439)
Exported shape 940/1598 DefineShape (chid: 1440)
Exported shape 941/1598 DefineShape (chid: 1441)
Exported shape 942/1598 DefineShape (chid: 1442)
Exported shape 943/1598 DefineShape (chid: 1443)
Exported shape 944/1598 DefineShape (chid: 1444)
Exported shape 945/1598 DefineShape (chid: 1445)
Exported shape 946/1598 DefineShape (chid: 1446)
Exported shape 947/1598 DefineShape (chid: 1447)
Exported shape 948/1598 DefineShape (chid: 1448)
Exported shape 949/1598 DefineShape (chid: 1449)
Exported shape 950/1598 DefineShape (chid: 1450)
Exported shape 951/1598 DefineShape (chid: 1451)
Exported shape 952/1598 DefineShape (chid: 1452)
Exported shape 953/1598 DefineShape (chid: 1453)
Exported shape 954/1598 DefineShape (chid: 1454)
Exported shape 955/1598 DefineShape (chid: 1455)
Exported shape 956/1598 DefineShape (chid: 1456)
Exported shape 957/1598 DefineShape (chid: 1457)
Exported shape 958/1598 DefineShape (chid: 1458)
Exported shape 959/1598 DefineShape (chid: 1459)
Exported shape 960/1598 DefineShape (chid: 1460)
Exported shape 961/1598 DefineShape (chid: 1461)
Exported shape 962/1598 DefineShape (chid: 1462)
Exported shape 963/1598 DefineShape (chid: 1463)
Exported shape 964/1598 DefineShape (chid: 1464)
Exported shape 965/1598 DefineShape (chid: 1465)
Exported shape 966/1598 DefineShape (chid: 1466)
Exported shape 967/1598 DefineShape (chid: 1467)
Exported shape 968/1598 DefineShape (chid: 1468)
Exported shape 969/1598 DefineShape (chid: 1470)
Exported shape 970/1598 DefineShape (chid: 1471)
Exported shape 971/1598 DefineShape (chid: 1473)
Exported shape 972/1598 DefineShape (chid: 1475)
Exported shape 973/1598 DefineShape (chid: 1476)
Exported shape 974/1598 DefineShape (chid: 1478)
Exported shape 975/1598 DefineShape (chid: 1479)
Exported shape 976/1598 DefineShape (chid: 1481)
Exported shape 977/1598 DefineShape (chid: 1482)
Exported shape 978/1598 DefineShape (chid: 1483)
Exported shape 979/1598 DefineShape (chid: 1485)
Exported shape 980/1598 DefineShape (chid: 1486)
Exported shape 981/1598 DefineShape (chid: 1488)
Exported shape 982/1598 DefineShape (chid: 1489)
Exported shape 983/1598 DefineShape (chid: 1491)
Exported shape 984/1598 DefineShape (chid: 1493)
Exported shape 985/1598 DefineShape (chid: 1494)
Exported shape 986/1598 DefineShape (chid: 1496)
Exported shape 987/1598 DefineShape (chid: 1498)
Exported shape 988/1598 DefineShape (chid: 1499)
Exported shape 989/1598 DefineShape (chid: 1501)
Exported shape 990/1598 DefineShape (chid: 1503)
Exported shape 991/1598 DefineShape (chid: 1505)
Exported shape 992/1598 DefineShape (chid: 1507)
Exported shape 993/1598 DefineShape (chid: 1509)
Exported shape 994/1598 DefineShape (chid: 1511)
Exported shape 995/1598 DefineShape (chid: 1513)
Exported shape 996/1598 DefineShape3 (chid: 1514)
Exported shape 997/1598 DefineShape (chid: 1515)
Exported shape 998/1598 DefineShape3 (chid: 1516)
Exported shape 999/1598 DefineShape (chid: 1517)
Exported shape 1000/1598 DefineShape3 (chid: 1518)
Exported shape 1001/1598 DefineShape (chid: 1519)
Exported shape 1002/1598 DefineShape (chid: 1520)
Exported shape 1003/1598 DefineShape (chid: 1521)
Exported shape 1004/1598 DefineShape (chid: 1522)
Exported shape 1005/1598 DefineShape (chid: 1523)
Exported shape 1006/1598 DefineShape (chid: 1524)
Exported shape 1007/1598 DefineShape (chid: 1525)
Exported shape 1008/1598 DefineShape (chid: 1526)
Exported shape 1009/1598 DefineShape (chid: 1527)
Exported shape 1010/1598 DefineShape (chid: 1528)
Exported shape 1011/1598 DefineShape (chid: 1529)
Exported shape 1012/1598 DefineShape3 (chid: 1530)
Exported shape 1013/1598 DefineShape3 (chid: 1531)
Exported shape 1014/1598 DefineShape3 (chid: 1532)
Exported shape 1015/1598 DefineShape3 (chid: 1535)
Exported shape 1016/1598 DefineShape3 (chid: 1537)
Exported shape 1017/1598 DefineShape3 (chid: 1538)
Exported shape 1018/1598 DefineShape3 (chid: 1539)
Exported shape 1019/1598 DefineShape3 (chid: 1542)
Exported shape 1020/1598 DefineShape3 (chid: 1543)
Exported shape 1021/1598 DefineShape3 (chid: 1545)
Exported shape 1022/1598 DefineShape3 (chid: 1547)
Exported shape 1023/1598 DefineShape (chid: 1549)
Exported shape 1024/1598 DefineShape (chid: 1550)
Exported shape 1025/1598 DefineShape (chid: 1551)
Exported shape 1026/1598 DefineShape (chid: 1552)
Exported shape 1027/1598 DefineShape (chid: 1553)
Exported shape 1028/1598 DefineShape (chid: 1554)
Exported shape 1029/1598 DefineShape (chid: 1555)
Exported shape 1030/1598 DefineShape (chid: 1556)
Exported shape 1031/1598 DefineShape (chid: 1557)
Exported shape 1032/1598 DefineShape (chid: 1558)
Exported shape 1033/1598 DefineShape (chid: 1559)
Exported shape 1034/1598 DefineShape (chid: 1560)
Exported shape 1035/1598 DefineShape (chid: 1561)
Exported shape 1036/1598 DefineShape (chid: 1562)
Exported shape 1037/1598 DefineShape (chid: 1563)
Exported shape 1038/1598 DefineShape (chid: 1564)
Exported shape 1039/1598 DefineShape (chid: 1565)
Exported shape 1040/1598 DefineShape (chid: 1566)
Exported shape 1041/1598 DefineShape (chid: 1567)
Exported shape 1042/1598 DefineShape (chid: 1568)
Exported shape 1043/1598 DefineShape (chid: 1569)
Exported shape 1044/1598 DefineShape (chid: 1570)
Exported shape 1045/1598 DefineShape (chid: 1571)
Exported shape 1046/1598 DefineShape (chid: 1572)
Exported shape 1047/1598 DefineShape4 (chid: 1573)
Exported shape 1048/1598 DefineShape4 (chid: 1576)
Exported shape 1049/1598 DefineShape4 (chid: 1580)
Exported shape 1050/1598 DefineShape4 (chid: 1584)
Exported shape 1051/1598 DefineShape3 (chid: 1588)
Exported shape 1052/1598 DefineShape (chid: 1592)
Exported shape 1053/1598 DefineShape (chid: 1593)
Exported shape 1054/1598 DefineShape (chid: 1594)
Exported shape 1055/1598 DefineShape (chid: 1595)
Exported shape 1056/1598 DefineShape (chid: 1596)
Exported shape 1057/1598 DefineShape (chid: 1597)
Exported shape 1058/1598 DefineShape (chid: 1598)
Exported shape 1059/1598 DefineShape (chid: 1599)
Exported shape 1060/1598 DefineShape (chid: 1600)
Exported shape 1061/1598 DefineShape (chid: 1601)
Exported shape 1062/1598 DefineShape (chid: 1602)
Exported shape 1063/1598 DefineShape (chid: 1605)
Exported shape 1064/1598 DefineShape (chid: 1607)
Exported shape 1065/1598 DefineShape (chid: 1610)
Exported shape 1066/1598 DefineShape (chid: 1613)
Exported shape 1067/1598 DefineShape (chid: 1614)
Exported shape 1068/1598 DefineShape (chid: 1616)
Exported shape 1069/1598 DefineShape (chid: 1618)
Exported shape 1070/1598 DefineShape (chid: 1620)
Exported shape 1071/1598 DefineShape3 (chid: 1624)
Exported shape 1072/1598 DefineShape3 (chid: 1626)
Exported shape 1073/1598 DefineShape2 (chid: 1630)
Exported shape 1074/1598 DefineShape (chid: 1631)
Exported shape 1075/1598 DefineShape (chid: 1632)
Exported shape 1076/1598 DefineShape (chid: 1633)
Exported shape 1077/1598 DefineShape (chid: 1634)
Exported shape 1078/1598 DefineShape (chid: 1635)
Exported shape 1079/1598 DefineShape2 (chid: 1636)
Exported shape 1080/1598 DefineShape (chid: 1637)
Exported shape 1081/1598 DefineShape2 (chid: 1638)
Exported shape 1082/1598 DefineShape (chid: 1639)
Exported shape 1083/1598 DefineShape (chid: 1640)
Exported shape 1084/1598 DefineShape (chid: 1641)
Exported shape 1085/1598 DefineShape (chid: 1642)
Exported shape 1086/1598 DefineShape (chid: 1643)
Exported shape 1087/1598 DefineShape (chid: 1644)
Exported shape 1088/1598 DefineShape (chid: 1645)
Exported shape 1089/1598 DefineShape (chid: 1646)
Exported shape 1090/1598 DefineShape (chid: 1650)
Exported shape 1091/1598 DefineShape3 (chid: 1653)
Exported shape 1092/1598 DefineShape3 (chid: 1654)
Exported shape 1093/1598 DefineShape4 (chid: 1655)
Exported shape 1094/1598 DefineShape (chid: 1658)
Exported shape 1095/1598 DefineShape3 (chid: 1660)
Exported shape 1096/1598 DefineShape (chid: 1661)
Exported shape 1097/1598 DefineShape (chid: 1665)
Exported shape 1098/1598 DefineShape3 (chid: 1667)
Exported shape 1099/1598 DefineShape (chid: 1668)
Exported shape 1100/1598 DefineShape (chid: 1671)
Exported shape 1101/1598 DefineShape (chid: 1673)
Exported shape 1102/1598 DefineShape3 (chid: 1675)
Exported shape 1103/1598 DefineShape (chid: 1676)
Exported shape 1104/1598 DefineShape (chid: 1678)
Exported shape 1105/1598 DefineShape (chid: 1681)
Exported shape 1106/1598 DefineShape (chid: 1684)
Exported shape 1107/1598 DefineShape (chid: 1687)
Exported shape 1108/1598 DefineShape (chid: 1690)
Exported shape 1109/1598 DefineShape (chid: 1692)
Exported shape 1110/1598 DefineShape (chid: 1694)
Exported shape 1111/1598 DefineShape (chid: 1697)
Exported shape 1112/1598 DefineShape (chid: 1699)
Exported shape 1113/1598 DefineShape (chid: 1702)
Exported shape 1114/1598 DefineShape (chid: 1705)
Exported shape 1115/1598 DefineShape (chid: 1711)
Exported shape 1116/1598 DefineShape3 (chid: 1712)
Exported shape 1117/1598 DefineShape2 (chid: 1713)
Exported shape 1118/1598 DefineShape3 (chid: 1714)
Exported shape 1119/1598 DefineShape2 (chid: 1715)
Exported shape 1120/1598 DefineShape (chid: 1716)
Exported shape 1121/1598 DefineShape3 (chid: 1717)
Exported shape 1122/1598 DefineShape2 (chid: 1718)
Exported shape 1123/1598 DefineShape (chid: 1719)
Exported shape 1124/1598 DefineShape (chid: 1720)
Exported shape 1125/1598 DefineShape (chid: 1721)
Exported shape 1126/1598 DefineShape (chid: 1722)
Exported shape 1127/1598 DefineShape (chid: 1723)
Exported shape 1128/1598 DefineShape2 (chid: 1724)
Exported shape 1129/1598 DefineShape (chid: 1725)
Exported shape 1130/1598 DefineShape (chid: 1726)
Exported shape 1131/1598 DefineShape2 (chid: 1727)
Exported shape 1132/1598 DefineShape (chid: 1728)
Exported shape 1133/1598 DefineShape (chid: 1729)
Exported shape 1134/1598 DefineShape (chid: 1730)
Exported shape 1135/1598 DefineShape2 (chid: 1731)
Exported shape 1136/1598 DefineShape (chid: 1732)
Exported shape 1137/1598 DefineShape2 (chid: 1733)
Exported shape 1138/1598 DefineShape (chid: 1734)
Exported shape 1139/1598 DefineShape2 (chid: 1735)
Exported shape 1140/1598 DefineShape (chid: 1736)
Exported shape 1141/1598 DefineShape (chid: 1737)
Exported shape 1142/1598 DefineShape2 (chid: 1738)
Exported shape 1143/1598 DefineShape (chid: 1739)
Exported shape 1144/1598 DefineShape (chid: 1740)
Exported shape 1145/1598 DefineShape (chid: 1741)
Exported shape 1146/1598 DefineShape (chid: 1742)
Exported shape 1147/1598 DefineShape (chid: 1743)
Exported shape 1148/1598 DefineShape (chid: 1744)
Exported shape 1149/1598 DefineShape (chid: 1745)
Exported shape 1150/1598 DefineShape (chid: 1746)
Exported shape 1151/1598 DefineShape (chid: 1747)
Exported shape 1152/1598 DefineShape (chid: 1748)
Exported shape 1153/1598 DefineShape (chid: 1749)
Exported shape 1154/1598 DefineShape (chid: 1750)
Exported shape 1155/1598 DefineShape (chid: 1751)
Exported shape 1156/1598 DefineShape (chid: 1752)
Exported shape 1157/1598 DefineShape (chid: 1753)
Exported shape 1158/1598 DefineShape (chid: 1754)
Exported shape 1159/1598 DefineShape (chid: 1755)
Exported shape 1160/1598 DefineShape (chid: 1756)
Exported shape 1161/1598 DefineShape (chid: 1757)
Exported shape 1162/1598 DefineShape4 (chid: 1758)
Exported shape 1163/1598 DefineShape2 (chid: 1760)
Exported shape 1164/1598 DefineShape (chid: 1761)
Exported shape 1165/1598 DefineShape (chid: 1762)
Exported shape 1166/1598 DefineShape4 (chid: 1763)
Exported shape 1167/1598 DefineShape4 (chid: 1764)
Exported shape 1168/1598 DefineShape (chid: 1766)
Exported shape 1169/1598 DefineShape (chid: 1768)
Exported shape 1170/1598 DefineShape4 (chid: 1773)
Exported shape 1171/1598 DefineShape (chid: 1778)
Exported shape 1172/1598 DefineShape (chid: 1780)
Exported shape 1173/1598 DefineShape (chid: 1783)
Exported shape 1174/1598 DefineShape4 (chid: 1785)
Exported shape 1175/1598 DefineShape4 (chid: 1786)
Exported shape 1176/1598 DefineShape (chid: 1788)
Exported shape 1177/1598 DefineShape4 (chid: 1793)
Exported shape 1178/1598 DefineShape4 (chid: 1794)
Exported shape 1179/1598 DefineShape4 (chid: 1797)
Exported shape 1180/1598 DefineShape4 (chid: 1798)
Exported shape 1181/1598 DefineShape4 (chid: 1801)
Exported shape 1182/1598 DefineShape4 (chid: 1802)
Exported shape 1183/1598 DefineShape (chid: 1803)
Exported shape 1184/1598 DefineShape4 (chid: 1806)
Exported shape 1185/1598 DefineShape4 (chid: 1807)
Exported shape 1186/1598 DefineShape4 (chid: 1809)
Exported shape 1187/1598 DefineShape4 (chid: 1810)
Exported shape 1188/1598 DefineShape4 (chid: 1811)
Exported shape 1189/1598 DefineShape4 (chid: 1812)
Exported shape 1190/1598 DefineShape4 (chid: 1813)
Exported shape 1191/1598 DefineShape4 (chid: 1814)
Exported shape 1192/1598 DefineShape (chid: 1816)
Exported shape 1193/1598 DefineShape (chid: 1818)
Exported shape 1194/1598 DefineShape (chid: 1820)
Exported shape 1195/1598 DefineShape (chid: 1822)
Exported shape 1196/1598 DefineShape (chid: 1824)
Exported shape 1197/1598 DefineShape (chid: 1826)
Exported shape 1198/1598 DefineShape3 (chid: 1829)
Exported shape 1199/1598 DefineShape (chid: 1831)
Exported shape 1200/1598 DefineShape (chid: 1832)
Exported shape 1201/1598 DefineShape (chid: 1833)
Exported shape 1202/1598 DefineShape (chid: 1834)
Exported shape 1203/1598 DefineShape2 (chid: 1836)
Exported shape 1204/1598 DefineShape (chid: 1837)
Exported shape 1205/1598 DefineShape2 (chid: 1839)
Exported shape 1206/1598 DefineShape (chid: 1846)
Exported shape 1207/1598 DefineShape (chid: 1847)
Exported shape 1208/1598 DefineShape (chid: 1848)
Exported shape 1209/1598 DefineShape (chid: 1849)
Exported shape 1210/1598 DefineShape2 (chid: 1850)
Exported shape 1211/1598 DefineShape2 (chid: 1851)
Exported shape 1212/1598 DefineShape (chid: 1852)
Exported shape 1213/1598 DefineShape2 (chid: 1853)
Exported shape 1214/1598 DefineShape2 (chid: 1854)
Exported shape 1215/1598 DefineShape (chid: 1855)
Exported shape 1216/1598 DefineShape (chid: 1856)
Exported shape 1217/1598 DefineShape (chid: 1857)
Exported shape 1218/1598 DefineShape2 (chid: 1858)
Exported shape 1219/1598 DefineShape (chid: 1859)
Exported shape 1220/1598 DefineShape2 (chid: 1860)
Exported shape 1221/1598 DefineShape (chid: 1861)
Exported shape 1222/1598 DefineShape2 (chid: 1862)
Exported shape 1223/1598 DefineShape (chid: 1863)
Exported shape 1224/1598 DefineShape2 (chid: 1864)
Exported shape 1225/1598 DefineShape (chid: 1865)
Exported shape 1226/1598 DefineShape2 (chid: 1866)
Exported shape 1227/1598 DefineShape (chid: 1867)
Exported shape 1228/1598 DefineShape2 (chid: 1868)
Exported shape 1229/1598 DefineShape (chid: 1869)
Exported shape 1230/1598 DefineShape2 (chid: 1870)
Exported shape 1231/1598 DefineShape (chid: 1871)
Exported shape 1232/1598 DefineShape2 (chid: 1872)
Exported shape 1233/1598 DefineShape (chid: 1873)
Exported shape 1234/1598 DefineShape2 (chid: 1874)
Exported shape 1235/1598 DefineShape (chid: 1875)
Exported shape 1236/1598 DefineShape (chid: 1876)
Exported shape 1237/1598 DefineShape (chid: 1877)
Exported shape 1238/1598 DefineShape (chid: 1878)
Exported shape 1239/1598 DefineShape (chid: 1879)
Exported shape 1240/1598 DefineShape (chid: 1880)
Exported shape 1241/1598 DefineShape (chid: 1881)
Exported shape 1242/1598 DefineShape (chid: 1882)
Exported shape 1243/1598 DefineShape (chid: 1883)
Exported shape 1244/1598 DefineShape (chid: 1884)
Exported shape 1245/1598 DefineShape (chid: 1885)
Exported shape 1246/1598 DefineShape (chid: 1886)
Exported shape 1247/1598 DefineShape (chid: 1887)
Exported shape 1248/1598 DefineShape (chid: 1888)
Exported shape 1249/1598 DefineShape (chid: 1889)
Exported shape 1250/1598 DefineShape (chid: 1890)
Exported shape 1251/1598 DefineShape (chid: 1891)
Exported shape 1252/1598 DefineShape (chid: 1892)
Exported shape 1253/1598 DefineShape3 (chid: 1895)
Exported shape 1254/1598 DefineShape4 (chid: 1898)
Exported shape 1255/1598 DefineShape (chid: 1900)
Exported shape 1256/1598 DefineShape3 (chid: 1903)
Exported shape 1257/1598 DefineShape3 (chid: 1904)
Exported shape 1258/1598 DefineShape3 (chid: 1905)
Exported shape 1259/1598 DefineShape3 (chid: 1906)
Exported shape 1260/1598 DefineShape3 (chid: 1907)
Exported shape 1261/1598 DefineShape3 (chid: 1908)
Exported shape 1262/1598 DefineShape (chid: 1909)
Exported shape 1263/1598 DefineShape (chid: 1910)
Exported shape 1264/1598 DefineShape (chid: 1911)
Exported shape 1265/1598 DefineShape (chid: 1912)
Exported shape 1266/1598 DefineShape (chid: 1913)
Exported shape 1267/1598 DefineShape3 (chid: 1914)
Exported shape 1268/1598 DefineShape3 (chid: 1915)
Exported shape 1269/1598 DefineShape3 (chid: 1917)
Exported shape 1270/1598 DefineShape3 (chid: 1919)
Exported shape 1271/1598 DefineShape3 (chid: 1921)
Exported shape 1272/1598 DefineShape3 (chid: 1922)
Exported shape 1273/1598 DefineShape3 (chid: 1923)
Exported shape 1274/1598 DefineShape2 (chid: 1924)
Exported shape 1275/1598 DefineShape2 (chid: 1925)
Exported shape 1276/1598 DefineShape2 (chid: 1926)
Exported shape 1277/1598 DefineShape (chid: 1927)
Exported shape 1278/1598 DefineShape (chid: 1928)
Exported shape 1279/1598 DefineShape (chid: 1930)
Exported shape 1280/1598 DefineShape (chid: 1931)
Exported shape 1281/1598 DefineShape (chid: 1933)
Exported shape 1282/1598 DefineShape (chid: 1935)
Exported shape 1283/1598 DefineShape2 (chid: 1939)
Exported shape 1284/1598 DefineShape2 (chid: 1940)
Exported shape 1285/1598 DefineShape2 (chid: 1941)
Exported shape 1286/1598 DefineShape2 (chid: 1942)
Exported shape 1287/1598 DefineShape2 (chid: 1943)
Exported shape 1288/1598 DefineShape2 (chid: 1944)
Exported shape 1289/1598 DefineShape2 (chid: 1945)
Exported shape 1290/1598 DefineShape2 (chid: 1946)
Exported shape 1291/1598 DefineShape3 (chid: 1947)
Exported shape 1292/1598 DefineShape3 (chid: 1948)
Exported shape 1293/1598 DefineShape (chid: 1950)
Exported shape 1294/1598 DefineShape2 (chid: 1951)
Exported shape 1295/1598 DefineShape2 (chid: 1952)
Exported shape 1296/1598 DefineShape2 (chid: 1953)
Exported shape 1297/1598 DefineShape2 (chid: 1954)
Exported shape 1298/1598 DefineShape2 (chid: 1955)
Exported shape 1299/1598 DefineShape2 (chid: 1956)
Exported shape 1300/1598 DefineShape2 (chid: 1957)
Exported shape 1301/1598 DefineShape2 (chid: 1958)
Exported shape 1302/1598 DefineShape2 (chid: 1959)
Exported shape 1303/1598 DefineShape2 (chid: 1960)
Exported shape 1304/1598 DefineShape2 (chid: 1961)
Exported shape 1305/1598 DefineShape (chid: 1962)
Exported shape 1306/1598 DefineShape2 (chid: 1963)
Exported shape 1307/1598 DefineShape (chid: 1964)
Exported shape 1308/1598 DefineShape2 (chid: 1965)
Exported shape 1309/1598 DefineShape (chid: 1966)
Exported shape 1310/1598 DefineShape2 (chid: 1967)
Exported shape 1311/1598 DefineShape2 (chid: 1968)
Exported shape 1312/1598 DefineShape2 (chid: 1969)
Exported shape 1313/1598 DefineShape (chid: 1971)
Exported shape 1314/1598 DefineShape (chid: 1973)
Exported shape 1315/1598 DefineShape (chid: 1974)
Exported shape 1316/1598 DefineShape4 (chid: 1976)
Exported shape 1317/1598 DefineShape2 (chid: 1978)
Exported shape 1318/1598 DefineShape2 (chid: 1979)
Exported shape 1319/1598 DefineShape2 (chid: 1980)
Exported shape 1320/1598 DefineShape2 (chid: 1981)
Exported shape 1321/1598 DefineShape2 (chid: 1982)
Exported shape 1322/1598 DefineShape2 (chid: 1983)
Exported shape 1323/1598 DefineShape2 (chid: 1984)
Exported shape 1324/1598 DefineShape2 (chid: 1985)
Exported shape 1325/1598 DefineShape2 (chid: 1986)
Exported shape 1326/1598 DefineShape2 (chid: 1987)
Exported shape 1327/1598 DefineShape2 (chid: 1988)
Exported shape 1328/1598 DefineShape2 (chid: 1989)
Exported shape 1329/1598 DefineShape2 (chid: 1990)
Exported shape 1330/1598 DefineShape2 (chid: 1991)
Exported shape 1331/1598 DefineShape2 (chid: 1992)
Exported shape 1332/1598 DefineShape2 (chid: 1993)
Exported shape 1333/1598 DefineShape2 (chid: 1994)
Exported shape 1334/1598 DefineShape2 (chid: 1995)
Exported shape 1335/1598 DefineShape2 (chid: 1996)
Exported shape 1336/1598 DefineShape2 (chid: 1997)
Exported shape 1337/1598 DefineShape2 (chid: 1998)
Exported shape 1338/1598 DefineShape2 (chid: 1999)
Exported shape 1339/1598 DefineShape2 (chid: 2000)
Exported shape 1340/1598 DefineShape2 (chid: 2001)
Exported shape 1341/1598 DefineShape2 (chid: 2002)
Exported shape 1342/1598 DefineShape2 (chid: 2004)
Exported shape 1343/1598 DefineShape2 (chid: 2005)
Exported shape 1344/1598 DefineShape2 (chid: 2006)
Exported shape 1345/1598 DefineShape2 (chid: 2007)
Exported shape 1346/1598 DefineShape2 (chid: 2008)
Exported shape 1347/1598 DefineShape2 (chid: 2009)
Exported shape 1348/1598 DefineShape2 (chid: 2010)
Exported shape 1349/1598 DefineShape2 (chid: 2011)
Exported shape 1350/1598 DefineShape2 (chid: 2012)
Exported shape 1351/1598 DefineShape2 (chid: 2013)
Exported shape 1352/1598 DefineShape2 (chid: 2014)
Exported shape 1353/1598 DefineShape2 (chid: 2015)
Exported shape 1354/1598 DefineShape2 (chid: 2016)
Exported shape 1355/1598 DefineShape2 (chid: 2018)
Exported shape 1356/1598 DefineShape2 (chid: 2019)
Exported shape 1357/1598 DefineShape2 (chid: 2020)
Exported shape 1358/1598 DefineShape (chid: 2024)
Exported shape 1359/1598 DefineShape2 (chid: 2025)
Exported shape 1360/1598 DefineShape (chid: 2026)
Exported shape 1361/1598 DefineShape2 (chid: 2027)
Exported shape 1362/1598 DefineShape (chid: 2028)
Exported shape 1363/1598 DefineShape2 (chid: 2029)
Exported shape 1364/1598 DefineShape (chid: 2030)
Exported shape 1365/1598 DefineShape2 (chid: 2031)
Exported shape 1366/1598 DefineShape (chid: 2032)
Exported shape 1367/1598 DefineShape2 (chid: 2033)
Exported shape 1368/1598 DefineShape (chid: 2034)
Exported shape 1369/1598 DefineShape2 (chid: 2035)
Exported shape 1370/1598 DefineShape (chid: 2036)
Exported shape 1371/1598 DefineShape2 (chid: 2037)
Exported shape 1372/1598 DefineShape (chid: 2040)
Exported shape 1373/1598 DefineShape (chid: 2041)
Exported shape 1374/1598 DefineShape (chid: 2042)
Exported shape 1375/1598 DefineShape (chid: 2043)
Exported shape 1376/1598 DefineShape (chid: 2044)
Exported shape 1377/1598 DefineShape (chid: 2045)
Exported shape 1378/1598 DefineShape (chid: 2046)
Exported shape 1379/1598 DefineShape (chid: 2047)
Exported shape 1380/1598 DefineShape (chid: 2048)
Exported shape 1381/1598 DefineShape (chid: 2049)
Exported shape 1382/1598 DefineShape (chid: 2050)
Exported shape 1383/1598 DefineShape (chid: 2051)
Exported shape 1384/1598 DefineShape (chid: 2052)
Exported shape 1385/1598 DefineShape4 (chid: 2053)
Exported shape 1386/1598 DefineShape4 (chid: 2054)
Exported shape 1387/1598 DefineShape4 (chid: 2061)
Exported shape 1388/1598 DefineShape (chid: 2066)
Exported shape 1389/1598 DefineShape (chid: 2070)
Exported shape 1390/1598 DefineShape4 (chid: 2072)
Exported shape 1391/1598 DefineShape4 (chid: 2073)
Exported shape 1392/1598 DefineShape4 (chid: 2079)
Exported shape 1393/1598 DefineShape4 (chid: 2080)
Exported shape 1394/1598 DefineShape4 (chid: 2083)
Exported shape 1395/1598 DefineShape4 (chid: 2084)
Exported shape 1396/1598 DefineShape4 (chid: 2087)
Exported shape 1397/1598 DefineShape4 (chid: 2088)
Exported shape 1398/1598 DefineShape4 (chid: 2091)
Exported shape 1399/1598 DefineShape4 (chid: 2092)
Exported shape 1400/1598 DefineShape4 (chid: 2094)
Exported shape 1401/1598 DefineShape4 (chid: 2095)
Exported shape 1402/1598 DefineShape4 (chid: 2096)
Exported shape 1403/1598 DefineShape4 (chid: 2097)
Exported shape 1404/1598 DefineShape4 (chid: 2098)
Exported shape 1405/1598 DefineShape4 (chid: 2099)
Exported shape 1406/1598 DefineShape2 (chid: 2107)
Exported shape 1407/1598 DefineShape3 (chid: 2110)
Exported shape 1408/1598 DefineShape (chid: 2112)
Exported shape 1409/1598 DefineShape (chid: 2113)
Exported shape 1410/1598 DefineShape (chid: 2115)
Exported shape 1411/1598 DefineShape (chid: 2116)
Exported shape 1412/1598 DefineShape (chid: 2119)
Exported shape 1413/1598 DefineShape2 (chid: 2120)
Exported shape 1414/1598 DefineShape2 (chid: 2123)
Exported shape 1415/1598 DefineShape (chid: 2125)
Exported shape 1416/1598 DefineShape (chid: 2128)
Exported shape 1417/1598 DefineShape4 (chid: 2136)
Exported shape 1418/1598 DefineShape4 (chid: 2138)
Exported shape 1419/1598 DefineShape4 (chid: 2140)
Exported shape 1420/1598 DefineShape (chid: 2144)
Exported shape 1421/1598 DefineShape (chid: 2148)
Exported shape 1422/1598 DefineShape (chid: 2151)
Exported shape 1423/1598 DefineShape (chid: 2153)
Exported shape 1424/1598 DefineShape (chid: 2155)
Exported shape 1425/1598 DefineShape (chid: 2158)
Exported shape 1426/1598 DefineShape (chid: 2161)
Exported shape 1427/1598 DefineShape (chid: 2163)
Exported shape 1428/1598 DefineShape (chid: 2165)
Exported shape 1429/1598 DefineShape (chid: 2167)
Exported shape 1430/1598 DefineShape (chid: 2169)
Exported shape 1431/1598 DefineShape (chid: 2172)
Exported shape 1432/1598 DefineShape (chid: 2175)
Exported shape 1433/1598 DefineShape (chid: 2181)
Exported shape 1434/1598 DefineShape (chid: 2182)
Exported shape 1435/1598 DefineShape (chid: 2183)
Exported shape 1436/1598 DefineShape (chid: 2184)
Exported shape 1437/1598 DefineShape (chid: 2186)
Exported shape 1438/1598 DefineShape2 (chid: 2189)
Exported shape 1439/1598 DefineShape3 (chid: 2191)
Exported shape 1440/1598 DefineShape3 (chid: 2193)
Exported shape 1441/1598 DefineShape3 (chid: 2198)
Exported shape 1442/1598 DefineShape (chid: 2202)
Exported shape 1443/1598 DefineShape2 (chid: 2205)
Exported shape 1444/1598 DefineShape4 (chid: 2212)
Exported shape 1445/1598 DefineShape4 (chid: 2213)
Exported shape 1446/1598 DefineShape (chid: 2214)
Exported shape 1447/1598 DefineShape4 (chid: 2224)
Exported shape 1448/1598 DefineShape4 (chid: 2225)
Exported shape 1449/1598 DefineShape (chid: 2226)
Exported shape 1450/1598 DefineShape (chid: 2230)
Exported shape 1451/1598 DefineShape (chid: 2232)
Exported shape 1452/1598 DefineShape2 (chid: 2234)
Exported shape 1453/1598 DefineShape (chid: 2236)
Exported shape 1454/1598 DefineShape (chid: 2240)
Exported shape 1455/1598 DefineShape (chid: 2243)
Exported shape 1456/1598 DefineShape2 (chid: 2246)
Exported shape 1457/1598 DefineShape (chid: 2249)
Exported shape 1458/1598 DefineShape2 (chid: 2252)
Exported shape 1459/1598 DefineShape (chid: 2255)
Exported shape 1460/1598 DefineShape (chid: 2258)
Exported shape 1461/1598 DefineShape (chid: 2262)
Exported shape 1462/1598 DefineShape (chid: 2265)
Exported shape 1463/1598 DefineShape (chid: 2267)
Exported shape 1464/1598 DefineShape3 (chid: 2270)
Exported shape 1465/1598 DefineShape2 (chid: 2273)
Exported shape 1466/1598 DefineShape2 (chid: 2279)
Exported shape 1467/1598 DefineShape2 (chid: 2282)
Exported shape 1468/1598 DefineShape2 (chid: 2283)
Exported shape 1469/1598 DefineShape2 (chid: 2284)
Exported shape 1470/1598 DefineShape (chid: 2286)
Exported shape 1471/1598 DefineShape (chid: 2287)
Exported shape 1472/1598 DefineShape (chid: 2289)
Exported shape 1473/1598 DefineShape (chid: 2290)
Exported shape 1474/1598 DefineShape (chid: 2291)
Exported shape 1475/1598 DefineShape (chid: 2292)
Exported shape 1476/1598 DefineShape (chid: 2293)
Exported shape 1477/1598 DefineShape (chid: 2294)
Exported shape 1478/1598 DefineShape (chid: 2295)
Exported shape 1479/1598 DefineShape (chid: 2296)
Exported shape 1480/1598 DefineShape (chid: 2297)
Exported shape 1481/1598 DefineShape (chid: 2298)
Exported shape 1482/1598 DefineShape (chid: 2299)
Exported shape 1483/1598 DefineShape2 (chid: 2300)
Exported shape 1484/1598 DefineShape2 (chid: 2301)
Exported shape 1485/1598 DefineShape (chid: 2302)
Exported shape 1486/1598 DefineShape (chid: 2303)
Exported shape 1487/1598 DefineShape (chid: 2304)
Exported shape 1488/1598 DefineShape2 (chid: 2305)
Exported shape 1489/1598 DefineShape2 (chid: 2306)
Exported shape 1490/1598 DefineShape2 (chid: 2307)
Exported shape 1491/1598 DefineShape4 (chid: 2308)
Exported shape 1492/1598 DefineShape (chid: 2309)
Exported shape 1493/1598 DefineShape4 (chid: 2313)
Exported shape 1494/1598 DefineShape3 (chid: 2316)
Exported shape 1495/1598 DefineShape (chid: 2317)
Exported shape 1496/1598 DefineShape (chid: 2318)
Exported shape 1497/1598 DefineShape (chid: 2319)
Exported shape 1498/1598 DefineShape (chid: 2320)
Exported shape 1499/1598 DefineShape (chid: 2321)
Exported shape 1500/1598 DefineShape (chid: 2322)
Exported shape 1501/1598 DefineShape (chid: 2323)
Exported shape 1502/1598 DefineShape (chid: 2324)
Exported shape 1503/1598 DefineShape (chid: 2325)
Exported shape 1504/1598 DefineShape (chid: 2326)
Exported shape 1505/1598 DefineShape3 (chid: 2327)
Exported shape 1506/1598 DefineShape3 (chid: 2328)
Exported shape 1507/1598 DefineShape3 (chid: 2329)
Exported shape 1508/1598 DefineShape (chid: 2330)
Exported shape 1509/1598 DefineShape (chid: 2332)
Exported shape 1510/1598 DefineShape (chid: 2336)
Exported shape 1511/1598 DefineShape (chid: 2338)
Exported shape 1512/1598 DefineShape (chid: 2340)
Exported shape 1513/1598 DefineShape (chid: 2341)
Exported shape 1514/1598 DefineShape4 (chid: 2342)
Exported shape 1515/1598 DefineShape (chid: 2344)
Exported shape 1516/1598 DefineShape (chid: 2345)
Exported shape 1517/1598 DefineShape (chid: 2346)
Exported shape 1518/1598 DefineShape (chid: 2347)
Exported shape 1519/1598 DefineShape4 (chid: 2350)
Exported shape 1520/1598 DefineShape4 (chid: 2352)
Exported shape 1521/1598 DefineShape4 (chid: 2353)
Exported shape 1522/1598 DefineShape4 (chid: 2354)
Exported shape 1523/1598 DefineShape (chid: 2355)
Exported shape 1524/1598 DefineShape4 (chid: 2356)
Exported shape 1525/1598 DefineShape (chid: 2357)
Exported shape 1526/1598 DefineShape4 (chid: 2358)
Exported shape 1527/1598 DefineShape (chid: 2359)
Exported shape 1528/1598 DefineShape4 (chid: 2360)
Exported shape 1529/1598 DefineShape (chid: 2361)
Exported shape 1530/1598 DefineShape4 (chid: 2362)
Exported shape 1531/1598 DefineShape (chid: 2363)
Exported shape 1532/1598 DefineShape4 (chid: 2364)
Exported shape 1533/1598 DefineShape (chid: 2365)
Exported shape 1534/1598 DefineShape4 (chid: 2366)
Exported shape 1535/1598 DefineShape (chid: 2367)
Exported shape 1536/1598 DefineShape4 (chid: 2368)
Exported shape 1537/1598 DefineShape (chid: 2369)
Exported shape 1538/1598 DefineShape4 (chid: 2370)
Exported shape 1539/1598 DefineShape (chid: 2371)
Exported shape 1540/1598 DefineShape4 (chid: 2372)
Exported shape 1541/1598 DefineShape (chid: 2373)
Exported shape 1542/1598 DefineShape4 (chid: 2374)
Exported shape 1543/1598 DefineShape (chid: 2375)
Exported shape 1544/1598 DefineShape4 (chid: 2376)
Exported shape 1545/1598 DefineShape (chid: 2377)
Exported shape 1546/1598 DefineShape4 (chid: 2378)
Exported shape 1547/1598 DefineShape (chid: 2379)
Exported shape 1548/1598 DefineShape3 (chid: 2380)
Exported shape 1549/1598 DefineShape4 (chid: 2381)
Exported shape 1550/1598 DefineShape3 (chid: 2384)
Exported shape 1551/1598 DefineShape (chid: 2386)
Exported shape 1552/1598 DefineShape (chid: 2388)
Exported shape 1553/1598 DefineShape (chid: 2390)
Exported shape 1554/1598 DefineShape (chid: 2392)
Exported shape 1555/1598 DefineShape (chid: 2394)
Exported shape 1556/1598 DefineShape3 (chid: 2395)
Exported shape 1557/1598 DefineShape3 (chid: 2396)
Exported shape 1558/1598 DefineShape3 (chid: 2397)
Exported shape 1559/1598 DefineShape4 (chid: 2398)
Exported shape 1560/1598 DefineShape (chid: 2400)
Exported shape 1561/1598 DefineShape3 (chid: 2401)
Exported shape 1562/1598 DefineShape (chid: 2403)
Exported shape 1563/1598 DefineShape (chid: 2404)
Exported shape 1564/1598 DefineShape (chid: 2405)
Exported shape 1565/1598 DefineShape (chid: 2406)
Exported shape 1566/1598 DefineShape (chid: 2407)
Exported shape 1567/1598 DefineShape4 (chid: 2410)
Exported shape 1568/1598 DefineShape4 (chid: 2412)
Exported shape 1569/1598 DefineShape (chid: 2420)
Exported shape 1570/1598 DefineShape (chid: 2422)
Exported shape 1571/1598 DefineShape (chid: 2423)
Exported shape 1572/1598 DefineShape (chid: 2424)
Exported shape 1573/1598 DefineShape2 (chid: 2425)
Exported shape 1574/1598 DefineShape (chid: 2435)
Exported shape 1575/1598 DefineShape (chid: 2437)
Exported shape 1576/1598 DefineShape3 (chid: 2440)
Exported shape 1577/1598 DefineShape (chid: 2447)
Exported shape 1578/1598 DefineShape (chid: 2450)
Exported shape 1579/1598 DefineShape (chid: 2452)
Exported shape 1580/1598 DefineShape3 (chid: 2455)
Exported shape 1581/1598 DefineShape (chid: 2457)
Exported shape 1582/1598 DefineShape (chid: 2460)
Exported shape 1583/1598 DefineShape (chid: 2462)
Exported shape 1584/1598 DefineShape3 (chid: 2476)
Exported shape 1585/1598 DefineShape (chid: 2478)
Exported shape 1586/1598 DefineShape (chid: 2481)
Exported shape 1587/1598 DefineShape (chid: 2489)
Exported shape 1588/1598 DefineShape (chid: 2498)
Exported shape 1589/1598 DefineShape4 (chid: 2502)
Exported shape 1590/1598 DefineShape3 (chid: 2505)
Exported shape 1591/1598 DefineShape (chid: 2507)
Exported shape 1592/1598 DefineShape3 (chid: 2511)
Exported shape 1593/1598 DefineShape (chid: 2516)
Exported shape 1594/1598 DefineShape4 (chid: 2519)
Exported shape 1595/1598 DefineShape (chid: 2521)
Exported shape 1596/1598 DefineShape (chid: 2532)
Exported shape 1597/1598 DefineShape2 (chid: 2538)
Exported shape 1598/1598 DefineShape2 (chid: 2542)
Exporting morphshapes...
Exported morphshape 1/38 DefineMorphShape2 (chid: 390)
Exported morphshape 2/38 DefineMorphShape (chid: 1158)
Exported morphshape 3/38 DefineMorphShape (chid: 1160)
Exported morphshape 4/38 DefineMorphShape (chid: 1165)
Exported morphshape 5/38 DefineMorphShape (chid: 1533)
Exported morphshape 6/38 DefineMorphShape (chid: 1534)
Exported morphshape 7/38 DefineMorphShape (chid: 1540)
Exported morphshape 8/38 DefineMorphShape (chid: 1541)
Exported morphshape 9/38 DefineMorphShape2 (chid: 1574)
Exported morphshape 10/38 DefineMorphShape2 (chid: 1575)
Exported morphshape 11/38 DefineMorphShape2 (chid: 1578)
Exported morphshape 12/38 DefineMorphShape2 (chid: 1579)
Exported morphshape 13/38 DefineMorphShape2 (chid: 1582)
Exported morphshape 14/38 DefineMorphShape2 (chid: 1583)
Exported morphshape 15/38 DefineMorphShape (chid: 1627)
Exported morphshape 16/38 DefineMorphShape (chid: 1628)
Exported morphshape 17/38 DefineMorphShape2 (chid: 1772)
Exported morphshape 18/38 DefineMorphShape2 (chid: 2060)
Exported morphshape 19/38 DefineMorphShape2 (chid: 2206)
Exported morphshape 20/38 DefineMorphShape2 (chid: 2207)
Exported morphshape 21/38 DefineMorphShape (chid: 2208)
Exported morphshape 22/38 DefineMorphShape2 (chid: 2209)
Exported morphshape 23/38 DefineMorphShape2 (chid: 2210)
Exported morphshape 24/38 DefineMorphShape (chid: 2211)
Exported morphshape 25/38 DefineMorphShape2 (chid: 2215)
Exported morphshape 26/38 DefineMorphShape2 (chid: 2216)
Exported morphshape 27/38 DefineMorphShape (chid: 2217)
Exported morphshape 28/38 DefineMorphShape2 (chid: 2218)
Exported morphshape 29/38 DefineMorphShape2 (chid: 2219)
Exported morphshape 30/38 DefineMorphShape (chid: 2220)
Exported morphshape 31/38 DefineMorphShape2 (chid: 2221)
Exported morphshape 32/38 DefineMorphShape2 (chid: 2222)
Exported morphshape 33/38 DefineMorphShape (chid: 2223)
Exported morphshape 34/38 DefineMorphShape (chid: 2337)
Exported morphshape 35/38 DefineMorphShape (chid: 2417)
Exported morphshape 36/38 DefineMorphShape (chid: 2418)
Exported morphshape 37/38 DefineMorphShape (chid: 2419)
Exported morphshape 38/38 DefineMorphShape (chid: 2421)
Exporting movies...
Exporting fonts...
Exported font 1/6 DefineFont3 (chid: 3, fn: "Roboto Medium")
Exported font 2/6 DefineFont3 (chid: 5, fn: "Roboto Bold")
Exported font 3/6 DefineFont3 (chid: 87, fn: "Arial_10pt_st")
Exported font 4/6 DefineFont3 (chid: 149, fn: "Roboto")
Exported font 5/6 DefineFont3 (chid: 2275, fn: "Symbol")
Exported font 6/6 DefineFont3 (chid: 2414, fn: "Arial")
Exporting DefineFont4s...
Exporting sounds...
Exporting binaryData...
Exporting symbolClass...
Exporting texts...
Exported text 1/66 DefineText (chid: 4)
Exported text 2/66 DefineText (chid: 6)
Exported text 3/66 DefineText (chid: 7)
Exported text 4/66 DefineText (chid: 8)
Exported text 5/66 DefineText (chid: 9)
Exported text 6/66 DefineText (chid: 16)
Exported text 7/66 DefineEditText (chid: 22)
Exported text 8/66 DefineEditText (chid: 27)
Exported text 9/66 DefineEditText (chid: 29)
Exported text 10/66 DefineEditText (chid: 34)
Exported text 11/66 DefineEditText (chid: 35)
Exported text 12/66 DefineEditText (chid: 36)
Exported text 13/66 DefineEditText (chid: 41)
Exported text 14/66 DefineText (chid: 48)
Exported text 15/66 DefineEditText (chid: 88)
Exported text 16/66 DefineEditText (chid: 89)
Exported text 17/66 DefineEditText (chid: 92)
Exported text 18/66 DefineEditText (chid: 100)
Exported text 19/66 DefineEditText (chid: 107)
Exported text 20/66 DefineEditText (chid: 148)
Exported text 21/66 DefineEditText (chid: 150)
Exported text 22/66 DefineEditText (chid: 186)
Exported text 23/66 DefineEditText (chid: 201)
Exported text 24/66 DefineEditText (chid: 211)
Exported text 25/66 DefineText (chid: 212)
Exported text 26/66 DefineEditText (chid: 213)
Exported text 27/66 DefineText (chid: 214)
Exported text 28/66 DefineEditText (chid: 215)
Exported text 29/66 DefineText (chid: 216)
Exported text 30/66 DefineEditText (chid: 217)
Exported text 31/66 DefineText (chid: 218)
Exported text 32/66 DefineEditText (chid: 219)
Exported text 33/66 DefineText (chid: 220)
Exported text 34/66 DefineEditText (chid: 221)
Exported text 35/66 DefineEditText (chid: 230)
Exported text 36/66 DefineText (chid: 231)
Exported text 37/66 DefineEditText (chid: 245)
Exported text 38/66 DefineEditText (chid: 250)
Exported text 39/66 DefineEditText (chid: 251)
Exported text 40/66 DefineEditText (chid: 2196)
Exported text 41/66 DefineText (chid: 2276)
Exported text 42/66 DefineText (chid: 2277)
Exported text 43/66 DefineEditText (chid: 2415)
Exported text 44/66 DefineEditText (chid: 2428)
Exported text 45/66 DefineEditText (chid: 2432)
Exported text 46/66 DefineText (chid: 2465)
Exported text 47/66 DefineText (chid: 2467)
Exported text 48/66 DefineText (chid: 2469)
Exported text 49/66 DefineText (chid: 2475)
Exported text 50/66 DefineText (chid: 2483)
Exported text 51/66 DefineText (chid: 2485)
Exported text 52/66 DefineText (chid: 2486)
Exported text 53/66 DefineText (chid: 2491)
Exported text 54/66 DefineText (chid: 2493)
Exported text 55/66 DefineText (chid: 2494)
Exported text 56/66 DefineText (chid: 2495)
Exported text 57/66 DefineText (chid: 2497)
Exported text 58/66 DefineText (chid: 2500)
Exported text 59/66 DefineText (chid: 2513)
Exported text 60/66 DefineEditText (chid: 2514)
Exported text 61/66 DefineText (chid: 2523)
Exported text 62/66 DefineText (chid: 2524)
Exported text 63/66 DefineText (chid: 2526)
Exported text 64/66 DefineText (chid: 2527)
Exported text 65/66 DefineText (chid: 2529)
Exported text 66/66 DefineText (chid: 2530)
Exporting frames...
Exported frame 1/2 
Exported frame 2/2 
Exporting sprite...
Exported frame 1/1 DefineSprite (chid: 2)
Exported frame 1/1 DefineSprite (chid: 10)
Exported frame 1/1 DefineSprite (chid: 12)
Exported frame 1/1 DefineSprite (chid: 14)
Exported frame 1/1 DefineSprite (chid: 18)
Exported frame 1/1 DefineSprite (chid: 19, cls: about)
Exported frame 1/1 DefineSprite (chid: 21)
Exported frame 1/1 DefineSprite (chid: 23, cls: tooltip)
Exported frame 1/1 DefineSprite (chid: 25)
Exported frame 1/1 DefineSprite (chid: 28, cls: setbtn)
Exported frame 1/1 DefineSprite (chid: 30, cls: sectiontext)
Exported frame 1/1 DefineSprite (chid: 31)
Exported frame 1/1 DefineSprite (chid: 33)
Exported frame 1/1 DefineSprite (chid: 39)
Exported frame 1/1 DefineSprite (chid: 42)
Exported frame 1/1 DefineSprite (chid: 43)
Exported frame 1/1 DefineSprite (chid: 46)
Exported frame 1/1 DefineSprite (chid: 49, cls: screenshot)
Exported frame 1/1 DefineSprite (chid: 51)
Exported frame 1/1 DefineSprite (chid: 53)
Exported frame 1/1 DefineSprite (chid: 54, cls: savedcolor)
Exported frame 1/1 DefineSprite (chid: 56)
Exported frame 1/1 DefineSprite (chid: 57)
Exported frame 1/1 DefineSprite (chid: 59)
Exported frame 1/1 DefineSprite (chid: 60)
Exported frame 1/1 DefineSprite (chid: 62)
Exported frame 1/1 DefineSprite (chid: 63)
Exported frame 1/1 DefineSprite (chid: 65)
Exported frame 1/1 DefineSprite (chid: 66)
Exported frame 1/1 DefineSprite (chid: 68)
Exported frame 1/1 DefineSprite (chid: 69)
Exported frame 1/1 DefineSprite (chid: 71)
Exported frame 1/1 DefineSprite (chid: 72)
Exported frame 1/1 DefineSprite (chid: 74)
Exported frame 1/1 DefineSprite (chid: 76)
Exported frame 1/1 DefineSprite (chid: 77)
Exported frame 1/1 DefineSprite (chid: 79)
Exported frame 1/1 DefineSprite (chid: 81)
Exported frame 1/1 DefineSprite (chid: 82)
Exported frame 1/1 DefineSprite (chid: 84)
Exported frame 1/1 DefineSprite (chid: 85)
Exported frame 1/1 DefineSprite (chid: 86)
Exported frame 1/1 DefineSprite (chid: 90)
Exported frame 1/1 DefineSprite (chid: 91, cls: AQWorlds.PetMC)
Exported frame 1/1 DefineSprite (chid: 94)
Exported frame 1/1 DefineSprite (chid: 96)
Exported frame 1/12 DefineSprite (chid: 97)
Exported frame 2/12 DefineSprite (chid: 97)
Exported frame 3/12 DefineSprite (chid: 97)
Exported frame 4/12 DefineSprite (chid: 97)
Exported frame 5/12 DefineSprite (chid: 97)
Exported frame 6/12 DefineSprite (chid: 97)
Exported frame 7/12 DefineSprite (chid: 97)
Exported frame 8/12 DefineSprite (chid: 97)
Exported frame 9/12 DefineSprite (chid: 97)
Exported frame 10/12 DefineSprite (chid: 97)
Exported frame 11/12 DefineSprite (chid: 97)
Exported frame 12/12 DefineSprite (chid: 97)
Exported frame 1/1 DefineSprite (chid: 99, cls: radiocomponent)
Exported frame 1/1 DefineSprite (chid: 102)
Exported frame 1/1 DefineSprite (chid: 104)
Exported frame 1/10 DefineSprite (chid: 105, cls: Paradigm_fla.mcToggleBtn_45)
Exported frame 2/10 DefineSprite (chid: 105, cls: Paradigm_fla.mcToggleBtn_45)
Exported frame 3/10 DefineSprite (chid: 105, cls: Paradigm_fla.mcToggleBtn_45)
Exported frame 4/10 DefineSprite (chid: 105, cls: Paradigm_fla.mcToggleBtn_45)
Exported frame 5/10 DefineSprite (chid: 105, cls: Paradigm_fla.mcToggleBtn_45)
Exported frame 6/10 DefineSprite (chid: 105, cls: Paradigm_fla.mcToggleBtn_45)
Exported frame 7/10 DefineSprite (chid: 105, cls: Paradigm_fla.mcToggleBtn_45)
Exported frame 8/10 DefineSprite (chid: 105, cls: Paradigm_fla.mcToggleBtn_45)
Exported frame 9/10 DefineSprite (chid: 105, cls: Paradigm_fla.mcToggleBtn_45)
Exported frame 10/10 DefineSprite (chid: 105, cls: Paradigm_fla.mcToggleBtn_45)
Exported frame 1/1 DefineSprite (chid: 106, cls: optioncomponent)
Exported frame 1/1 DefineSprite (chid: 108, cls: messagebox)
Exported frame 1/1 DefineSprite (chid: 110, cls: Paradigm_fla.Face_Light_769)
Exported frame 1/1 DefineSprite (chid: 112, cls: Paradigm_fla.Face_Dark_770)
Exported frame 1/1 DefineSprite (chid: 114)
Exported frame 1/1 DefineSprite (chid: 116)
Exported frame 1/1 DefineSprite (chid: 118, cls: Paradigm_fla.Head_Iris_None_784)
Exported frame 1/1 DefineSprite (chid: 120, cls: Paradigm_fla.Head_Iris_Light_785)
Exported frame 1/1 DefineSprite (chid: 122)
Exported frame 1/1 DefineSprite (chid: 125, cls: Paradigm_fla.Eyebrow_Skin_787)
Exported frame 1/1 DefineSprite (chid: 126)
Exported frame 1/87 DefineSprite (chid: 127, cls: Paradigm_fla.game_1_Male_Master1_27_781)
Exported frame 2/87 DefineSprite (chid: 127, cls: Paradigm_fla.game_1_Male_Master1_27_781)
Exported frame 3/87 DefineSprite (chid: 127, cls: Paradigm_fla.game_1_Male_Master1_27_781)
Exported frame 4/87 DefineSprite (chid: 127, cls: Paradigm_fla.game_1_Male_Master1_27_781)
Exported frame 5/87 DefineSprite (chid: 127, cls: Paradigm_fla.game_1_Male_Master1_27_781)
Exported frame 6/87 DefineSprite (chid: 127, cls: Paradigm_fla.game_1_Male_Master1_27_781)
Exported frame 7/87 DefineSprite (chid: 127, cls: Paradigm_fla.game_1_Male_Master1_27_781)
Exported frame 8/87 DefineSprite (chid: 127, cls: Paradigm_fla.game_1_Male_Master1_27_781)
Exported frame 9/87 DefineSprite (chid: 127, cls: Paradigm_fla.game_1_Male_Master1_27_781)
Exported frame 10/87 DefineSprite (chid: 127, cls: Paradigm_fla.game_1_Male_Master1_27_781)
Exported frame 11/87 DefineSprite (chid: 127, cls: Paradigm_fla.game_1_Male_Master1_27_781)
Exported frame 12/87 DefineSprite (chid: 127, cls: Paradigm_fla.game_1_Male_Master1_27_781)
Exported frame 13/87 DefineSprite (chid: 127, cls: Paradigm_fla.game_1_Male_Master1_27_781)
Exported frame 14/87 DefineSprite (chid: 127, cls: Paradigm_fla.game_1_Male_Master1_27_781)
Exported frame 15/87 DefineSprite (chid: 127, cls: Paradigm_fla.game_1_Male_Master1_27_781)
Exported frame 16/87 DefineSprite (chid: 127, cls: Paradigm_fla.game_1_Male_Master1_27_781)
Exported frame 17/87 DefineSprite (chid: 127, cls: Paradigm_fla.game_1_Male_Master1_27_781)
Exported frame 18/87 DefineSprite (chid: 127, cls: Paradigm_fla.game_1_Male_Master1_27_781)
Exported frame 19/87 DefineSprite (chid: 127, cls: Paradigm_fla.game_1_Male_Master1_27_781)
Exported frame 20/87 DefineSprite (chid: 127, cls: Paradigm_fla.game_1_Male_Master1_27_781)
Exported frame 21/87 DefineSprite (chid: 127, cls: Paradigm_fla.game_1_Male_Master1_27_781)
Exported frame 22/87 DefineSprite (chid: 127, cls: Paradigm_fla.game_1_Male_Master1_27_781)
Exported frame 23/87 DefineSprite (chid: 127, cls: Paradigm_fla.game_1_Male_Master1_27_781)
Exported frame 24/87 DefineSprite (chid: 127, cls: Paradigm_fla.game_1_Male_Master1_27_781)
Exported frame 25/87 DefineSprite (chid: 127, cls: Paradigm_fla.game_1_Male_Master1_27_781)
Exported frame 26/87 DefineSprite (chid: 127, cls: Paradigm_fla.game_1_Male_Master1_27_781)
Exported frame 27/87 DefineSprite (chid: 127, cls: Paradigm_fla.game_1_Male_Master1_27_781)
Exported frame 28/87 DefineSprite (chid: 127, cls: Paradigm_fla.game_1_Male_Master1_27_781)
Exported frame 29/87 DefineSprite (chid: 127, cls: Paradigm_fla.game_1_Male_Master1_27_781)
Exported frame 30/87 DefineSprite (chid: 127, cls: Paradigm_fla.game_1_Male_Master1_27_781)
Exported frame 31/87 DefineSprite (chid: 127, cls: Paradigm_fla.game_1_Male_Master1_27_781)
Exported frame 32/87 DefineSprite (chid: 127, cls: Paradigm_fla.game_1_Male_Master1_27_781)
Exported frame 33/87 DefineSprite (chid: 127, cls: Paradigm_fla.game_1_Male_Master1_27_781)
Exported frame 34/87 DefineSprite (chid: 127, cls: Paradigm_fla.game_1_Male_Master1_27_781)
Exported frame 35/87 DefineSprite (chid: 127, cls: Paradigm_fla.game_1_Male_Master1_27_781)
Exported frame 36/87 DefineSprite (chid: 127, cls: Paradigm_fla.game_1_Male_Master1_27_781)
Exported frame 37/87 DefineSprite (chid: 127, cls: Paradigm_fla.game_1_Male_Master1_27_781)
Exported frame 38/87 DefineSprite (chid: 127, cls: Paradigm_fla.game_1_Male_Master1_27_781)
Exported frame 39/87 DefineSprite (chid: 127, cls: Paradigm_fla.game_1_Male_Master1_27_781)
Exported frame 40/87 DefineSprite (chid: 127, cls: Paradigm_fla.game_1_Male_Master1_27_781)
Exported frame 41/87 DefineSprite (chid: 127, cls: Paradigm_fla.game_1_Male_Master1_27_781)
Exported frame 42/87 DefineSprite (chid: 127, cls: Paradigm_fla.game_1_Male_Master1_27_781)
Exported frame 43/87 DefineSprite (chid: 127, cls: Paradigm_fla.game_1_Male_Master1_27_781)
Exported frame 44/87 DefineSprite (chid: 127, cls: Paradigm_fla.game_1_Male_Master1_27_781)
Exported frame 45/87 DefineSprite (chid: 127, cls: Paradigm_fla.game_1_Male_Master1_27_781)
Exported frame 46/87 DefineSprite (chid: 127, cls: Paradigm_fla.game_1_Male_Master1_27_781)
Exported frame 47/87 DefineSprite (chid: 127, cls: Paradigm_fla.game_1_Male_Master1_27_781)
Exported frame 48/87 DefineSprite (chid: 127, cls: Paradigm_fla.game_1_Male_Master1_27_781)
Exported frame 49/87 DefineSprite (chid: 127, cls: Paradigm_fla.game_1_Male_Master1_27_781)
Exported frame 50/87 DefineSprite (chid: 127, cls: Paradigm_fla.game_1_Male_Master1_27_781)
Exported frame 51/87 DefineSprite (chid: 127, cls: Paradigm_fla.game_1_Male_Master1_27_781)
Exported frame 52/87 DefineSprite (chid: 127, cls: Paradigm_fla.game_1_Male_Master1_27_781)
Exported frame 53/87 DefineSprite (chid: 127, cls: Paradigm_fla.game_1_Male_Master1_27_781)
Exported frame 54/87 DefineSprite (chid: 127, cls: Paradigm_fla.game_1_Male_Master1_27_781)
Exported frame 55/87 DefineSprite (chid: 127, cls: Paradigm_fla.game_1_Male_Master1_27_781)
Exported frame 56/87 DefineSprite (chid: 127, cls: Paradigm_fla.game_1_Male_Master1_27_781)
Exported frame 57/87 DefineSprite (chid: 127, cls: Paradigm_fla.game_1_Male_Master1_27_781)
Exported frame 58/87 DefineSprite (chid: 127, cls: Paradigm_fla.game_1_Male_Master1_27_781)
Exported frame 59/87 DefineSprite (chid: 127, cls: Paradigm_fla.game_1_Male_Master1_27_781)
Exported frame 60/87 DefineSprite (chid: 127, cls: Paradigm_fla.game_1_Male_Master1_27_781)
Exported frame 61/87 DefineSprite (chid: 127, cls: Paradigm_fla.game_1_Male_Master1_27_781)
Exported frame 62/87 DefineSprite (chid: 127, cls: Paradigm_fla.game_1_Male_Master1_27_781)
Exported frame 63/87 DefineSprite (chid: 127, cls: Paradigm_fla.game_1_Male_Master1_27_781)
Exported frame 64/87 DefineSprite (chid: 127, cls: Paradigm_fla.game_1_Male_Master1_27_781)
Exported frame 65/87 DefineSprite (chid: 127, cls: Paradigm_fla.game_1_Male_Master1_27_781)
Exported frame 66/87 DefineSprite (chid: 127, cls: Paradigm_fla.game_1_Male_Master1_27_781)
Exported frame 67/87 DefineSprite (chid: 127, cls: Paradigm_fla.game_1_Male_Master1_27_781)
Exported frame 68/87 DefineSprite (chid: 127, cls: Paradigm_fla.game_1_Male_Master1_27_781)
Exported frame 69/87 DefineSprite (chid: 127, cls: Paradigm_fla.game_1_Male_Master1_27_781)
Exported frame 70/87 DefineSprite (chid: 127, cls: Paradigm_fla.game_1_Male_Master1_27_781)
Exported frame 71/87 DefineSprite (chid: 127, cls: Paradigm_fla.game_1_Male_Master1_27_781)
Exported frame 72/87 DefineSprite (chid: 127, cls: Paradigm_fla.game_1_Male_Master1_27_781)
Exported frame 73/87 DefineSprite (chid: 127, cls: Paradigm_fla.game_1_Male_Master1_27_781)
Exported frame 74/87 DefineSprite (chid: 127, cls: Paradigm_fla.game_1_Male_Master1_27_781)
Exported frame 75/87 DefineSprite (chid: 127, cls: Paradigm_fla.game_1_Male_Master1_27_781)
Exported frame 76/87 DefineSprite (chid: 127, cls: Paradigm_fla.game_1_Male_Master1_27_781)
Exported frame 77/87 DefineSprite (chid: 127, cls: Paradigm_fla.game_1_Male_Master1_27_781)
Exported frame 78/87 DefineSprite (chid: 127, cls: Paradigm_fla.game_1_Male_Master1_27_781)
Exported frame 79/87 DefineSprite (chid: 127, cls: Paradigm_fla.game_1_Male_Master1_27_781)
Exported frame 80/87 DefineSprite (chid: 127, cls: Paradigm_fla.game_1_Male_Master1_27_781)
Exported frame 81/87 DefineSprite (chid: 127, cls: Paradigm_fla.game_1_Male_Master1_27_781)
Exported frame 82/87 DefineSprite (chid: 127, cls: Paradigm_fla.game_1_Male_Master1_27_781)
Exported frame 83/87 DefineSprite (chid: 127, cls: Paradigm_fla.game_1_Male_Master1_27_781)
Exported frame 84/87 DefineSprite (chid: 127, cls: Paradigm_fla.game_1_Male_Master1_27_781)
Exported frame 85/87 DefineSprite (chid: 127, cls: Paradigm_fla.game_1_Male_Master1_27_781)
Exported frame 86/87 DefineSprite (chid: 127, cls: Paradigm_fla.game_1_Male_Master1_27_781)
Exported frame 87/87 DefineSprite (chid: 127, cls: Paradigm_fla.game_1_Male_Master1_27_781)
Exported frame 1/1 DefineSprite (chid: 129)
Exported frame 1/1 DefineSprite (chid: 131, cls: Paradigm_fla.game_1_Male_Master1_28_789)
Exported frame 1/1 DefineSprite (chid: 132, cls: mcHeadM)
Exported frame 1/1 DefineSprite (chid: 133, cls: Paradigm_fla.Female_Iris_None_773)
Exported frame 1/1 DefineSprite (chid: 134, cls: Paradigm_fla.Female_Iris_Light_774)
Exported frame 1/1 DefineSprite (chid: 136)
Exported frame 1/1 DefineSprite (chid: 138, cls: Paradigm_fla.Female_Eyebrow_Skin_Base__776)
Exported frame 1/1 DefineSprite (chid: 140)
Exported frame 1/87 DefineSprite (chid: 141, cls: Paradigm_fla.Female_Eye_771)
Exported frame 2/87 DefineSprite (chid: 141, cls: Paradigm_fla.Female_Eye_771)
Exported frame 3/87 DefineSprite (chid: 141, cls: Paradigm_fla.Female_Eye_771)
Exported frame 4/87 DefineSprite (chid: 141, cls: Paradigm_fla.Female_Eye_771)
Exported frame 5/87 DefineSprite (chid: 141, cls: Paradigm_fla.Female_Eye_771)
Exported frame 6/87 DefineSprite (chid: 141, cls: Paradigm_fla.Female_Eye_771)
Exported frame 7/87 DefineSprite (chid: 141, cls: Paradigm_fla.Female_Eye_771)
Exported frame 8/87 DefineSprite (chid: 141, cls: Paradigm_fla.Female_Eye_771)
Exported frame 9/87 DefineSprite (chid: 141, cls: Paradigm_fla.Female_Eye_771)
Exported frame 10/87 DefineSprite (chid: 141, cls: Paradigm_fla.Female_Eye_771)
Exported frame 11/87 DefineSprite (chid: 141, cls: Paradigm_fla.Female_Eye_771)
Exported frame 12/87 DefineSprite (chid: 141, cls: Paradigm_fla.Female_Eye_771)
Exported frame 13/87 DefineSprite (chid: 141, cls: Paradigm_fla.Female_Eye_771)
Exported frame 14/87 DefineSprite (chid: 141, cls: Paradigm_fla.Female_Eye_771)
Exported frame 15/87 DefineSprite (chid: 141, cls: Paradigm_fla.Female_Eye_771)
Exported frame 16/87 DefineSprite (chid: 141, cls: Paradigm_fla.Female_Eye_771)
Exported frame 17/87 DefineSprite (chid: 141, cls: Paradigm_fla.Female_Eye_771)
Exported frame 18/87 DefineSprite (chid: 141, cls: Paradigm_fla.Female_Eye_771)
Exported frame 19/87 DefineSprite (chid: 141, cls: Paradigm_fla.Female_Eye_771)
Exported frame 20/87 DefineSprite (chid: 141, cls: Paradigm_fla.Female_Eye_771)
Exported frame 21/87 DefineSprite (chid: 141, cls: Paradigm_fla.Female_Eye_771)
Exported frame 22/87 DefineSprite (chid: 141, cls: Paradigm_fla.Female_Eye_771)
Exported frame 23/87 DefineSprite (chid: 141, cls: Paradigm_fla.Female_Eye_771)
Exported frame 24/87 DefineSprite (chid: 141, cls: Paradigm_fla.Female_Eye_771)
Exported frame 25/87 DefineSprite (chid: 141, cls: Paradigm_fla.Female_Eye_771)
Exported frame 26/87 DefineSprite (chid: 141, cls: Paradigm_fla.Female_Eye_771)
Exported frame 27/87 DefineSprite (chid: 141, cls: Paradigm_fla.Female_Eye_771)
Exported frame 28/87 DefineSprite (chid: 141, cls: Paradigm_fla.Female_Eye_771)
Exported frame 29/87 DefineSprite (chid: 141, cls: Paradigm_fla.Female_Eye_771)
Exported frame 30/87 DefineSprite (chid: 141, cls: Paradigm_fla.Female_Eye_771)
Exported frame 31/87 DefineSprite (chid: 141, cls: Paradigm_fla.Female_Eye_771)
Exported frame 32/87 DefineSprite (chid: 141, cls: Paradigm_fla.Female_Eye_771)
Exported frame 33/87 DefineSprite (chid: 141, cls: Paradigm_fla.Female_Eye_771)
Exported frame 34/87 DefineSprite (chid: 141, cls: Paradigm_fla.Female_Eye_771)
Exported frame 35/87 DefineSprite (chid: 141, cls: Paradigm_fla.Female_Eye_771)
Exported frame 36/87 DefineSprite (chid: 141, cls: Paradigm_fla.Female_Eye_771)
Exported frame 37/87 DefineSprite (chid: 141, cls: Paradigm_fla.Female_Eye_771)
Exported frame 38/87 DefineSprite (chid: 141, cls: Paradigm_fla.Female_Eye_771)
Exported frame 39/87 DefineSprite (chid: 141, cls: Paradigm_fla.Female_Eye_771)
Exported frame 40/87 DefineSprite (chid: 141, cls: Paradigm_fla.Female_Eye_771)
Exported frame 41/87 DefineSprite (chid: 141, cls: Paradigm_fla.Female_Eye_771)
Exported frame 42/87 DefineSprite (chid: 141, cls: Paradigm_fla.Female_Eye_771)
Exported frame 43/87 DefineSprite (chid: 141, cls: Paradigm_fla.Female_Eye_771)
Exported frame 44/87 DefineSprite (chid: 141, cls: Paradigm_fla.Female_Eye_771)
Exported frame 45/87 DefineSprite (chid: 141, cls: Paradigm_fla.Female_Eye_771)
Exported frame 46/87 DefineSprite (chid: 141, cls: Paradigm_fla.Female_Eye_771)
Exported frame 47/87 DefineSprite (chid: 141, cls: Paradigm_fla.Female_Eye_771)
Exported frame 48/87 DefineSprite (chid: 141, cls: Paradigm_fla.Female_Eye_771)
Exported frame 49/87 DefineSprite (chid: 141, cls: Paradigm_fla.Female_Eye_771)
Exported frame 50/87 DefineSprite (chid: 141, cls: Paradigm_fla.Female_Eye_771)
Exported frame 51/87 DefineSprite (chid: 141, cls: Paradigm_fla.Female_Eye_771)
Exported frame 52/87 DefineSprite (chid: 141, cls: Paradigm_fla.Female_Eye_771)
Exported frame 53/87 DefineSprite (chid: 141, cls: Paradigm_fla.Female_Eye_771)
Exported frame 54/87 DefineSprite (chid: 141, cls: Paradigm_fla.Female_Eye_771)
Exported frame 55/87 DefineSprite (chid: 141, cls: Paradigm_fla.Female_Eye_771)
Exported frame 56/87 DefineSprite (chid: 141, cls: Paradigm_fla.Female_Eye_771)
Exported frame 57/87 DefineSprite (chid: 141, cls: Paradigm_fla.Female_Eye_771)
Exported frame 58/87 DefineSprite (chid: 141, cls: Paradigm_fla.Female_Eye_771)
Exported frame 59/87 DefineSprite (chid: 141, cls: Paradigm_fla.Female_Eye_771)
Exported frame 60/87 DefineSprite (chid: 141, cls: Paradigm_fla.Female_Eye_771)
Exported frame 61/87 DefineSprite (chid: 141, cls: Paradigm_fla.Female_Eye_771)
Exported frame 62/87 DefineSprite (chid: 141, cls: Paradigm_fla.Female_Eye_771)
Exported frame 63/87 DefineSprite (chid: 141, cls: Paradigm_fla.Female_Eye_771)
Exported frame 64/87 DefineSprite (chid: 141, cls: Paradigm_fla.Female_Eye_771)
Exported frame 65/87 DefineSprite (chid: 141, cls: Paradigm_fla.Female_Eye_771)
Exported frame 66/87 DefineSprite (chid: 141, cls: Paradigm_fla.Female_Eye_771)
Exported frame 67/87 DefineSprite (chid: 141, cls: Paradigm_fla.Female_Eye_771)
Exported frame 68/87 DefineSprite (chid: 141, cls: Paradigm_fla.Female_Eye_771)
Exported frame 69/87 DefineSprite (chid: 141, cls: Paradigm_fla.Female_Eye_771)
Exported frame 70/87 DefineSprite (chid: 141, cls: Paradigm_fla.Female_Eye_771)
Exported frame 71/87 DefineSprite (chid: 141, cls: Paradigm_fla.Female_Eye_771)
Exported frame 72/87 DefineSprite (chid: 141, cls: Paradigm_fla.Female_Eye_771)
Exported frame 73/87 DefineSprite (chid: 141, cls: Paradigm_fla.Female_Eye_771)
Exported frame 74/87 DefineSprite (chid: 141, cls: Paradigm_fla.Female_Eye_771)
Exported frame 75/87 DefineSprite (chid: 141, cls: Paradigm_fla.Female_Eye_771)
Exported frame 76/87 DefineSprite (chid: 141, cls: Paradigm_fla.Female_Eye_771)
Exported frame 77/87 DefineSprite (chid: 141, cls: Paradigm_fla.Female_Eye_771)
Exported frame 78/87 DefineSprite (chid: 141, cls: Paradigm_fla.Female_Eye_771)
Exported frame 79/87 DefineSprite (chid: 141, cls: Paradigm_fla.Female_Eye_771)
Exported frame 80/87 DefineSprite (chid: 141, cls: Paradigm_fla.Female_Eye_771)
Exported frame 81/87 DefineSprite (chid: 141, cls: Paradigm_fla.Female_Eye_771)
Exported frame 82/87 DefineSprite (chid: 141, cls: Paradigm_fla.Female_Eye_771)
Exported frame 83/87 DefineSprite (chid: 141, cls: Paradigm_fla.Female_Eye_771)
Exported frame 84/87 DefineSprite (chid: 141, cls: Paradigm_fla.Female_Eye_771)
Exported frame 85/87 DefineSprite (chid: 141, cls: Paradigm_fla.Female_Eye_771)
Exported frame 86/87 DefineSprite (chid: 141, cls: Paradigm_fla.Female_Eye_771)
Exported frame 87/87 DefineSprite (chid: 141, cls: Paradigm_fla.Female_Eye_771)
Exported frame 1/1 DefineSprite (chid: 143)
Exported frame 1/1 DefineSprite (chid: 144, cls: Paradigm_fla.Female_Nose_778)
Exported frame 1/1 DefineSprite (chid: 146)
Exported frame 1/1 DefineSprite (chid: 147, cls: mcHeadF)
Exported frame 1/1 DefineSprite (chid: 152)
Exported frame 1/1 DefineSprite (chid: 154)
Exported frame 1/1 DefineSprite (chid: 156)
Exported frame 1/1 DefineSprite (chid: 158)
Exported frame 1/1 DefineSprite (chid: 160)
Exported frame 1/1 DefineSprite (chid: 162)
Exported frame 1/1 DefineSprite (chid: 164)
Exported frame 1/1 DefineSprite (chid: 167)
Exported frame 1/1 DefineSprite (chid: 168)
Exported frame 1/1 DefineSprite (chid: 170)
Exported frame 1/1 DefineSprite (chid: 172)
Exported frame 1/1 DefineSprite (chid: 174)
Exported frame 1/1 DefineSprite (chid: 176)
Exported frame 1/1 DefineSprite (chid: 178)
Exported frame 1/1 DefineSprite (chid: 180)
Exported frame 1/15 DefineSprite (chid: 181)
Exported frame 2/15 DefineSprite (chid: 181)
Exported frame 3/15 DefineSprite (chid: 181)
Exported frame 4/15 DefineSprite (chid: 181)
Exported frame 5/15 DefineSprite (chid: 181)
Exported frame 6/15 DefineSprite (chid: 181)
Exported frame 7/15 DefineSprite (chid: 181)
Exported frame 8/15 DefineSprite (chid: 181)
Exported frame 9/15 DefineSprite (chid: 181)
Exported frame 10/15 DefineSprite (chid: 181)
Exported frame 11/15 DefineSprite (chid: 181)
Exported frame 12/15 DefineSprite (chid: 181)
Exported frame 13/15 DefineSprite (chid: 181)
Exported frame 14/15 DefineSprite (chid: 181)
Exported frame 15/15 DefineSprite (chid: 181)
Exported frame 1/1 DefineSprite (chid: 183)
Exported frame 1/1 DefineSprite (chid: 185, cls: itemfile)
Exported frame 1/1 DefineSprite (chid: 188)
Exported frame 1/1 DefineSprite (chid: 190)
Exported frame 1/1 DefineSprite (chid: 192)
Exported frame 1/1 DefineSprite (chid: 194, cls: emotecomponent)
Exported frame 1/1 DefineSprite (chid: 196)
Exported frame 1/1 DefineSprite (chid: 197, cls: context)
Exported frame 1/1 DefineSprite (chid: 199)
Exported frame 1/1 DefineSprite (chid: 203)
Exported frame 1/1 DefineSprite (chid: 204)
Exported frame 1/1 DefineSprite (chid: 205, cls: contextitem)
Exported frame 1/1 DefineSprite (chid: 207, cls: contextdivider)
Exported frame 1/1 DefineSprite (chid: 210)
Exported frame 1/1 DefineSprite (chid: 223)
Exported frame 1/1 DefineSprite (chid: 226)
Exported frame 1/1 DefineSprite (chid: 228)
Exported frame 1/1 DefineSprite (chid: 229)
Exported frame 1/1 DefineSprite (chid: 233)
Exported frame 1/1 DefineSprite (chid: 235)
Exported frame 1/1 DefineSprite (chid: 238)
Exported frame 1/1 DefineSprite (chid: 240)
Exported frame 1/1 DefineSprite (chid: 242)
Exported frame 1/1 DefineSprite (chid: 244)
Exported frame 1/1 DefineSprite (chid: 246, cls: advcolor)
Exported frame 1/1 DefineSprite (chid: 248)
Exported frame 1/1 DefineSprite (chid: 249)
Exported frame 1/1 DefineSprite (chid: 252, cls: colorcomponent)
Exported frame 1/1 DefineSprite (chid: 254, cls: Weapon_Wrist_L)
Exported frame 1/1 DefineSprite (chid: 256, cls: Bicep_L)
Exported frame 1/1 DefineSprite (chid: 258, cls: Forearm_L)
Exported frame 1/1 DefineSprite (chid: 260, cls: Weapon_Auxiliary)
Exported frame 1/1 DefineSprite (chid: 262, cls: Weapon_Grenade)
Exported frame 1/1 DefineSprite (chid: 264, cls: Foot_L)
Exported frame 1/1 DefineSprite (chid: 266, cls: Thigh_L)
Exported frame 1/1 DefineSprite (chid: 268, cls: Shin_L)
Exported frame 1/1 DefineSprite (chid: 270, cls: Craft)
Exported frame 1/1 DefineSprite (chid: 272, cls: Head)
Exported frame 1/1 DefineSprite (chid: 274, cls: Body)
Exported frame 1/1 DefineSprite (chid: 276, cls: Hip)
Exported frame 1/1 DefineSprite (chid: 278, cls: Foot_R)
Exported frame 1/1 DefineSprite (chid: 280, cls: Thigh_R)
Exported frame 1/1 DefineSprite (chid: 281, cls: Thigh_R_Female)
Exported frame 1/1 DefineSprite (chid: 283, cls: Shin_R)
Exported frame 1/1 DefineSprite (chid: 285, cls: Weapon_Gun)
Exported frame 1/1 DefineSprite (chid: 286, cls: HairAbove)
Exported frame 1/1 DefineSprite (chid: 288, cls: Weapon_Staff)
Exported frame 1/1 DefineSprite (chid: 290, cls: Weapon_Blade)
Exported frame 1/1 DefineSprite (chid: 292, cls: Bicep_R)
Exported frame 1/1 DefineSprite (chid: 294, cls: Forearm_R)
Exported frame 1/1 DefineSprite (chid: 296, cls: Weapon_Wrist_R)
Exported frame 1/1 DefineSprite (chid: 298)
Exported frame 1/1 DefineSprite (chid: 309)
Exported frame 1/1 DefineSprite (chid: 319)
Exported frame 1/1 DefineSprite (chid: 321)
Exported frame 1/1 DefineSprite (chid: 323)
Exported frame 1/1 DefineSprite (chid: 325)
Exported frame 1/1 DefineSprite (chid: 331)
Exported frame 1/1 DefineSprite (chid: 333)
Exported frame 1/4 DefineSprite (chid: 349)
Exported frame 2/4 DefineSprite (chid: 349)
Exported frame 3/4 DefineSprite (chid: 349)
Exported frame 4/4 DefineSprite (chid: 349)
Exported frame 1/1 DefineSprite (chid: 352)
Exported frame 1/1 DefineSprite (chid: 356)
Exported frame 1/1 DefineSprite (chid: 357)
Exported frame 1/1 DefineSprite (chid: 360)
Exported frame 1/1 DefineSprite (chid: 361)
Exported frame 1/1 DefineSprite (chid: 362)
Exported frame 1/1 DefineSprite (chid: 364)
Exported frame 1/1 DefineSprite (chid: 382)
Exported frame 1/1 DefineSprite (chid: 384)
Exported frame 1/1 DefineSprite (chid: 386)
Exported frame 1/35 DefineSprite (chid: 392)
Exported frame 2/35 DefineSprite (chid: 392)
Exported frame 3/35 DefineSprite (chid: 392)
Exported frame 4/35 DefineSprite (chid: 392)
Exported frame 5/35 DefineSprite (chid: 392)
Exported frame 6/35 DefineSprite (chid: 392)
Exported frame 7/35 DefineSprite (chid: 392)
Exported frame 8/35 DefineSprite (chid: 392)
Exported frame 9/35 DefineSprite (chid: 392)
Exported frame 10/35 DefineSprite (chid: 392)
Exported frame 11/35 DefineSprite (chid: 392)
Exported frame 12/35 DefineSprite (chid: 392)
Exported frame 13/35 DefineSprite (chid: 392)
Exported frame 14/35 DefineSprite (chid: 392)
Exported frame 15/35 DefineSprite (chid: 392)
Exported frame 16/35 DefineSprite (chid: 392)
Exported frame 17/35 DefineSprite (chid: 392)
Exported frame 18/35 DefineSprite (chid: 392)
Exported frame 19/35 DefineSprite (chid: 392)
Exported frame 20/35 DefineSprite (chid: 392)
Exported frame 21/35 DefineSprite (chid: 392)
Exported frame 22/35 DefineSprite (chid: 392)
Exported frame 23/35 DefineSprite (chid: 392)
Exported frame 24/35 DefineSprite (chid: 392)
Exported frame 25/35 DefineSprite (chid: 392)
Exported frame 26/35 DefineSprite (chid: 392)
Exported frame 27/35 DefineSprite (chid: 392)
Exported frame 28/35 DefineSprite (chid: 392)
Exported frame 29/35 DefineSprite (chid: 392)
Exported frame 30/35 DefineSprite (chid: 392)
Exported frame 31/35 DefineSprite (chid: 392)
Exported frame 32/35 DefineSprite (chid: 392)
Exported frame 33/35 DefineSprite (chid: 392)
Exported frame 34/35 DefineSprite (chid: 392)
Exported frame 35/35 DefineSprite (chid: 392)
Exported frame 1/35 DefineSprite (chid: 393)
Exported frame 2/35 DefineSprite (chid: 393)
Exported frame 3/35 DefineSprite (chid: 393)
Exported frame 4/35 DefineSprite (chid: 393)
Exported frame 5/35 DefineSprite (chid: 393)
Exported frame 6/35 DefineSprite (chid: 393)
Exported frame 7/35 DefineSprite (chid: 393)
Exported frame 8/35 DefineSprite (chid: 393)
Exported frame 9/35 DefineSprite (chid: 393)
Exported frame 10/35 DefineSprite (chid: 393)
Exported frame 11/35 DefineSprite (chid: 393)
Exported frame 12/35 DefineSprite (chid: 393)
Exported frame 13/35 DefineSprite (chid: 393)
Exported frame 14/35 DefineSprite (chid: 393)
Exported frame 15/35 DefineSprite (chid: 393)
Exported frame 16/35 DefineSprite (chid: 393)
Exported frame 17/35 DefineSprite (chid: 393)
Exported frame 18/35 DefineSprite (chid: 393)
Exported frame 19/35 DefineSprite (chid: 393)
Exported frame 20/35 DefineSprite (chid: 393)
Exported frame 21/35 DefineSprite (chid: 393)
Exported frame 22/35 DefineSprite (chid: 393)
Exported frame 23/35 DefineSprite (chid: 393)
Exported frame 24/35 DefineSprite (chid: 393)
Exported frame 25/35 DefineSprite (chid: 393)
Exported frame 26/35 DefineSprite (chid: 393)
Exported frame 27/35 DefineSprite (chid: 393)
Exported frame 28/35 DefineSprite (chid: 393)
Exported frame 29/35 DefineSprite (chid: 393)
Exported frame 30/35 DefineSprite (chid: 393)
Exported frame 31/35 DefineSprite (chid: 393)
Exported frame 32/35 DefineSprite (chid: 393)
Exported frame 33/35 DefineSprite (chid: 393)
Exported frame 34/35 DefineSprite (chid: 393)
Exported frame 35/35 DefineSprite (chid: 393)
Exported frame 1/45 DefineSprite (chid: 394)
Exported frame 2/45 DefineSprite (chid: 394)
Exported frame 3/45 DefineSprite (chid: 394)
Exported frame 4/45 DefineSprite (chid: 394)
Exported frame 5/45 DefineSprite (chid: 394)
Exported frame 6/45 DefineSprite (chid: 394)
Exported frame 7/45 DefineSprite (chid: 394)
Exported frame 8/45 DefineSprite (chid: 394)
Exported frame 9/45 DefineSprite (chid: 394)
Exported frame 10/45 DefineSprite (chid: 394)
Exported frame 11/45 DefineSprite (chid: 394)
Exported frame 12/45 DefineSprite (chid: 394)
Exported frame 13/45 DefineSprite (chid: 394)
Exported frame 14/45 DefineSprite (chid: 394)
Exported frame 15/45 DefineSprite (chid: 394)
Exported frame 16/45 DefineSprite (chid: 394)
Exported frame 17/45 DefineSprite (chid: 394)
Exported frame 18/45 DefineSprite (chid: 394)
Exported frame 19/45 DefineSprite (chid: 394)
Exported frame 20/45 DefineSprite (chid: 394)
Exported frame 21/45 DefineSprite (chid: 394)
Exported frame 22/45 DefineSprite (chid: 394)
Exported frame 23/45 DefineSprite (chid: 394)
Exported frame 24/45 DefineSprite (chid: 394)
Exported frame 25/45 DefineSprite (chid: 394)
Exported frame 26/45 DefineSprite (chid: 394)
Exported frame 27/45 DefineSprite (chid: 394)
Exported frame 28/45 DefineSprite (chid: 394)
Exported frame 29/45 DefineSprite (chid: 394)
Exported frame 30/45 DefineSprite (chid: 394)
Exported frame 31/45 DefineSprite (chid: 394)
Exported frame 32/45 DefineSprite (chid: 394)
Exported frame 33/45 DefineSprite (chid: 394)
Exported frame 34/45 DefineSprite (chid: 394)
Exported frame 35/45 DefineSprite (chid: 394)
Exported frame 36/45 DefineSprite (chid: 394)
Exported frame 37/45 DefineSprite (chid: 394)
Exported frame 38/45 DefineSprite (chid: 394)
Exported frame 39/45 DefineSprite (chid: 394)
Exported frame 40/45 DefineSprite (chid: 394)
Exported frame 41/45 DefineSprite (chid: 394)
Exported frame 42/45 DefineSprite (chid: 394)
Exported frame 43/45 DefineSprite (chid: 394)
Exported frame 44/45 DefineSprite (chid: 394)
Exported frame 45/45 DefineSprite (chid: 394)
Exported frame 1/45 DefineSprite (chid: 395)
Exported frame 2/45 DefineSprite (chid: 395)
Exported frame 3/45 DefineSprite (chid: 395)
Exported frame 4/45 DefineSprite (chid: 395)
Exported frame 5/45 DefineSprite (chid: 395)
Exported frame 6/45 DefineSprite (chid: 395)
Exported frame 7/45 DefineSprite (chid: 395)
Exported frame 8/45 DefineSprite (chid: 395)
Exported frame 9/45 DefineSprite (chid: 395)
Exported frame 10/45 DefineSprite (chid: 395)
Exported frame 11/45 DefineSprite (chid: 395)
Exported frame 12/45 DefineSprite (chid: 395)
Exported frame 13/45 DefineSprite (chid: 395)
Exported frame 14/45 DefineSprite (chid: 395)
Exported frame 15/45 DefineSprite (chid: 395)
Exported frame 16/45 DefineSprite (chid: 395)
Exported frame 17/45 DefineSprite (chid: 395)
Exported frame 18/45 DefineSprite (chid: 395)
Exported frame 19/45 DefineSprite (chid: 395)
Exported frame 20/45 DefineSprite (chid: 395)
Exported frame 21/45 DefineSprite (chid: 395)
Exported frame 22/45 DefineSprite (chid: 395)
Exported frame 23/45 DefineSprite (chid: 395)
Exported frame 24/45 DefineSprite (chid: 395)
Exported frame 25/45 DefineSprite (chid: 395)
Exported frame 26/45 DefineSprite (chid: 395)
Exported frame 27/45 DefineSprite (chid: 395)
Exported frame 28/45 DefineSprite (chid: 395)
Exported frame 29/45 DefineSprite (chid: 395)
Exported frame 30/45 DefineSprite (chid: 395)
Exported frame 31/45 DefineSprite (chid: 395)
Exported frame 32/45 DefineSprite (chid: 395)
Exported frame 33/45 DefineSprite (chid: 395)
Exported frame 34/45 DefineSprite (chid: 395)
Exported frame 35/45 DefineSprite (chid: 395)
Exported frame 36/45 DefineSprite (chid: 395)
Exported frame 37/45 DefineSprite (chid: 395)
Exported frame 38/45 DefineSprite (chid: 395)
Exported frame 39/45 DefineSprite (chid: 395)
Exported frame 40/45 DefineSprite (chid: 395)
Exported frame 41/45 DefineSprite (chid: 395)
Exported frame 42/45 DefineSprite (chid: 395)
Exported frame 43/45 DefineSprite (chid: 395)
Exported frame 44/45 DefineSprite (chid: 395)
Exported frame 45/45 DefineSprite (chid: 395)
Exported frame 1/1 DefineSprite (chid: 397)
Exported frame 1/1 DefineSprite (chid: 399)
Exported frame 1/1 DefineSprite (chid: 401)
Exported frame 1/1 DefineSprite (chid: 403)
Exported frame 1/1 DefineSprite (chid: 405)
Exported frame 1/1 DefineSprite (chid: 408)
Exported frame 1/73 DefineSprite (chid: 410)
Exported frame 2/73 DefineSprite (chid: 410)
Exported frame 3/73 DefineSprite (chid: 410)
Exported frame 4/73 DefineSprite (chid: 410)
Exported frame 5/73 DefineSprite (chid: 410)
Exported frame 6/73 DefineSprite (chid: 410)
Exported frame 7/73 DefineSprite (chid: 410)
Exported frame 8/73 DefineSprite (chid: 410)
Exported frame 9/73 DefineSprite (chid: 410)
Exported frame 10/73 DefineSprite (chid: 410)
Exported frame 11/73 DefineSprite (chid: 410)
Exported frame 12/73 DefineSprite (chid: 410)
Exported frame 13/73 DefineSprite (chid: 410)
Exported frame 14/73 DefineSprite (chid: 410)
Exported frame 15/73 DefineSprite (chid: 410)
Exported frame 16/73 DefineSprite (chid: 410)
Exported frame 17/73 DefineSprite (chid: 410)
Exported frame 18/73 DefineSprite (chid: 410)
Exported frame 19/73 DefineSprite (chid: 410)
Exported frame 20/73 DefineSprite (chid: 410)
Exported frame 21/73 DefineSprite (chid: 410)
Exported frame 22/73 DefineSprite (chid: 410)
Exported frame 23/73 DefineSprite (chid: 410)
Exported frame 24/73 DefineSprite (chid: 410)
Exported frame 25/73 DefineSprite (chid: 410)
Exported frame 26/73 DefineSprite (chid: 410)
Exported frame 27/73 DefineSprite (chid: 410)
Exported frame 28/73 DefineSprite (chid: 410)
Exported frame 29/73 DefineSprite (chid: 410)
Exported frame 30/73 DefineSprite (chid: 410)
Exported frame 31/73 DefineSprite (chid: 410)
Exported frame 32/73 DefineSprite (chid: 410)
Exported frame 33/73 DefineSprite (chid: 410)
Exported frame 34/73 DefineSprite (chid: 410)
Exported frame 35/73 DefineSprite (chid: 410)
Exported frame 36/73 DefineSprite (chid: 410)
Exported frame 37/73 DefineSprite (chid: 410)
Exported frame 38/73 DefineSprite (chid: 410)
Exported frame 39/73 DefineSprite (chid: 410)
Exported frame 40/73 DefineSprite (chid: 410)
Exported frame 41/73 DefineSprite (chid: 410)
Exported frame 42/73 DefineSprite (chid: 410)
Exported frame 43/73 DefineSprite (chid: 410)
Exported frame 44/73 DefineSprite (chid: 410)
Exported frame 45/73 DefineSprite (chid: 410)
Exported frame 46/73 DefineSprite (chid: 410)
Exported frame 47/73 DefineSprite (chid: 410)
Exported frame 48/73 DefineSprite (chid: 410)
Exported frame 49/73 DefineSprite (chid: 410)
Exported frame 50/73 DefineSprite (chid: 410)
Exported frame 51/73 DefineSprite (chid: 410)
Exported frame 52/73 DefineSprite (chid: 410)
Exported frame 53/73 DefineSprite (chid: 410)
Exported frame 54/73 DefineSprite (chid: 410)
Exported frame 55/73 DefineSprite (chid: 410)
Exported frame 56/73 DefineSprite (chid: 410)
Exported frame 57/73 DefineSprite (chid: 410)
Exported frame 58/73 DefineSprite (chid: 410)
Exported frame 59/73 DefineSprite (chid: 410)
Exported frame 60/73 DefineSprite (chid: 410)
Exported frame 61/73 DefineSprite (chid: 410)
Exported frame 62/73 DefineSprite (chid: 410)
Exported frame 63/73 DefineSprite (chid: 410)
Exported frame 64/73 DefineSprite (chid: 410)
Exported frame 65/73 DefineSprite (chid: 410)
Exported frame 66/73 DefineSprite (chid: 410)
Exported frame 67/73 DefineSprite (chid: 410)
Exported frame 68/73 DefineSprite (chid: 410)
Exported frame 69/73 DefineSprite (chid: 410)
Exported frame 70/73 DefineSprite (chid: 410)
Exported frame 71/73 DefineSprite (chid: 410)
Exported frame 72/73 DefineSprite (chid: 410)
Exported frame 73/73 DefineSprite (chid: 410)
Exported frame 1/1 DefineSprite (chid: 412)
Exported frame 1/1 DefineSprite (chid: 413)
Exported frame 1/1 DefineSprite (chid: 415)
Exported frame 1/1 DefineSprite (chid: 417)
Exported frame 1/1 DefineSprite (chid: 419)
Exported frame 1/1 DefineSprite (chid: 420)
Exported frame 1/1 DefineSprite (chid: 421)
Exported frame 1/73 DefineSprite (chid: 423)
Exported frame 2/73 DefineSprite (chid: 423)
Exported frame 3/73 DefineSprite (chid: 423)
Exported frame 4/73 DefineSprite (chid: 423)
Exported frame 5/73 DefineSprite (chid: 423)
Exported frame 6/73 DefineSprite (chid: 423)
Exported frame 7/73 DefineSprite (chid: 423)
Exported frame 8/73 DefineSprite (chid: 423)
Exported frame 9/73 DefineSprite (chid: 423)
Exported frame 10/73 DefineSprite (chid: 423)
Exported frame 11/73 DefineSprite (chid: 423)
Exported frame 12/73 DefineSprite (chid: 423)
Exported frame 13/73 DefineSprite (chid: 423)
Exported frame 14/73 DefineSprite (chid: 423)
Exported frame 15/73 DefineSprite (chid: 423)
Exported frame 16/73 DefineSprite (chid: 423)
Exported frame 17/73 DefineSprite (chid: 423)
Exported frame 18/73 DefineSprite (chid: 423)
Exported frame 19/73 DefineSprite (chid: 423)
Exported frame 20/73 DefineSprite (chid: 423)
Exported frame 21/73 DefineSprite (chid: 423)
Exported frame 22/73 DefineSprite (chid: 423)
Exported frame 23/73 DefineSprite (chid: 423)
Exported frame 24/73 DefineSprite (chid: 423)
Exported frame 25/73 DefineSprite (chid: 423)
Exported frame 26/73 DefineSprite (chid: 423)
Exported frame 27/73 DefineSprite (chid: 423)
Exported frame 28/73 DefineSprite (chid: 423)
Exported frame 29/73 DefineSprite (chid: 423)
Exported frame 30/73 DefineSprite (chid: 423)
Exported frame 31/73 DefineSprite (chid: 423)
Exported frame 32/73 DefineSprite (chid: 423)
Exported frame 33/73 DefineSprite (chid: 423)
Exported frame 34/73 DefineSprite (chid: 423)
Exported frame 35/73 DefineSprite (chid: 423)
Exported frame 36/73 DefineSprite (chid: 423)
Exported frame 37/73 DefineSprite (chid: 423)
Exported frame 38/73 DefineSprite (chid: 423)
Exported frame 39/73 DefineSprite (chid: 423)
Exported frame 40/73 DefineSprite (chid: 423)
Exported frame 41/73 DefineSprite (chid: 423)
Exported frame 42/73 DefineSprite (chid: 423)
Exported frame 43/73 DefineSprite (chid: 423)
Exported frame 44/73 DefineSprite (chid: 423)
Exported frame 45/73 DefineSprite (chid: 423)
Exported frame 46/73 DefineSprite (chid: 423)
Exported frame 47/73 DefineSprite (chid: 423)
Exported frame 48/73 DefineSprite (chid: 423)
Exported frame 49/73 DefineSprite (chid: 423)
Exported frame 50/73 DefineSprite (chid: 423)
Exported frame 51/73 DefineSprite (chid: 423)
Exported frame 52/73 DefineSprite (chid: 423)
Exported frame 53/73 DefineSprite (chid: 423)
Exported frame 54/73 DefineSprite (chid: 423)
Exported frame 55/73 DefineSprite (chid: 423)
Exported frame 56/73 DefineSprite (chid: 423)
Exported frame 57/73 DefineSprite (chid: 423)
Exported frame 58/73 DefineSprite (chid: 423)
Exported frame 59/73 DefineSprite (chid: 423)
Exported frame 60/73 DefineSprite (chid: 423)
Exported frame 61/73 DefineSprite (chid: 423)
Exported frame 62/73 DefineSprite (chid: 423)
Exported frame 63/73 DefineSprite (chid: 423)
Exported frame 64/73 DefineSprite (chid: 423)
Exported frame 65/73 DefineSprite (chid: 423)
Exported frame 66/73 DefineSprite (chid: 423)
Exported frame 67/73 DefineSprite (chid: 423)
Exported frame 68/73 DefineSprite (chid: 423)
Exported frame 69/73 DefineSprite (chid: 423)
Exported frame 70/73 DefineSprite (chid: 423)
Exported frame 71/73 DefineSprite (chid: 423)
Exported frame 72/73 DefineSprite (chid: 423)
Exported frame 73/73 DefineSprite (chid: 423)
Exported frame 1/70 DefineSprite (chid: 425, cls: Paradigm_fla.fireworks_box_202)
Exported frame 2/70 DefineSprite (chid: 425, cls: Paradigm_fla.fireworks_box_202)
Exported frame 3/70 DefineSprite (chid: 425, cls: Paradigm_fla.fireworks_box_202)
Exported frame 4/70 DefineSprite (chid: 425, cls: Paradigm_fla.fireworks_box_202)
Exported frame 5/70 DefineSprite (chid: 425, cls: Paradigm_fla.fireworks_box_202)
Exported frame 6/70 DefineSprite (chid: 425, cls: Paradigm_fla.fireworks_box_202)
Exported frame 7/70 DefineSprite (chid: 425, cls: Paradigm_fla.fireworks_box_202)
Exported frame 8/70 DefineSprite (chid: 425, cls: Paradigm_fla.fireworks_box_202)
Exported frame 9/70 DefineSprite (chid: 425, cls: Paradigm_fla.fireworks_box_202)
Exported frame 10/70 DefineSprite (chid: 425, cls: Paradigm_fla.fireworks_box_202)
Exported frame 11/70 DefineSprite (chid: 425, cls: Paradigm_fla.fireworks_box_202)
Exported frame 12/70 DefineSprite (chid: 425, cls: Paradigm_fla.fireworks_box_202)
Exported frame 13/70 DefineSprite (chid: 425, cls: Paradigm_fla.fireworks_box_202)
Exported frame 14/70 DefineSprite (chid: 425, cls: Paradigm_fla.fireworks_box_202)
Exported frame 15/70 DefineSprite (chid: 425, cls: Paradigm_fla.fireworks_box_202)
Exported frame 16/70 DefineSprite (chid: 425, cls: Paradigm_fla.fireworks_box_202)
Exported frame 17/70 DefineSprite (chid: 425, cls: Paradigm_fla.fireworks_box_202)
Exported frame 18/70 DefineSprite (chid: 425, cls: Paradigm_fla.fireworks_box_202)
Exported frame 19/70 DefineSprite (chid: 425, cls: Paradigm_fla.fireworks_box_202)
Exported frame 20/70 DefineSprite (chid: 425, cls: Paradigm_fla.fireworks_box_202)
Exported frame 21/70 DefineSprite (chid: 425, cls: Paradigm_fla.fireworks_box_202)
Exported frame 22/70 DefineSprite (chid: 425, cls: Paradigm_fla.fireworks_box_202)
Exported frame 23/70 DefineSprite (chid: 425, cls: Paradigm_fla.fireworks_box_202)
Exported frame 24/70 DefineSprite (chid: 425, cls: Paradigm_fla.fireworks_box_202)
Exported frame 25/70 DefineSprite (chid: 425, cls: Paradigm_fla.fireworks_box_202)
Exported frame 26/70 DefineSprite (chid: 425, cls: Paradigm_fla.fireworks_box_202)
Exported frame 27/70 DefineSprite (chid: 425, cls: Paradigm_fla.fireworks_box_202)
Exported frame 28/70 DefineSprite (chid: 425, cls: Paradigm_fla.fireworks_box_202)
Exported frame 29/70 DefineSprite (chid: 425, cls: Paradigm_fla.fireworks_box_202)
Exported frame 30/70 DefineSprite (chid: 425, cls: Paradigm_fla.fireworks_box_202)
Exported frame 31/70 DefineSprite (chid: 425, cls: Paradigm_fla.fireworks_box_202)
Exported frame 32/70 DefineSprite (chid: 425, cls: Paradigm_fla.fireworks_box_202)
Exported frame 33/70 DefineSprite (chid: 425, cls: Paradigm_fla.fireworks_box_202)
Exported frame 34/70 DefineSprite (chid: 425, cls: Paradigm_fla.fireworks_box_202)
Exported frame 35/70 DefineSprite (chid: 425, cls: Paradigm_fla.fireworks_box_202)
Exported frame 36/70 DefineSprite (chid: 425, cls: Paradigm_fla.fireworks_box_202)
Exported frame 37/70 DefineSprite (chid: 425, cls: Paradigm_fla.fireworks_box_202)
Exported frame 38/70 DefineSprite (chid: 425, cls: Paradigm_fla.fireworks_box_202)
Exported frame 39/70 DefineSprite (chid: 425, cls: Paradigm_fla.fireworks_box_202)
Exported frame 40/70 DefineSprite (chid: 425, cls: Paradigm_fla.fireworks_box_202)
Exported frame 41/70 DefineSprite (chid: 425, cls: Paradigm_fla.fireworks_box_202)
Exported frame 42/70 DefineSprite (chid: 425, cls: Paradigm_fla.fireworks_box_202)
Exported frame 43/70 DefineSprite (chid: 425, cls: Paradigm_fla.fireworks_box_202)
Exported frame 44/70 DefineSprite (chid: 425, cls: Paradigm_fla.fireworks_box_202)
Exported frame 45/70 DefineSprite (chid: 425, cls: Paradigm_fla.fireworks_box_202)
Exported frame 46/70 DefineSprite (chid: 425, cls: Paradigm_fla.fireworks_box_202)
Exported frame 47/70 DefineSprite (chid: 425, cls: Paradigm_fla.fireworks_box_202)
Exported frame 48/70 DefineSprite (chid: 425, cls: Paradigm_fla.fireworks_box_202)
Exported frame 49/70 DefineSprite (chid: 425, cls: Paradigm_fla.fireworks_box_202)
Exported frame 50/70 DefineSprite (chid: 425, cls: Paradigm_fla.fireworks_box_202)
Exported frame 51/70 DefineSprite (chid: 425, cls: Paradigm_fla.fireworks_box_202)
Exported frame 52/70 DefineSprite (chid: 425, cls: Paradigm_fla.fireworks_box_202)
Exported frame 53/70 DefineSprite (chid: 425, cls: Paradigm_fla.fireworks_box_202)
Exported frame 54/70 DefineSprite (chid: 425, cls: Paradigm_fla.fireworks_box_202)
Exported frame 55/70 DefineSprite (chid: 425, cls: Paradigm_fla.fireworks_box_202)
Exported frame 56/70 DefineSprite (chid: 425, cls: Paradigm_fla.fireworks_box_202)
Exported frame 57/70 DefineSprite (chid: 425, cls: Paradigm_fla.fireworks_box_202)
Exported frame 58/70 DefineSprite (chid: 425, cls: Paradigm_fla.fireworks_box_202)
Exported frame 59/70 DefineSprite (chid: 425, cls: Paradigm_fla.fireworks_box_202)
Exported frame 60/70 DefineSprite (chid: 425, cls: Paradigm_fla.fireworks_box_202)
Exported frame 61/70 DefineSprite (chid: 425, cls: Paradigm_fla.fireworks_box_202)
Exported frame 62/70 DefineSprite (chid: 425, cls: Paradigm_fla.fireworks_box_202)
Exported frame 63/70 DefineSprite (chid: 425, cls: Paradigm_fla.fireworks_box_202)
Exported frame 64/70 DefineSprite (chid: 425, cls: Paradigm_fla.fireworks_box_202)
Exported frame 65/70 DefineSprite (chid: 425, cls: Paradigm_fla.fireworks_box_202)
Exported frame 66/70 DefineSprite (chid: 425, cls: Paradigm_fla.fireworks_box_202)
Exported frame 67/70 DefineSprite (chid: 425, cls: Paradigm_fla.fireworks_box_202)
Exported frame 68/70 DefineSprite (chid: 425, cls: Paradigm_fla.fireworks_box_202)
Exported frame 69/70 DefineSprite (chid: 425, cls: Paradigm_fla.fireworks_box_202)
Exported frame 70/70 DefineSprite (chid: 425, cls: Paradigm_fla.fireworks_box_202)
Exported frame 1/1 DefineSprite (chid: 442)
Exported frame 1/6 DefineSprite (chid: 455)
Exported frame 2/6 DefineSprite (chid: 455)
Exported frame 3/6 DefineSprite (chid: 455)
Exported frame 4/6 DefineSprite (chid: 455)
Exported frame 5/6 DefineSprite (chid: 455)
Exported frame 6/6 DefineSprite (chid: 455)
Exported frame 1/2 DefineSprite (chid: 457)
Exported frame 2/2 DefineSprite (chid: 457)
Exported frame 1/7 DefineSprite (chid: 465)
Exported frame 2/7 DefineSprite (chid: 465)
Exported frame 3/7 DefineSprite (chid: 465)
Exported frame 4/7 DefineSprite (chid: 465)
Exported frame 5/7 DefineSprite (chid: 465)
Exported frame 6/7 DefineSprite (chid: 465)
Exported frame 7/7 DefineSprite (chid: 465)
Exported frame 1/7 DefineSprite (chid: 473)
Exported frame 2/7 DefineSprite (chid: 473)
Exported frame 3/7 DefineSprite (chid: 473)
Exported frame 4/7 DefineSprite (chid: 473)
Exported frame 5/7 DefineSprite (chid: 473)
Exported frame 6/7 DefineSprite (chid: 473)
Exported frame 7/7 DefineSprite (chid: 473)
Exported frame 1/1 DefineSprite (chid: 474)
Exported frame 1/2 DefineSprite (chid: 476)
Exported frame 2/2 DefineSprite (chid: 476)
Exported frame 1/1 DefineSprite (chid: 478)
Exported frame 1/1 DefineSprite (chid: 480)
Exported frame 1/1 DefineSprite (chid: 484)
Exported frame 1/50 DefineSprite (chid: 485)
Exported frame 2/50 DefineSprite (chid: 485)
Exported frame 3/50 DefineSprite (chid: 485)
Exported frame 4/50 DefineSprite (chid: 485)
Exported frame 5/50 DefineSprite (chid: 485)
Exported frame 6/50 DefineSprite (chid: 485)
Exported frame 7/50 DefineSprite (chid: 485)
Exported frame 8/50 DefineSprite (chid: 485)
Exported frame 9/50 DefineSprite (chid: 485)
Exported frame 10/50 DefineSprite (chid: 485)
Exported frame 11/50 DefineSprite (chid: 485)
Exported frame 12/50 DefineSprite (chid: 485)
Exported frame 13/50 DefineSprite (chid: 485)
Exported frame 14/50 DefineSprite (chid: 485)
Exported frame 15/50 DefineSprite (chid: 485)
Exported frame 16/50 DefineSprite (chid: 485)
Exported frame 17/50 DefineSprite (chid: 485)
Exported frame 18/50 DefineSprite (chid: 485)
Exported frame 19/50 DefineSprite (chid: 485)
Exported frame 20/50 DefineSprite (chid: 485)
Exported frame 21/50 DefineSprite (chid: 485)
Exported frame 22/50 DefineSprite (chid: 485)
Exported frame 23/50 DefineSprite (chid: 485)
Exported frame 24/50 DefineSprite (chid: 485)
Exported frame 25/50 DefineSprite (chid: 485)
Exported frame 26/50 DefineSprite (chid: 485)
Exported frame 27/50 DefineSprite (chid: 485)
Exported frame 28/50 DefineSprite (chid: 485)
Exported frame 29/50 DefineSprite (chid: 485)
Exported frame 30/50 DefineSprite (chid: 485)
Exported frame 31/50 DefineSprite (chid: 485)
Exported frame 32/50 DefineSprite (chid: 485)
Exported frame 33/50 DefineSprite (chid: 485)
Exported frame 34/50 DefineSprite (chid: 485)
Exported frame 35/50 DefineSprite (chid: 485)
Exported frame 36/50 DefineSprite (chid: 485)
Exported frame 37/50 DefineSprite (chid: 485)
Exported frame 38/50 DefineSprite (chid: 485)
Exported frame 39/50 DefineSprite (chid: 485)
Exported frame 40/50 DefineSprite (chid: 485)
Exported frame 41/50 DefineSprite (chid: 485)
Exported frame 42/50 DefineSprite (chid: 485)
Exported frame 43/50 DefineSprite (chid: 485)
Exported frame 44/50 DefineSprite (chid: 485)
Exported frame 45/50 DefineSprite (chid: 485)
Exported frame 46/50 DefineSprite (chid: 485)
Exported frame 47/50 DefineSprite (chid: 485)
Exported frame 48/50 DefineSprite (chid: 485)
Exported frame 49/50 DefineSprite (chid: 485)
Exported frame 50/50 DefineSprite (chid: 485)
Exported frame 1/1 DefineSprite (chid: 487)
Exported frame 1/1 DefineSprite (chid: 489)
Exported frame 1/1 DefineSprite (chid: 491)
Exported frame 1/1 DefineSprite (chid: 493)
Exported frame 1/30 DefineSprite (chid: 494)
Exported frame 2/30 DefineSprite (chid: 494)
Exported frame 3/30 DefineSprite (chid: 494)
Exported frame 4/30 DefineSprite (chid: 494)
Exported frame 5/30 DefineSprite (chid: 494)
Exported frame 6/30 DefineSprite (chid: 494)
Exported frame 7/30 DefineSprite (chid: 494)
Exported frame 8/30 DefineSprite (chid: 494)
Exported frame 9/30 DefineSprite (chid: 494)
Exported frame 10/30 DefineSprite (chid: 494)
Exported frame 11/30 DefineSprite (chid: 494)
Exported frame 12/30 DefineSprite (chid: 494)
Exported frame 13/30 DefineSprite (chid: 494)
Exported frame 14/30 DefineSprite (chid: 494)
Exported frame 15/30 DefineSprite (chid: 494)
Exported frame 16/30 DefineSprite (chid: 494)
Exported frame 17/30 DefineSprite (chid: 494)
Exported frame 18/30 DefineSprite (chid: 494)
Exported frame 19/30 DefineSprite (chid: 494)
Exported frame 20/30 DefineSprite (chid: 494)
Exported frame 21/30 DefineSprite (chid: 494)
Exported frame 22/30 DefineSprite (chid: 494)
Exported frame 23/30 DefineSprite (chid: 494)
Exported frame 24/30 DefineSprite (chid: 494)
Exported frame 25/30 DefineSprite (chid: 494)
Exported frame 26/30 DefineSprite (chid: 494)
Exported frame 27/30 DefineSprite (chid: 494)
Exported frame 28/30 DefineSprite (chid: 494)
Exported frame 29/30 DefineSprite (chid: 494)
Exported frame 30/30 DefineSprite (chid: 494)
Exported frame 1/1 DefineSprite (chid: 496)
Exported frame 1/1 DefineSprite (chid: 498)
Exported frame 1/1 DefineSprite (chid: 501)
Exported frame 1/48 DefineSprite (chid: 507, cls: Paradigm_fla.multicannoncopy_232)
Exported frame 2/48 DefineSprite (chid: 507, cls: Paradigm_fla.multicannoncopy_232)
Exported frame 3/48 DefineSprite (chid: 507, cls: Paradigm_fla.multicannoncopy_232)
Exported frame 4/48 DefineSprite (chid: 507, cls: Paradigm_fla.multicannoncopy_232)
Exported frame 5/48 DefineSprite (chid: 507, cls: Paradigm_fla.multicannoncopy_232)
Exported frame 6/48 DefineSprite (chid: 507, cls: Paradigm_fla.multicannoncopy_232)
Exported frame 7/48 DefineSprite (chid: 507, cls: Paradigm_fla.multicannoncopy_232)
Exported frame 8/48 DefineSprite (chid: 507, cls: Paradigm_fla.multicannoncopy_232)
Exported frame 9/48 DefineSprite (chid: 507, cls: Paradigm_fla.multicannoncopy_232)
Exported frame 10/48 DefineSprite (chid: 507, cls: Paradigm_fla.multicannoncopy_232)
Exported frame 11/48 DefineSprite (chid: 507, cls: Paradigm_fla.multicannoncopy_232)
Exported frame 12/48 DefineSprite (chid: 507, cls: Paradigm_fla.multicannoncopy_232)
Exported frame 13/48 DefineSprite (chid: 507, cls: Paradigm_fla.multicannoncopy_232)
Exported frame 14/48 DefineSprite (chid: 507, cls: Paradigm_fla.multicannoncopy_232)
Exported frame 15/48 DefineSprite (chid: 507, cls: Paradigm_fla.multicannoncopy_232)
Exported frame 16/48 DefineSprite (chid: 507, cls: Paradigm_fla.multicannoncopy_232)
Exported frame 17/48 DefineSprite (chid: 507, cls: Paradigm_fla.multicannoncopy_232)
Exported frame 18/48 DefineSprite (chid: 507, cls: Paradigm_fla.multicannoncopy_232)
Exported frame 19/48 DefineSprite (chid: 507, cls: Paradigm_fla.multicannoncopy_232)
Exported frame 20/48 DefineSprite (chid: 507, cls: Paradigm_fla.multicannoncopy_232)
Exported frame 21/48 DefineSprite (chid: 507, cls: Paradigm_fla.multicannoncopy_232)
Exported frame 22/48 DefineSprite (chid: 507, cls: Paradigm_fla.multicannoncopy_232)
Exported frame 23/48 DefineSprite (chid: 507, cls: Paradigm_fla.multicannoncopy_232)
Exported frame 24/48 DefineSprite (chid: 507, cls: Paradigm_fla.multicannoncopy_232)
Exported frame 25/48 DefineSprite (chid: 507, cls: Paradigm_fla.multicannoncopy_232)
Exported frame 26/48 DefineSprite (chid: 507, cls: Paradigm_fla.multicannoncopy_232)
Exported frame 27/48 DefineSprite (chid: 507, cls: Paradigm_fla.multicannoncopy_232)
Exported frame 28/48 DefineSprite (chid: 507, cls: Paradigm_fla.multicannoncopy_232)
Exported frame 29/48 DefineSprite (chid: 507, cls: Paradigm_fla.multicannoncopy_232)
Exported frame 30/48 DefineSprite (chid: 507, cls: Paradigm_fla.multicannoncopy_232)
Exported frame 31/48 DefineSprite (chid: 507, cls: Paradigm_fla.multicannoncopy_232)
Exported frame 32/48 DefineSprite (chid: 507, cls: Paradigm_fla.multicannoncopy_232)
Exported frame 33/48 DefineSprite (chid: 507, cls: Paradigm_fla.multicannoncopy_232)
Exported frame 34/48 DefineSprite (chid: 507, cls: Paradigm_fla.multicannoncopy_232)
Exported frame 35/48 DefineSprite (chid: 507, cls: Paradigm_fla.multicannoncopy_232)
Exported frame 36/48 DefineSprite (chid: 507, cls: Paradigm_fla.multicannoncopy_232)
Exported frame 37/48 DefineSprite (chid: 507, cls: Paradigm_fla.multicannoncopy_232)
Exported frame 38/48 DefineSprite (chid: 507, cls: Paradigm_fla.multicannoncopy_232)
Exported frame 39/48 DefineSprite (chid: 507, cls: Paradigm_fla.multicannoncopy_232)
Exported frame 40/48 DefineSprite (chid: 507, cls: Paradigm_fla.multicannoncopy_232)
Exported frame 41/48 DefineSprite (chid: 507, cls: Paradigm_fla.multicannoncopy_232)
Exported frame 42/48 DefineSprite (chid: 507, cls: Paradigm_fla.multicannoncopy_232)
Exported frame 43/48 DefineSprite (chid: 507, cls: Paradigm_fla.multicannoncopy_232)
Exported frame 44/48 DefineSprite (chid: 507, cls: Paradigm_fla.multicannoncopy_232)
Exported frame 45/48 DefineSprite (chid: 507, cls: Paradigm_fla.multicannoncopy_232)
Exported frame 46/48 DefineSprite (chid: 507, cls: Paradigm_fla.multicannoncopy_232)
Exported frame 47/48 DefineSprite (chid: 507, cls: Paradigm_fla.multicannoncopy_232)
Exported frame 48/48 DefineSprite (chid: 507, cls: Paradigm_fla.multicannoncopy_232)
Exported frame 1/1 DefineSprite (chid: 511)
Exported frame 1/1 DefineSprite (chid: 513)
Exported frame 1/1 DefineSprite (chid: 514)
Exported frame 1/26 DefineSprite (chid: 516)
Exported frame 2/26 DefineSprite (chid: 516)
Exported frame 3/26 DefineSprite (chid: 516)
Exported frame 4/26 DefineSprite (chid: 516)
Exported frame 5/26 DefineSprite (chid: 516)
Exported frame 6/26 DefineSprite (chid: 516)
Exported frame 7/26 DefineSprite (chid: 516)
Exported frame 8/26 DefineSprite (chid: 516)
Exported frame 9/26 DefineSprite (chid: 516)
Exported frame 10/26 DefineSprite (chid: 516)
Exported frame 11/26 DefineSprite (chid: 516)
Exported frame 12/26 DefineSprite (chid: 516)
Exported frame 13/26 DefineSprite (chid: 516)
Exported frame 14/26 DefineSprite (chid: 516)
Exported frame 15/26 DefineSprite (chid: 516)
Exported frame 16/26 DefineSprite (chid: 516)
Exported frame 17/26 DefineSprite (chid: 516)
Exported frame 18/26 DefineSprite (chid: 516)
Exported frame 19/26 DefineSprite (chid: 516)
Exported frame 20/26 DefineSprite (chid: 516)
Exported frame 21/26 DefineSprite (chid: 516)
Exported frame 22/26 DefineSprite (chid: 516)
Exported frame 23/26 DefineSprite (chid: 516)
Exported frame 24/26 DefineSprite (chid: 516)
Exported frame 25/26 DefineSprite (chid: 516)
Exported frame 26/26 DefineSprite (chid: 516)
Exported frame 1/1 DefineSprite (chid: 526)
Exported frame 1/1 DefineSprite (chid: 528)
Exported frame 1/1 DefineSprite (chid: 530)
Exported frame 1/1 DefineSprite (chid: 533)
Exported frame 1/1 DefineSprite (chid: 534)
Exported frame 1/1 DefineSprite (chid: 536)
Exported frame 1/1 DefineSprite (chid: 538)
Exported frame 1/1 DefineSprite (chid: 540)
Exported frame 1/1 DefineSprite (chid: 542)
Exported frame 1/1 DefineSprite (chid: 545)
Exported frame 1/1 DefineSprite (chid: 546)
Exported frame 1/1 DefineSprite (chid: 548)
Exported frame 1/1 DefineSprite (chid: 550)
Exported frame 1/1 DefineSprite (chid: 552)
Exported frame 1/2 DefineSprite (chid: 555)
Exported frame 2/2 DefineSprite (chid: 555)
Exported frame 1/2 DefineSprite (chid: 558)
Exported frame 2/2 DefineSprite (chid: 558)
Exported frame 1/2 DefineSprite (chid: 561)
Exported frame 2/2 DefineSprite (chid: 561)
Exported frame 1/3 DefineSprite (chid: 565)
Exported frame 2/3 DefineSprite (chid: 565)
Exported frame 3/3 DefineSprite (chid: 565)
Exported frame 1/2 DefineSprite (chid: 566)
Exported frame 2/2 DefineSprite (chid: 566)
Exported frame 1/65 DefineSprite (chid: 567, cls: Paradigm_fla.proton_cannon_249)
Exported frame 2/65 DefineSprite (chid: 567, cls: Paradigm_fla.proton_cannon_249)
Exported frame 3/65 DefineSprite (chid: 567, cls: Paradigm_fla.proton_cannon_249)
Exported frame 4/65 DefineSprite (chid: 567, cls: Paradigm_fla.proton_cannon_249)
Exported frame 5/65 DefineSprite (chid: 567, cls: Paradigm_fla.proton_cannon_249)
Exported frame 6/65 DefineSprite (chid: 567, cls: Paradigm_fla.proton_cannon_249)
Exported frame 7/65 DefineSprite (chid: 567, cls: Paradigm_fla.proton_cannon_249)
Exported frame 8/65 DefineSprite (chid: 567, cls: Paradigm_fla.proton_cannon_249)
Exported frame 9/65 DefineSprite (chid: 567, cls: Paradigm_fla.proton_cannon_249)
Exported frame 10/65 DefineSprite (chid: 567, cls: Paradigm_fla.proton_cannon_249)
Exported frame 11/65 DefineSprite (chid: 567, cls: Paradigm_fla.proton_cannon_249)
Exported frame 12/65 DefineSprite (chid: 567, cls: Paradigm_fla.proton_cannon_249)
Exported frame 13/65 DefineSprite (chid: 567, cls: Paradigm_fla.proton_cannon_249)
Exported frame 14/65 DefineSprite (chid: 567, cls: Paradigm_fla.proton_cannon_249)
Exported frame 15/65 DefineSprite (chid: 567, cls: Paradigm_fla.proton_cannon_249)
Exported frame 16/65 DefineSprite (chid: 567, cls: Paradigm_fla.proton_cannon_249)
Exported frame 17/65 DefineSprite (chid: 567, cls: Paradigm_fla.proton_cannon_249)
Exported frame 18/65 DefineSprite (chid: 567, cls: Paradigm_fla.proton_cannon_249)
Exported frame 19/65 DefineSprite (chid: 567, cls: Paradigm_fla.proton_cannon_249)
Exported frame 20/65 DefineSprite (chid: 567, cls: Paradigm_fla.proton_cannon_249)
Exported frame 21/65 DefineSprite (chid: 567, cls: Paradigm_fla.proton_cannon_249)
Exported frame 22/65 DefineSprite (chid: 567, cls: Paradigm_fla.proton_cannon_249)
Exported frame 23/65 DefineSprite (chid: 567, cls: Paradigm_fla.proton_cannon_249)
Exported frame 24/65 DefineSprite (chid: 567, cls: Paradigm_fla.proton_cannon_249)
Exported frame 25/65 DefineSprite (chid: 567, cls: Paradigm_fla.proton_cannon_249)
Exported frame 26/65 DefineSprite (chid: 567, cls: Paradigm_fla.proton_cannon_249)
Exported frame 27/65 DefineSprite (chid: 567, cls: Paradigm_fla.proton_cannon_249)
Exported frame 28/65 DefineSprite (chid: 567, cls: Paradigm_fla.proton_cannon_249)
Exported frame 29/65 DefineSprite (chid: 567, cls: Paradigm_fla.proton_cannon_249)
Exported frame 30/65 DefineSprite (chid: 567, cls: Paradigm_fla.proton_cannon_249)
Exported frame 31/65 DefineSprite (chid: 567, cls: Paradigm_fla.proton_cannon_249)
Exported frame 32/65 DefineSprite (chid: 567, cls: Paradigm_fla.proton_cannon_249)
Exported frame 33/65 DefineSprite (chid: 567, cls: Paradigm_fla.proton_cannon_249)
Exported frame 34/65 DefineSprite (chid: 567, cls: Paradigm_fla.proton_cannon_249)
Exported frame 35/65 DefineSprite (chid: 567, cls: Paradigm_fla.proton_cannon_249)
Exported frame 36/65 DefineSprite (chid: 567, cls: Paradigm_fla.proton_cannon_249)
Exported frame 37/65 DefineSprite (chid: 567, cls: Paradigm_fla.proton_cannon_249)
Exported frame 38/65 DefineSprite (chid: 567, cls: Paradigm_fla.proton_cannon_249)
Exported frame 39/65 DefineSprite (chid: 567, cls: Paradigm_fla.proton_cannon_249)
Exported frame 40/65 DefineSprite (chid: 567, cls: Paradigm_fla.proton_cannon_249)
Exported frame 41/65 DefineSprite (chid: 567, cls: Paradigm_fla.proton_cannon_249)
Exported frame 42/65 DefineSprite (chid: 567, cls: Paradigm_fla.proton_cannon_249)
Exported frame 43/65 DefineSprite (chid: 567, cls: Paradigm_fla.proton_cannon_249)
Exported frame 44/65 DefineSprite (chid: 567, cls: Paradigm_fla.proton_cannon_249)
Exported frame 45/65 DefineSprite (chid: 567, cls: Paradigm_fla.proton_cannon_249)
Exported frame 46/65 DefineSprite (chid: 567, cls: Paradigm_fla.proton_cannon_249)
Exported frame 47/65 DefineSprite (chid: 567, cls: Paradigm_fla.proton_cannon_249)
Exported frame 48/65 DefineSprite (chid: 567, cls: Paradigm_fla.proton_cannon_249)
Exported frame 49/65 DefineSprite (chid: 567, cls: Paradigm_fla.proton_cannon_249)
Exported frame 50/65 DefineSprite (chid: 567, cls: Paradigm_fla.proton_cannon_249)
Exported frame 51/65 DefineSprite (chid: 567, cls: Paradigm_fla.proton_cannon_249)
Exported frame 52/65 DefineSprite (chid: 567, cls: Paradigm_fla.proton_cannon_249)
Exported frame 53/65 DefineSprite (chid: 567, cls: Paradigm_fla.proton_cannon_249)
Exported frame 54/65 DefineSprite (chid: 567, cls: Paradigm_fla.proton_cannon_249)
Exported frame 55/65 DefineSprite (chid: 567, cls: Paradigm_fla.proton_cannon_249)
Exported frame 56/65 DefineSprite (chid: 567, cls: Paradigm_fla.proton_cannon_249)
Exported frame 57/65 DefineSprite (chid: 567, cls: Paradigm_fla.proton_cannon_249)
Exported frame 58/65 DefineSprite (chid: 567, cls: Paradigm_fla.proton_cannon_249)
Exported frame 59/65 DefineSprite (chid: 567, cls: Paradigm_fla.proton_cannon_249)
Exported frame 60/65 DefineSprite (chid: 567, cls: Paradigm_fla.proton_cannon_249)
Exported frame 61/65 DefineSprite (chid: 567, cls: Paradigm_fla.proton_cannon_249)
Exported frame 62/65 DefineSprite (chid: 567, cls: Paradigm_fla.proton_cannon_249)
Exported frame 63/65 DefineSprite (chid: 567, cls: Paradigm_fla.proton_cannon_249)
Exported frame 64/65 DefineSprite (chid: 567, cls: Paradigm_fla.proton_cannon_249)
Exported frame 65/65 DefineSprite (chid: 567, cls: Paradigm_fla.proton_cannon_249)
Exported frame 1/5 DefineSprite (chid: 573)
Exported frame 2/5 DefineSprite (chid: 573)
Exported frame 3/5 DefineSprite (chid: 573)
Exported frame 4/5 DefineSprite (chid: 573)
Exported frame 5/5 DefineSprite (chid: 573)
Exported frame 1/15 DefineSprite (chid: 578)
Exported frame 2/15 DefineSprite (chid: 578)
Exported frame 3/15 DefineSprite (chid: 578)
Exported frame 4/15 DefineSprite (chid: 578)
Exported frame 5/15 DefineSprite (chid: 578)
Exported frame 6/15 DefineSprite (chid: 578)
Exported frame 7/15 DefineSprite (chid: 578)
Exported frame 8/15 DefineSprite (chid: 578)
Exported frame 9/15 DefineSprite (chid: 578)
Exported frame 10/15 DefineSprite (chid: 578)
Exported frame 11/15 DefineSprite (chid: 578)
Exported frame 12/15 DefineSprite (chid: 578)
Exported frame 13/15 DefineSprite (chid: 578)
Exported frame 14/15 DefineSprite (chid: 578)
Exported frame 15/15 DefineSprite (chid: 578)
Exported frame 1/8 DefineSprite (chid: 586)
Exported frame 2/8 DefineSprite (chid: 586)
Exported frame 3/8 DefineSprite (chid: 586)
Exported frame 4/8 DefineSprite (chid: 586)
Exported frame 5/8 DefineSprite (chid: 586)
Exported frame 6/8 DefineSprite (chid: 586)
Exported frame 7/8 DefineSprite (chid: 586)
Exported frame 8/8 DefineSprite (chid: 586)
Exported frame 1/7 DefineSprite (chid: 594)
Exported frame 2/7 DefineSprite (chid: 594)
Exported frame 3/7 DefineSprite (chid: 594)
Exported frame 4/7 DefineSprite (chid: 594)
Exported frame 5/7 DefineSprite (chid: 594)
Exported frame 6/7 DefineSprite (chid: 594)
Exported frame 7/7 DefineSprite (chid: 594)
Exported frame 1/1 DefineSprite (chid: 596)
Exported frame 1/5 DefineSprite (chid: 602)
Exported frame 2/5 DefineSprite (chid: 602)
Exported frame 3/5 DefineSprite (chid: 602)
Exported frame 4/5 DefineSprite (chid: 602)
Exported frame 5/5 DefineSprite (chid: 602)
Exported frame 1/1 DefineSprite (chid: 605)
Exported frame 1/1 DefineSprite (chid: 607)
Exported frame 1/1 DefineSprite (chid: 609)
Exported frame 1/1 DefineSprite (chid: 611)
Exported frame 1/1 DefineSprite (chid: 613)
Exported frame 1/1 DefineSprite (chid: 621)
Exported frame 1/32 DefineSprite (chid: 637)
Exported frame 2/32 DefineSprite (chid: 637)
Exported frame 3/32 DefineSprite (chid: 637)
Exported frame 4/32 DefineSprite (chid: 637)
Exported frame 5/32 DefineSprite (chid: 637)
Exported frame 6/32 DefineSprite (chid: 637)
Exported frame 7/32 DefineSprite (chid: 637)
Exported frame 8/32 DefineSprite (chid: 637)
Exported frame 9/32 DefineSprite (chid: 637)
Exported frame 10/32 DefineSprite (chid: 637)
Exported frame 11/32 DefineSprite (chid: 637)
Exported frame 12/32 DefineSprite (chid: 637)
Exported frame 13/32 DefineSprite (chid: 637)
Exported frame 14/32 DefineSprite (chid: 637)
Exported frame 15/32 DefineSprite (chid: 637)
Exported frame 16/32 DefineSprite (chid: 637)
Exported frame 17/32 DefineSprite (chid: 637)
Exported frame 18/32 DefineSprite (chid: 637)
Exported frame 19/32 DefineSprite (chid: 637)
Exported frame 20/32 DefineSprite (chid: 637)
Exported frame 21/32 DefineSprite (chid: 637)
Exported frame 22/32 DefineSprite (chid: 637)
Exported frame 23/32 DefineSprite (chid: 637)
Exported frame 24/32 DefineSprite (chid: 637)
Exported frame 25/32 DefineSprite (chid: 637)
Exported frame 26/32 DefineSprite (chid: 637)
Exported frame 27/32 DefineSprite (chid: 637)
Exported frame 28/32 DefineSprite (chid: 637)
Exported frame 29/32 DefineSprite (chid: 637)
Exported frame 30/32 DefineSprite (chid: 637)
Exported frame 31/32 DefineSprite (chid: 637)
Exported frame 32/32 DefineSprite (chid: 637)
Exported frame 1/1 DefineSprite (chid: 638)
Exported frame 1/1 DefineSprite (chid: 640)
Exported frame 1/1 DefineSprite (chid: 642)
Exported frame 1/1 DefineSprite (chid: 644)
Exported frame 1/1 DefineSprite (chid: 645)
Exported frame 1/1 DefineSprite (chid: 647)
Exported frame 1/1 DefineSprite (chid: 649)
Exported frame 1/1 DefineSprite (chid: 651)
Exported frame 1/1 DefineSprite (chid: 653)
Exported frame 1/1 DefineSprite (chid: 655)
Exported frame 1/1 DefineSprite (chid: 657)
Exported frame 1/1 DefineSprite (chid: 659)
Exported frame 1/1 DefineSprite (chid: 661)
Exported frame 1/1 DefineSprite (chid: 663)
Exported frame 1/1 DefineSprite (chid: 665)
Exported frame 1/1 DefineSprite (chid: 667)
Exported frame 1/1 DefineSprite (chid: 669)
Exported frame 1/1 DefineSprite (chid: 671)
Exported frame 1/1 DefineSprite (chid: 673)
Exported frame 1/1 DefineSprite (chid: 675)
Exported frame 1/1 DefineSprite (chid: 677)
Exported frame 1/1 DefineSprite (chid: 679)
Exported frame 1/1 DefineSprite (chid: 681)
Exported frame 1/1 DefineSprite (chid: 704)
Exported frame 1/1 DefineSprite (chid: 705)
Exported frame 1/1 DefineSprite (chid: 709)
Exported frame 1/1 DefineSprite (chid: 712)
Exported frame 1/1 DefineSprite (chid: 714)
Exported frame 1/1 DefineSprite (chid: 716)
Exported frame 1/1 DefineSprite (chid: 718)
Exported frame 1/1 DefineSprite (chid: 719)
Exported frame 1/1 DefineSprite (chid: 721)
Exported frame 1/1 DefineSprite (chid: 723)
Exported frame 1/1 DefineSprite (chid: 725)
Exported frame 1/1 DefineSprite (chid: 726)
Exported frame 1/1 DefineSprite (chid: 728)
Exported frame 1/1 DefineSprite (chid: 730)
Exported frame 1/1 DefineSprite (chid: 732)
Exported frame 1/1 DefineSprite (chid: 734)
Exported frame 1/1 DefineSprite (chid: 736)
Exported frame 1/1 DefineSprite (chid: 738)
Exported frame 1/1 DefineSprite (chid: 740)
Exported frame 1/1 DefineSprite (chid: 742)
Exported frame 1/1 DefineSprite (chid: 744)
Exported frame 1/1 DefineSprite (chid: 746)
Exported frame 1/1 DefineSprite (chid: 748)
Exported frame 1/1 DefineSprite (chid: 750)
Exported frame 1/1 DefineSprite (chid: 752)
Exported frame 1/1 DefineSprite (chid: 754)
Exported frame 1/1 DefineSprite (chid: 756)
Exported frame 1/1 DefineSprite (chid: 758)
Exported frame 1/1 DefineSprite (chid: 760)
Exported frame 1/1 DefineSprite (chid: 762)
Exported frame 1/1 DefineSprite (chid: 764)
Exported frame 1/1 DefineSprite (chid: 766)
Exported frame 1/1 DefineSprite (chid: 768)
Exported frame 1/1 DefineSprite (chid: 770)
Exported frame 1/1 DefineSprite (chid: 772)
Exported frame 1/1 DefineSprite (chid: 774)
Exported frame 1/1 DefineSprite (chid: 776)
Exported frame 1/1 DefineSprite (chid: 778)
Exported frame 1/1 DefineSprite (chid: 780)
Exported frame 1/1 DefineSprite (chid: 781)
Exported frame 1/1 DefineSprite (chid: 783)
Exported frame 1/1 DefineSprite (chid: 784)
Exported frame 1/1 DefineSprite (chid: 786)
Exported frame 1/1 DefineSprite (chid: 787)
Exported frame 1/1 DefineSprite (chid: 792)
Exported frame 1/1 DefineSprite (chid: 842)
Exported frame 1/1 DefineSprite (chid: 843)
Exported frame 1/1 DefineSprite (chid: 861)
Exported frame 1/1 DefineSprite (chid: 919)
Exported frame 1/1 DefineSprite (chid: 953)
Exported frame 1/1 DefineSprite (chid: 954)
Exported frame 1/1 DefineSprite (chid: 973)
Exported frame 1/1 DefineSprite (chid: 974)
Exported frame 1/1 DefineSprite (chid: 1017)
Exported frame 1/1 DefineSprite (chid: 1025)
Exported frame 1/1 DefineSprite (chid: 1027)
Exported frame 1/1 DefineSprite (chid: 1028)
Exported frame 1/1 DefineSprite (chid: 1030)
Exported frame 1/1 DefineSprite (chid: 1031)
Exported frame 1/1 DefineSprite (chid: 1033)
Exported frame 1/1 DefineSprite (chid: 1035)
Exported frame 1/1 DefineSprite (chid: 1037)
Exported frame 1/1 DefineSprite (chid: 1038)
Exported frame 1/1 DefineSprite (chid: 1040)
Exported frame 1/1 DefineSprite (chid: 1041)
Exported frame 1/1 DefineSprite (chid: 1043)
Exported frame 1/1 DefineSprite (chid: 1045)
Exported frame 1/1 DefineSprite (chid: 1047)
Exported frame 1/1 DefineSprite (chid: 1049)
Exported frame 1/1 DefineSprite (chid: 1051)
Exported frame 1/1 DefineSprite (chid: 1052)
Exported frame 1/1 DefineSprite (chid: 1054)
Exported frame 1/1 DefineSprite (chid: 1055)
Exported frame 1/1 DefineSprite (chid: 1057)
Exported frame 1/1 DefineSprite (chid: 1058)
Exported frame 1/1 DefineSprite (chid: 1059)
Exported frame 1/1 DefineSprite (chid: 1060)
Exported frame 1/1 DefineSprite (chid: 1061)
Exported frame 1/1 DefineSprite (chid: 1063)
Exported frame 1/1 DefineSprite (chid: 1064)
Exported frame 1/1 DefineSprite (chid: 1065)
Exported frame 1/1 DefineSprite (chid: 1081)
Exported frame 1/1 DefineSprite (chid: 1082)
Exported frame 1/1 DefineSprite (chid: 1083)
Exported frame 1/1 DefineSprite (chid: 1084)
Exported frame 1/1 DefineSprite (chid: 1085)
Exported frame 1/1 DefineSprite (chid: 1110)
Exported frame 1/1 DefineSprite (chid: 1112)
Exported frame 1/1 DefineSprite (chid: 1114)
Exported frame 1/1 DefineSprite (chid: 1117)
Exported frame 1/1 DefineSprite (chid: 1119)
Exported frame 1/1 DefineSprite (chid: 1121)
Exported frame 1/1 DefineSprite (chid: 1123)
Exported frame 1/1 DefineSprite (chid: 1126)
Exported frame 1/1 DefineSprite (chid: 1128)
Exported frame 1/1 DefineSprite (chid: 1130)
Exported frame 1/1 DefineSprite (chid: 1132)
Exported frame 1/1 DefineSprite (chid: 1134)
Exported frame 1/1 DefineSprite (chid: 1136)
Exported frame 1/1 DefineSprite (chid: 1138)
Exported frame 1/1 DefineSprite (chid: 1140)
Exported frame 1/1 DefineSprite (chid: 1143)
Exported frame 1/1 DefineSprite (chid: 1145)
Exported frame 1/1 DefineSprite (chid: 1148)
Exported frame 1/1 DefineSprite (chid: 1151)
Exported frame 1/1 DefineSprite (chid: 1153)
Exported frame 1/1 DefineSprite (chid: 1155)
Exported frame 1/1 DefineSprite (chid: 1157)
Exported frame 1/12 DefineSprite (chid: 1168)
Exported frame 2/12 DefineSprite (chid: 1168)
Exported frame 3/12 DefineSprite (chid: 1168)
Exported frame 4/12 DefineSprite (chid: 1168)
Exported frame 5/12 DefineSprite (chid: 1168)
Exported frame 6/12 DefineSprite (chid: 1168)
Exported frame 7/12 DefineSprite (chid: 1168)
Exported frame 8/12 DefineSprite (chid: 1168)
Exported frame 9/12 DefineSprite (chid: 1168)
Exported frame 10/12 DefineSprite (chid: 1168)
Exported frame 11/12 DefineSprite (chid: 1168)
Exported frame 12/12 DefineSprite (chid: 1168)
Exported frame 1/27 DefineSprite (chid: 1169)
Exported frame 2/27 DefineSprite (chid: 1169)
Exported frame 3/27 DefineSprite (chid: 1169)
Exported frame 4/27 DefineSprite (chid: 1169)
Exported frame 5/27 DefineSprite (chid: 1169)
Exported frame 6/27 DefineSprite (chid: 1169)
Exported frame 7/27 DefineSprite (chid: 1169)
Exported frame 8/27 DefineSprite (chid: 1169)
Exported frame 9/27 DefineSprite (chid: 1169)
Exported frame 10/27 DefineSprite (chid: 1169)
Exported frame 11/27 DefineSprite (chid: 1169)
Exported frame 12/27 DefineSprite (chid: 1169)
Exported frame 13/27 DefineSprite (chid: 1169)
Exported frame 14/27 DefineSprite (chid: 1169)
Exported frame 15/27 DefineSprite (chid: 1169)
Exported frame 16/27 DefineSprite (chid: 1169)
Exported frame 17/27 DefineSprite (chid: 1169)
Exported frame 18/27 DefineSprite (chid: 1169)
Exported frame 19/27 DefineSprite (chid: 1169)
Exported frame 20/27 DefineSprite (chid: 1169)
Exported frame 21/27 DefineSprite (chid: 1169)
Exported frame 22/27 DefineSprite (chid: 1169)
Exported frame 23/27 DefineSprite (chid: 1169)
Exported frame 24/27 DefineSprite (chid: 1169)
Exported frame 25/27 DefineSprite (chid: 1169)
Exported frame 26/27 DefineSprite (chid: 1169)
Exported frame 27/27 DefineSprite (chid: 1169)
Exported frame 1/1 DefineSprite (chid: 1171)
Exported frame 1/1 DefineSprite (chid: 1173)
Exported frame 1/1 DefineSprite (chid: 1175)
Exported frame 1/1 DefineSprite (chid: 1177)
Exported frame 1/1 DefineSprite (chid: 1179)
Exported frame 1/1 DefineSprite (chid: 1188)
Exported frame 1/1 DefineSprite (chid: 1190)
Exported frame 1/1 DefineSprite (chid: 1191)
Exported frame 1/1 DefineSprite (chid: 1195)
Exported frame 1/1 DefineSprite (chid: 1198)
Exported frame 1/1 DefineSprite (chid: 1200)
Exported frame 1/1 DefineSprite (chid: 1202)
Exported frame 1/1 DefineSprite (chid: 1207)
Exported frame 1/1 DefineSprite (chid: 1209)
Exported frame 1/1 DefineSprite (chid: 1212)
Exported frame 1/1 DefineSprite (chid: 1214)
Exported frame 1/1 DefineSprite (chid: 1217)
Exported frame 1/1 DefineSprite (chid: 1219)
Exported frame 1/1 DefineSprite (chid: 1221)
Exported frame 1/1 DefineSprite (chid: 1223)
Exported frame 1/1 DefineSprite (chid: 1227)
Exported frame 1/1 DefineSprite (chid: 1229)
Exported frame 1/1 DefineSprite (chid: 1233)
Exported frame 1/1 DefineSprite (chid: 1236)
Exported frame 1/1 DefineSprite (chid: 1248)
Exported frame 1/1 DefineSprite (chid: 1250)
Exported frame 1/30 DefineSprite (chid: 1251)
Exported frame 2/30 DefineSprite (chid: 1251)
Exported frame 3/30 DefineSprite (chid: 1251)
Exported frame 4/30 DefineSprite (chid: 1251)
Exported frame 5/30 DefineSprite (chid: 1251)
Exported frame 6/30 DefineSprite (chid: 1251)
Exported frame 7/30 DefineSprite (chid: 1251)
Exported frame 8/30 DefineSprite (chid: 1251)
Exported frame 9/30 DefineSprite (chid: 1251)
Exported frame 10/30 DefineSprite (chid: 1251)
Exported frame 11/30 DefineSprite (chid: 1251)
Exported frame 12/30 DefineSprite (chid: 1251)
Exported frame 13/30 DefineSprite (chid: 1251)
Exported frame 14/30 DefineSprite (chid: 1251)
Exported frame 15/30 DefineSprite (chid: 1251)
Exported frame 16/30 DefineSprite (chid: 1251)
Exported frame 17/30 DefineSprite (chid: 1251)
Exported frame 18/30 DefineSprite (chid: 1251)
Exported frame 19/30 DefineSprite (chid: 1251)
Exported frame 20/30 DefineSprite (chid: 1251)
Exported frame 21/30 DefineSprite (chid: 1251)
Exported frame 22/30 DefineSprite (chid: 1251)
Exported frame 23/30 DefineSprite (chid: 1251)
Exported frame 24/30 DefineSprite (chid: 1251)
Exported frame 25/30 DefineSprite (chid: 1251)
Exported frame 26/30 DefineSprite (chid: 1251)
Exported frame 27/30 DefineSprite (chid: 1251)
Exported frame 28/30 DefineSprite (chid: 1251)
Exported frame 29/30 DefineSprite (chid: 1251)
Exported frame 30/30 DefineSprite (chid: 1251)
Exported frame 1/1 DefineSprite (chid: 1253)
Exported frame 1/1 DefineSprite (chid: 1255)
Exported frame 1/1 DefineSprite (chid: 1257)
Exported frame 1/1 DefineSprite (chid: 1259)
Exported frame 1/1 DefineSprite (chid: 1260)
Exported frame 1/1 DefineSprite (chid: 1261)
Exported frame 1/1 DefineSprite (chid: 1264)
Exported frame 1/48 DefineSprite (chid: 1270, cls: Paradigm_fla.multicannon_439)
Exported frame 2/48 DefineSprite (chid: 1270, cls: Paradigm_fla.multicannon_439)
Exported frame 3/48 DefineSprite (chid: 1270, cls: Paradigm_fla.multicannon_439)
Exported frame 4/48 DefineSprite (chid: 1270, cls: Paradigm_fla.multicannon_439)
Exported frame 5/48 DefineSprite (chid: 1270, cls: Paradigm_fla.multicannon_439)
Exported frame 6/48 DefineSprite (chid: 1270, cls: Paradigm_fla.multicannon_439)
Exported frame 7/48 DefineSprite (chid: 1270, cls: Paradigm_fla.multicannon_439)
Exported frame 8/48 DefineSprite (chid: 1270, cls: Paradigm_fla.multicannon_439)
Exported frame 9/48 DefineSprite (chid: 1270, cls: Paradigm_fla.multicannon_439)
Exported frame 10/48 DefineSprite (chid: 1270, cls: Paradigm_fla.multicannon_439)
Exported frame 11/48 DefineSprite (chid: 1270, cls: Paradigm_fla.multicannon_439)
Exported frame 12/48 DefineSprite (chid: 1270, cls: Paradigm_fla.multicannon_439)
Exported frame 13/48 DefineSprite (chid: 1270, cls: Paradigm_fla.multicannon_439)
Exported frame 14/48 DefineSprite (chid: 1270, cls: Paradigm_fla.multicannon_439)
Exported frame 15/48 DefineSprite (chid: 1270, cls: Paradigm_fla.multicannon_439)
Exported frame 16/48 DefineSprite (chid: 1270, cls: Paradigm_fla.multicannon_439)
Exported frame 17/48 DefineSprite (chid: 1270, cls: Paradigm_fla.multicannon_439)
Exported frame 18/48 DefineSprite (chid: 1270, cls: Paradigm_fla.multicannon_439)
Exported frame 19/48 DefineSprite (chid: 1270, cls: Paradigm_fla.multicannon_439)
Exported frame 20/48 DefineSprite (chid: 1270, cls: Paradigm_fla.multicannon_439)
Exported frame 21/48 DefineSprite (chid: 1270, cls: Paradigm_fla.multicannon_439)
Exported frame 22/48 DefineSprite (chid: 1270, cls: Paradigm_fla.multicannon_439)
Exported frame 23/48 DefineSprite (chid: 1270, cls: Paradigm_fla.multicannon_439)
Exported frame 24/48 DefineSprite (chid: 1270, cls: Paradigm_fla.multicannon_439)
Exported frame 25/48 DefineSprite (chid: 1270, cls: Paradigm_fla.multicannon_439)
Exported frame 26/48 DefineSprite (chid: 1270, cls: Paradigm_fla.multicannon_439)
Exported frame 27/48 DefineSprite (chid: 1270, cls: Paradigm_fla.multicannon_439)
Exported frame 28/48 DefineSprite (chid: 1270, cls: Paradigm_fla.multicannon_439)
Exported frame 29/48 DefineSprite (chid: 1270, cls: Paradigm_fla.multicannon_439)
Exported frame 30/48 DefineSprite (chid: 1270, cls: Paradigm_fla.multicannon_439)
Exported frame 31/48 DefineSprite (chid: 1270, cls: Paradigm_fla.multicannon_439)
Exported frame 32/48 DefineSprite (chid: 1270, cls: Paradigm_fla.multicannon_439)
Exported frame 33/48 DefineSprite (chid: 1270, cls: Paradigm_fla.multicannon_439)
Exported frame 34/48 DefineSprite (chid: 1270, cls: Paradigm_fla.multicannon_439)
Exported frame 35/48 DefineSprite (chid: 1270, cls: Paradigm_fla.multicannon_439)
Exported frame 36/48 DefineSprite (chid: 1270, cls: Paradigm_fla.multicannon_439)
Exported frame 37/48 DefineSprite (chid: 1270, cls: Paradigm_fla.multicannon_439)
Exported frame 38/48 DefineSprite (chid: 1270, cls: Paradigm_fla.multicannon_439)
Exported frame 39/48 DefineSprite (chid: 1270, cls: Paradigm_fla.multicannon_439)
Exported frame 40/48 DefineSprite (chid: 1270, cls: Paradigm_fla.multicannon_439)
Exported frame 41/48 DefineSprite (chid: 1270, cls: Paradigm_fla.multicannon_439)
Exported frame 42/48 DefineSprite (chid: 1270, cls: Paradigm_fla.multicannon_439)
Exported frame 43/48 DefineSprite (chid: 1270, cls: Paradigm_fla.multicannon_439)
Exported frame 44/48 DefineSprite (chid: 1270, cls: Paradigm_fla.multicannon_439)
Exported frame 45/48 DefineSprite (chid: 1270, cls: Paradigm_fla.multicannon_439)
Exported frame 46/48 DefineSprite (chid: 1270, cls: Paradigm_fla.multicannon_439)
Exported frame 47/48 DefineSprite (chid: 1270, cls: Paradigm_fla.multicannon_439)
Exported frame 48/48 DefineSprite (chid: 1270, cls: Paradigm_fla.multicannon_439)
Exported frame 1/1 DefineSprite (chid: 1271)
Exported frame 1/1 DefineSprite (chid: 1292)
Exported frame 1/1 DefineSprite (chid: 1298)
Exported frame 1/1 DefineSprite (chid: 1304)
Exported frame 1/1 DefineSprite (chid: 1321)
Exported frame 1/1 DefineSprite (chid: 1356)
Exported frame 1/1 DefineSprite (chid: 1357)
Exported frame 1/1 DefineSprite (chid: 1358)
Exported frame 1/1 DefineSprite (chid: 1359)
Exported frame 1/1 DefineSprite (chid: 1360)
Exported frame 1/1 DefineSprite (chid: 1373)
Exported frame 1/1 DefineSprite (chid: 1375)
Exported frame 1/1 DefineSprite (chid: 1376)
Exported frame 1/1 DefineSprite (chid: 1379)
Exported frame 1/1 DefineSprite (chid: 1381)
Exported frame 1/1 DefineSprite (chid: 1384)
Exported frame 1/1 DefineSprite (chid: 1386)
Exported frame 1/1 DefineSprite (chid: 1390)
Exported frame 1/1 DefineSprite (chid: 1392)
Exported frame 1/1 DefineSprite (chid: 1394)
Exported frame 1/1 DefineSprite (chid: 1396)
Exported frame 1/1 DefineSprite (chid: 1398)
Exported frame 1/1 DefineSprite (chid: 1400)
Exported frame 1/1 DefineSprite (chid: 1403)
Exported frame 1/1 DefineSprite (chid: 1405)
Exported frame 1/1 DefineSprite (chid: 1407)
Exported frame 1/1 DefineSprite (chid: 1409)
Exported frame 1/1 DefineSprite (chid: 1411)
Exported frame 1/1 DefineSprite (chid: 1413)
Exported frame 1/1 DefineSprite (chid: 1414)
Exported frame 1/1 DefineSprite (chid: 1416)
Exported frame 1/1 DefineSprite (chid: 1418)
Exported frame 1/1 DefineSprite (chid: 1419)
Exported frame 1/1 DefineSprite (chid: 1420)
Exported frame 1/1 DefineSprite (chid: 1421)
Exported frame 1/1 DefineSprite (chid: 1469)
Exported frame 1/1 DefineSprite (chid: 1472)
Exported frame 1/1 DefineSprite (chid: 1474)
Exported frame 1/1 DefineSprite (chid: 1477)
Exported frame 1/1 DefineSprite (chid: 1480)
Exported frame 1/1 DefineSprite (chid: 1484)
Exported frame 1/1 DefineSprite (chid: 1487)
Exported frame 1/1 DefineSprite (chid: 1490)
Exported frame 1/1 DefineSprite (chid: 1492)
Exported frame 1/1 DefineSprite (chid: 1495)
Exported frame 1/1 DefineSprite (chid: 1497)
Exported frame 1/1 DefineSprite (chid: 1500)
Exported frame 1/1 DefineSprite (chid: 1502)
Exported frame 1/1 DefineSprite (chid: 1504)
Exported frame 1/1 DefineSprite (chid: 1506)
Exported frame 1/1 DefineSprite (chid: 1508)
Exported frame 1/1 DefineSprite (chid: 1510)
Exported frame 1/1 DefineSprite (chid: 1512)
Exported frame 1/1 DefineSprite (chid: 1536)
Exported frame 1/1 DefineSprite (chid: 1544)
Exported frame 1/1 DefineSprite (chid: 1546)
Exported frame 1/1 DefineSprite (chid: 1548)
Exported frame 1/50 DefineSprite (chid: 1577)
Exported frame 2/50 DefineSprite (chid: 1577)
Exported frame 3/50 DefineSprite (chid: 1577)
Exported frame 4/50 DefineSprite (chid: 1577)
Exported frame 5/50 DefineSprite (chid: 1577)
Exported frame 6/50 DefineSprite (chid: 1577)
Exported frame 7/50 DefineSprite (chid: 1577)
Exported frame 8/50 DefineSprite (chid: 1577)
Exported frame 9/50 DefineSprite (chid: 1577)
Exported frame 10/50 DefineSprite (chid: 1577)
Exported frame 11/50 DefineSprite (chid: 1577)
Exported frame 12/50 DefineSprite (chid: 1577)
Exported frame 13/50 DefineSprite (chid: 1577)
Exported frame 14/50 DefineSprite (chid: 1577)
Exported frame 15/50 DefineSprite (chid: 1577)
Exported frame 16/50 DefineSprite (chid: 1577)
Exported frame 17/50 DefineSprite (chid: 1577)
Exported frame 18/50 DefineSprite (chid: 1577)
Exported frame 19/50 DefineSprite (chid: 1577)
Exported frame 20/50 DefineSprite (chid: 1577)
Exported frame 21/50 DefineSprite (chid: 1577)
Exported frame 22/50 DefineSprite (chid: 1577)
Exported frame 23/50 DefineSprite (chid: 1577)
Exported frame 24/50 DefineSprite (chid: 1577)
Exported frame 25/50 DefineSprite (chid: 1577)
Exported frame 26/50 DefineSprite (chid: 1577)
Exported frame 27/50 DefineSprite (chid: 1577)
Exported frame 28/50 DefineSprite (chid: 1577)
Exported frame 29/50 DefineSprite (chid: 1577)
Exported frame 30/50 DefineSprite (chid: 1577)
Exported frame 31/50 DefineSprite (chid: 1577)
Exported frame 32/50 DefineSprite (chid: 1577)
Exported frame 33/50 DefineSprite (chid: 1577)
Exported frame 34/50 DefineSprite (chid: 1577)
Exported frame 35/50 DefineSprite (chid: 1577)
Exported frame 36/50 DefineSprite (chid: 1577)
Exported frame 37/50 DefineSprite (chid: 1577)
Exported frame 38/50 DefineSprite (chid: 1577)
Exported frame 39/50 DefineSprite (chid: 1577)
Exported frame 40/50 DefineSprite (chid: 1577)
Exported frame 41/50 DefineSprite (chid: 1577)
Exported frame 42/50 DefineSprite (chid: 1577)
Exported frame 43/50 DefineSprite (chid: 1577)
Exported frame 44/50 DefineSprite (chid: 1577)
Exported frame 45/50 DefineSprite (chid: 1577)
Exported frame 46/50 DefineSprite (chid: 1577)
Exported frame 47/50 DefineSprite (chid: 1577)
Exported frame 48/50 DefineSprite (chid: 1577)
Exported frame 49/50 DefineSprite (chid: 1577)
Exported frame 50/50 DefineSprite (chid: 1577)
Exported frame 1/20 DefineSprite (chid: 1581)
Exported frame 2/20 DefineSprite (chid: 1581)
Exported frame 3/20 DefineSprite (chid: 1581)
Exported frame 4/20 DefineSprite (chid: 1581)
Exported frame 5/20 DefineSprite (chid: 1581)
Exported frame 6/20 DefineSprite (chid: 1581)
Exported frame 7/20 DefineSprite (chid: 1581)
Exported frame 8/20 DefineSprite (chid: 1581)
Exported frame 9/20 DefineSprite (chid: 1581)
Exported frame 10/20 DefineSprite (chid: 1581)
Exported frame 11/20 DefineSprite (chid: 1581)
Exported frame 12/20 DefineSprite (chid: 1581)
Exported frame 13/20 DefineSprite (chid: 1581)
Exported frame 14/20 DefineSprite (chid: 1581)
Exported frame 15/20 DefineSprite (chid: 1581)
Exported frame 16/20 DefineSprite (chid: 1581)
Exported frame 17/20 DefineSprite (chid: 1581)
Exported frame 18/20 DefineSprite (chid: 1581)
Exported frame 19/20 DefineSprite (chid: 1581)
Exported frame 20/20 DefineSprite (chid: 1581)
Exported frame 1/45 DefineSprite (chid: 1585)
Exported frame 2/45 DefineSprite (chid: 1585)
Exported frame 3/45 DefineSprite (chid: 1585)
Exported frame 4/45 DefineSprite (chid: 1585)
Exported frame 5/45 DefineSprite (chid: 1585)
Exported frame 6/45 DefineSprite (chid: 1585)
Exported frame 7/45 DefineSprite (chid: 1585)
Exported frame 8/45 DefineSprite (chid: 1585)
Exported frame 9/45 DefineSprite (chid: 1585)
Exported frame 10/45 DefineSprite (chid: 1585)
Exported frame 11/45 DefineSprite (chid: 1585)
Exported frame 12/45 DefineSprite (chid: 1585)
Exported frame 13/45 DefineSprite (chid: 1585)
Exported frame 14/45 DefineSprite (chid: 1585)
Exported frame 15/45 DefineSprite (chid: 1585)
Exported frame 16/45 DefineSprite (chid: 1585)
Exported frame 17/45 DefineSprite (chid: 1585)
Exported frame 18/45 DefineSprite (chid: 1585)
Exported frame 19/45 DefineSprite (chid: 1585)
Exported frame 20/45 DefineSprite (chid: 1585)
Exported frame 21/45 DefineSprite (chid: 1585)
Exported frame 22/45 DefineSprite (chid: 1585)
Exported frame 23/45 DefineSprite (chid: 1585)
Exported frame 24/45 DefineSprite (chid: 1585)
Exported frame 25/45 DefineSprite (chid: 1585)
Exported frame 26/45 DefineSprite (chid: 1585)
Exported frame 27/45 DefineSprite (chid: 1585)
Exported frame 28/45 DefineSprite (chid: 1585)
Exported frame 29/45 DefineSprite (chid: 1585)
Exported frame 30/45 DefineSprite (chid: 1585)
Exported frame 31/45 DefineSprite (chid: 1585)
Exported frame 32/45 DefineSprite (chid: 1585)
Exported frame 33/45 DefineSprite (chid: 1585)
Exported frame 34/45 DefineSprite (chid: 1585)
Exported frame 35/45 DefineSprite (chid: 1585)
Exported frame 36/45 DefineSprite (chid: 1585)
Exported frame 37/45 DefineSprite (chid: 1585)
Exported frame 38/45 DefineSprite (chid: 1585)
Exported frame 39/45 DefineSprite (chid: 1585)
Exported frame 40/45 DefineSprite (chid: 1585)
Exported frame 41/45 DefineSprite (chid: 1585)
Exported frame 42/45 DefineSprite (chid: 1585)
Exported frame 43/45 DefineSprite (chid: 1585)
Exported frame 44/45 DefineSprite (chid: 1585)
Exported frame 45/45 DefineSprite (chid: 1585)
Exported frame 1/1 DefineSprite (chid: 1586)
Exported frame 1/2 DefineSprite (chid: 1587)
Exported frame 2/2 DefineSprite (chid: 1587)
Exported frame 1/1 DefineSprite (chid: 1589)
Exported frame 1/2 DefineSprite (chid: 1590)
Exported frame 2/2 DefineSprite (chid: 1590)
Exported frame 1/1 DefineSprite (chid: 1591)
Exported frame 1/1 DefineSprite (chid: 1603)
Exported frame 1/1 DefineSprite (chid: 1604)
Exported frame 1/1 DefineSprite (chid: 1606)
Exported frame 1/1 DefineSprite (chid: 1608)
Exported frame 1/1 DefineSprite (chid: 1609)
Exported frame 1/1 DefineSprite (chid: 1611)
Exported frame 1/1 DefineSprite (chid: 1612)
Exported frame 1/1 DefineSprite (chid: 1615)
Exported frame 1/1 DefineSprite (chid: 1617)
Exported frame 1/1 DefineSprite (chid: 1619)
Exported frame 1/1 DefineSprite (chid: 1621)
Exported frame 1/1 DefineSprite (chid: 1622)
Exported frame 1/1 DefineSprite (chid: 1623)
Exported frame 1/1 DefineSprite (chid: 1625)
Exported frame 1/20 DefineSprite (chid: 1629)
Exported frame 2/20 DefineSprite (chid: 1629)
Exported frame 3/20 DefineSprite (chid: 1629)
Exported frame 4/20 DefineSprite (chid: 1629)
Exported frame 5/20 DefineSprite (chid: 1629)
Exported frame 6/20 DefineSprite (chid: 1629)
Exported frame 7/20 DefineSprite (chid: 1629)
Exported frame 8/20 DefineSprite (chid: 1629)
Exported frame 9/20 DefineSprite (chid: 1629)
Exported frame 10/20 DefineSprite (chid: 1629)
Exported frame 11/20 DefineSprite (chid: 1629)
Exported frame 12/20 DefineSprite (chid: 1629)
Exported frame 13/20 DefineSprite (chid: 1629)
Exported frame 14/20 DefineSprite (chid: 1629)
Exported frame 15/20 DefineSprite (chid: 1629)
Exported frame 16/20 DefineSprite (chid: 1629)
Exported frame 17/20 DefineSprite (chid: 1629)
Exported frame 18/20 DefineSprite (chid: 1629)
Exported frame 19/20 DefineSprite (chid: 1629)
Exported frame 20/20 DefineSprite (chid: 1629)
Exported frame 1/1 DefineSprite (chid: 1647)
Exported frame 1/1 DefineSprite (chid: 1648)
Exported frame 1/1 DefineSprite (chid: 1649)
Exported frame 1/1 DefineSprite (chid: 1651)
Exported frame 1/1 DefineSprite (chid: 1652)
Exported frame 1/1 DefineSprite (chid: 1656)
Exported frame 1/1 DefineSprite (chid: 1657)
Exported frame 1/1 DefineSprite (chid: 1659)
Exported frame 1/1 DefineSprite (chid: 1662)
Exported frame 1/1 DefineSprite (chid: 1663)
Exported frame 1/1 DefineSprite (chid: 1664)
Exported frame 1/1 DefineSprite (chid: 1666)
Exported frame 1/1 DefineSprite (chid: 1669)
Exported frame 1/1 DefineSprite (chid: 1670)
Exported frame 1/1 DefineSprite (chid: 1672)
Exported frame 1/1 DefineSprite (chid: 1674)
Exported frame 1/1 DefineSprite (chid: 1677)
Exported frame 1/1 DefineSprite (chid: 1679)
Exported frame 1/1 DefineSprite (chid: 1680)
Exported frame 1/1 DefineSprite (chid: 1682)
Exported frame 1/1 DefineSprite (chid: 1683)
Exported frame 1/1 DefineSprite (chid: 1685)
Exported frame 1/1 DefineSprite (chid: 1686)
Exported frame 1/1 DefineSprite (chid: 1688)
Exported frame 1/1 DefineSprite (chid: 1689)
Exported frame 1/1 DefineSprite (chid: 1691)
Exported frame 1/1 DefineSprite (chid: 1693)
Exported frame 1/1 DefineSprite (chid: 1695)
Exported frame 1/1 DefineSprite (chid: 1696)
Exported frame 1/1 DefineSprite (chid: 1698)
Exported frame 1/1 DefineSprite (chid: 1700)
Exported frame 1/1 DefineSprite (chid: 1701)
Exported frame 1/1 DefineSprite (chid: 1703)
Exported frame 1/1 DefineSprite (chid: 1704)
Exported frame 1/1 DefineSprite (chid: 1706)
Exported frame 1/1 DefineSprite (chid: 1707)
Exported frame 1/1 DefineSprite (chid: 1708)
Exported frame 1/1 DefineSprite (chid: 1709)
Exported frame 1/1 DefineSprite (chid: 1710)
Exported frame 1/1 DefineSprite (chid: 1759)
Exported frame 1/1 DefineSprite (chid: 1765)
Exported frame 1/1 DefineSprite (chid: 1767)
Exported frame 1/1 DefineSprite (chid: 1769)
Exported frame 1/1 DefineSprite (chid: 1770)
Exported frame 1/1 DefineSprite (chid: 1771)
Exported frame 1/3 DefineSprite (chid: 1774)
Exported frame 2/3 DefineSprite (chid: 1774)
Exported frame 3/3 DefineSprite (chid: 1774)
Exported frame 1/1 DefineSprite (chid: 1775)
Exported frame 1/1 DefineSprite (chid: 1776)
Exported frame 1/1 DefineSprite (chid: 1777)
Exported frame 1/1 DefineSprite (chid: 1779)
Exported frame 1/1 DefineSprite (chid: 1781)
Exported frame 1/1 DefineSprite (chid: 1782)
Exported frame 1/1 DefineSprite (chid: 1784)
Exported frame 1/1 DefineSprite (chid: 1787)
Exported frame 1/1 DefineSprite (chid: 1789)
Exported frame 1/1 DefineSprite (chid: 1790)
Exported frame 1/1 DefineSprite (chid: 1791)
Exported frame 1/1 DefineSprite (chid: 1792)
Exported frame 1/1 DefineSprite (chid: 1795)
Exported frame 1/1 DefineSprite (chid: 1796)
Exported frame 1/1 DefineSprite (chid: 1799)
Exported frame 1/1 DefineSprite (chid: 1800)
Exported frame 1/1 DefineSprite (chid: 1804)
Exported frame 1/1 DefineSprite (chid: 1805)
Exported frame 1/1 DefineSprite (chid: 1808)
Exported frame 1/81 DefineSprite (chid: 1815)
Exported frame 2/81 DefineSprite (chid: 1815)
Exported frame 3/81 DefineSprite (chid: 1815)
Exported frame 4/81 DefineSprite (chid: 1815)
Exported frame 5/81 DefineSprite (chid: 1815)
Exported frame 6/81 DefineSprite (chid: 1815)
Exported frame 7/81 DefineSprite (chid: 1815)
Exported frame 8/81 DefineSprite (chid: 1815)
Exported frame 9/81 DefineSprite (chid: 1815)
Exported frame 10/81 DefineSprite (chid: 1815)
Exported frame 11/81 DefineSprite (chid: 1815)
Exported frame 12/81 DefineSprite (chid: 1815)
Exported frame 13/81 DefineSprite (chid: 1815)
Exported frame 14/81 DefineSprite (chid: 1815)
Exported frame 15/81 DefineSprite (chid: 1815)
Exported frame 16/81 DefineSprite (chid: 1815)
Exported frame 17/81 DefineSprite (chid: 1815)
Exported frame 18/81 DefineSprite (chid: 1815)
Exported frame 19/81 DefineSprite (chid: 1815)
Exported frame 20/81 DefineSprite (chid: 1815)
Exported frame 21/81 DefineSprite (chid: 1815)
Exported frame 22/81 DefineSprite (chid: 1815)
Exported frame 23/81 DefineSprite (chid: 1815)
Exported frame 24/81 DefineSprite (chid: 1815)
Exported frame 25/81 DefineSprite (chid: 1815)
Exported frame 26/81 DefineSprite (chid: 1815)
Exported frame 27/81 DefineSprite (chid: 1815)
Exported frame 28/81 DefineSprite (chid: 1815)
Exported frame 29/81 DefineSprite (chid: 1815)
Exported frame 30/81 DefineSprite (chid: 1815)
Exported frame 31/81 DefineSprite (chid: 1815)
Exported frame 32/81 DefineSprite (chid: 1815)
Exported frame 33/81 DefineSprite (chid: 1815)
Exported frame 34/81 DefineSprite (chid: 1815)
Exported frame 35/81 DefineSprite (chid: 1815)
Exported frame 36/81 DefineSprite (chid: 1815)
Exported frame 37/81 DefineSprite (chid: 1815)
Exported frame 38/81 DefineSprite (chid: 1815)
Exported frame 39/81 DefineSprite (chid: 1815)
Exported frame 40/81 DefineSprite (chid: 1815)
Exported frame 41/81 DefineSprite (chid: 1815)
Exported frame 42/81 DefineSprite (chid: 1815)
Exported frame 43/81 DefineSprite (chid: 1815)
Exported frame 44/81 DefineSprite (chid: 1815)
Exported frame 45/81 DefineSprite (chid: 1815)
Exported frame 46/81 DefineSprite (chid: 1815)
Exported frame 47/81 DefineSprite (chid: 1815)
Exported frame 48/81 DefineSprite (chid: 1815)
Exported frame 49/81 DefineSprite (chid: 1815)
Exported frame 50/81 DefineSprite (chid: 1815)
Exported frame 51/81 DefineSprite (chid: 1815)
Exported frame 52/81 DefineSprite (chid: 1815)
Exported frame 53/81 DefineSprite (chid: 1815)
Exported frame 54/81 DefineSprite (chid: 1815)
Exported frame 55/81 DefineSprite (chid: 1815)
Exported frame 56/81 DefineSprite (chid: 1815)
Exported frame 57/81 DefineSprite (chid: 1815)
Exported frame 58/81 DefineSprite (chid: 1815)
Exported frame 59/81 DefineSprite (chid: 1815)
Exported frame 60/81 DefineSprite (chid: 1815)
Exported frame 61/81 DefineSprite (chid: 1815)
Exported frame 62/81 DefineSprite (chid: 1815)
Exported frame 63/81 DefineSprite (chid: 1815)
Exported frame 64/81 DefineSprite (chid: 1815)
Exported frame 65/81 DefineSprite (chid: 1815)
Exported frame 66/81 DefineSprite (chid: 1815)
Exported frame 67/81 DefineSprite (chid: 1815)
Exported frame 68/81 DefineSprite (chid: 1815)
Exported frame 69/81 DefineSprite (chid: 1815)
Exported frame 70/81 DefineSprite (chid: 1815)
Exported frame 71/81 DefineSprite (chid: 1815)
Exported frame 72/81 DefineSprite (chid: 1815)
Exported frame 73/81 DefineSprite (chid: 1815)
Exported frame 74/81 DefineSprite (chid: 1815)
Exported frame 75/81 DefineSprite (chid: 1815)
Exported frame 76/81 DefineSprite (chid: 1815)
Exported frame 77/81 DefineSprite (chid: 1815)
Exported frame 78/81 DefineSprite (chid: 1815)
Exported frame 79/81 DefineSprite (chid: 1815)
Exported frame 80/81 DefineSprite (chid: 1815)
Exported frame 81/81 DefineSprite (chid: 1815)
Exported frame 1/1 DefineSprite (chid: 1817)
Exported frame 1/1 DefineSprite (chid: 1819)
Exported frame 1/1 DefineSprite (chid: 1821)
Exported frame 1/1 DefineSprite (chid: 1823)
Exported frame 1/1 DefineSprite (chid: 1825)
Exported frame 1/1 DefineSprite (chid: 1827)
Exported frame 1/1 DefineSprite (chid: 1828)
Exported frame 1/1 DefineSprite (chid: 1830)
Exported frame 1/1 DefineSprite (chid: 1835)
Exported frame 1/1 DefineSprite (chid: 1838)
Exported frame 1/1 DefineSprite (chid: 1840)
Exported frame 1/1 DefineSprite (chid: 1841)
Exported frame 1/1 DefineSprite (chid: 1842)
Exported frame 1/1 DefineSprite (chid: 1843)
Exported frame 1/1 DefineSprite (chid: 1844)
Exported frame 1/1 DefineSprite (chid: 1845)
Exported frame 1/1 DefineSprite (chid: 1893)
Exported frame 1/1 DefineSprite (chid: 1894)
Exported frame 1/1 DefineSprite (chid: 1896)
Exported frame 1/1 DefineSprite (chid: 1897)
Exported frame 1/1 DefineSprite (chid: 1899)
Exported frame 1/1 DefineSprite (chid: 1901)
Exported frame 1/1 DefineSprite (chid: 1902)
Exported frame 1/4 DefineSprite (chid: 1916)
Exported frame 2/4 DefineSprite (chid: 1916)
Exported frame 3/4 DefineSprite (chid: 1916)
Exported frame 4/4 DefineSprite (chid: 1916)
Exported frame 1/1 DefineSprite (chid: 1918)
Exported frame 1/1 DefineSprite (chid: 1920)
Exported frame 1/1 DefineSprite (chid: 1929)
Exported frame 1/1 DefineSprite (chid: 1932)
Exported frame 1/1 DefineSprite (chid: 1934)
Exported frame 1/1 DefineSprite (chid: 1936)
Exported frame 1/20 DefineSprite (chid: 1937)
Exported frame 2/20 DefineSprite (chid: 1937)
Exported frame 3/20 DefineSprite (chid: 1937)
Exported frame 4/20 DefineSprite (chid: 1937)
Exported frame 5/20 DefineSprite (chid: 1937)
Exported frame 6/20 DefineSprite (chid: 1937)
Exported frame 7/20 DefineSprite (chid: 1937)
Exported frame 8/20 DefineSprite (chid: 1937)
Exported frame 9/20 DefineSprite (chid: 1937)
Exported frame 10/20 DefineSprite (chid: 1937)
Exported frame 11/20 DefineSprite (chid: 1937)
Exported frame 12/20 DefineSprite (chid: 1937)
Exported frame 13/20 DefineSprite (chid: 1937)
Exported frame 14/20 DefineSprite (chid: 1937)
Exported frame 15/20 DefineSprite (chid: 1937)
Exported frame 16/20 DefineSprite (chid: 1937)
Exported frame 17/20 DefineSprite (chid: 1937)
Exported frame 18/20 DefineSprite (chid: 1937)
Exported frame 19/20 DefineSprite (chid: 1937)
Exported frame 20/20 DefineSprite (chid: 1937)
Exported frame 1/21 DefineSprite (chid: 1938)
Exported frame 2/21 DefineSprite (chid: 1938)
Exported frame 3/21 DefineSprite (chid: 1938)
Exported frame 4/21 DefineSprite (chid: 1938)
Exported frame 5/21 DefineSprite (chid: 1938)
Exported frame 6/21 DefineSprite (chid: 1938)
Exported frame 7/21 DefineSprite (chid: 1938)
Exported frame 8/21 DefineSprite (chid: 1938)
Exported frame 9/21 DefineSprite (chid: 1938)
Exported frame 10/21 DefineSprite (chid: 1938)
Exported frame 11/21 DefineSprite (chid: 1938)
Exported frame 12/21 DefineSprite (chid: 1938)
Exported frame 13/21 DefineSprite (chid: 1938)
Exported frame 14/21 DefineSprite (chid: 1938)
Exported frame 15/21 DefineSprite (chid: 1938)
Exported frame 16/21 DefineSprite (chid: 1938)
Exported frame 17/21 DefineSprite (chid: 1938)
Exported frame 18/21 DefineSprite (chid: 1938)
Exported frame 19/21 DefineSprite (chid: 1938)
Exported frame 20/21 DefineSprite (chid: 1938)
Exported frame 21/21 DefineSprite (chid: 1938)
Exported frame 1/2 DefineSprite (chid: 1949)
Exported frame 2/2 DefineSprite (chid: 1949)
Exported frame 1/19 DefineSprite (chid: 1970)
Exported frame 2/19 DefineSprite (chid: 1970)
Exported frame 3/19 DefineSprite (chid: 1970)
Exported frame 4/19 DefineSprite (chid: 1970)
Exported frame 5/19 DefineSprite (chid: 1970)
Exported frame 6/19 DefineSprite (chid: 1970)
Exported frame 7/19 DefineSprite (chid: 1970)
Exported frame 8/19 DefineSprite (chid: 1970)
Exported frame 9/19 DefineSprite (chid: 1970)
Exported frame 10/19 DefineSprite (chid: 1970)
Exported frame 11/19 DefineSprite (chid: 1970)
Exported frame 12/19 DefineSprite (chid: 1970)
Exported frame 13/19 DefineSprite (chid: 1970)
Exported frame 14/19 DefineSprite (chid: 1970)
Exported frame 15/19 DefineSprite (chid: 1970)
Exported frame 16/19 DefineSprite (chid: 1970)
Exported frame 17/19 DefineSprite (chid: 1970)
Exported frame 18/19 DefineSprite (chid: 1970)
Exported frame 19/19 DefineSprite (chid: 1970)
Exported frame 1/1 DefineSprite (chid: 1972)
Exported frame 1/1 DefineSprite (chid: 1975)
Exported frame 1/1 DefineSprite (chid: 1977)
Exported frame 1/50 DefineSprite (chid: 2003)
Exported frame 2/50 DefineSprite (chid: 2003)
Exported frame 3/50 DefineSprite (chid: 2003)
Exported frame 4/50 DefineSprite (chid: 2003)
Exported frame 5/50 DefineSprite (chid: 2003)
Exported frame 6/50 DefineSprite (chid: 2003)
Exported frame 7/50 DefineSprite (chid: 2003)
Exported frame 8/50 DefineSprite (chid: 2003)
Exported frame 9/50 DefineSprite (chid: 2003)
Exported frame 10/50 DefineSprite (chid: 2003)
Exported frame 11/50 DefineSprite (chid: 2003)
Exported frame 12/50 DefineSprite (chid: 2003)
Exported frame 13/50 DefineSprite (chid: 2003)
Exported frame 14/50 DefineSprite (chid: 2003)
Exported frame 15/50 DefineSprite (chid: 2003)
Exported frame 16/50 DefineSprite (chid: 2003)
Exported frame 17/50 DefineSprite (chid: 2003)
Exported frame 18/50 DefineSprite (chid: 2003)
Exported frame 19/50 DefineSprite (chid: 2003)
Exported frame 20/50 DefineSprite (chid: 2003)
Exported frame 21/50 DefineSprite (chid: 2003)
Exported frame 22/50 DefineSprite (chid: 2003)
Exported frame 23/50 DefineSprite (chid: 2003)
Exported frame 24/50 DefineSprite (chid: 2003)
Exported frame 25/50 DefineSprite (chid: 2003)
Exported frame 26/50 DefineSprite (chid: 2003)
Exported frame 27/50 DefineSprite (chid: 2003)
Exported frame 28/50 DefineSprite (chid: 2003)
Exported frame 29/50 DefineSprite (chid: 2003)
Exported frame 30/50 DefineSprite (chid: 2003)
Exported frame 31/50 DefineSprite (chid: 2003)
Exported frame 32/50 DefineSprite (chid: 2003)
Exported frame 33/50 DefineSprite (chid: 2003)
Exported frame 34/50 DefineSprite (chid: 2003)
Exported frame 35/50 DefineSprite (chid: 2003)
Exported frame 36/50 DefineSprite (chid: 2003)
Exported frame 37/50 DefineSprite (chid: 2003)
Exported frame 38/50 DefineSprite (chid: 2003)
Exported frame 39/50 DefineSprite (chid: 2003)
Exported frame 40/50 DefineSprite (chid: 2003)
Exported frame 41/50 DefineSprite (chid: 2003)
Exported frame 42/50 DefineSprite (chid: 2003)
Exported frame 43/50 DefineSprite (chid: 2003)
Exported frame 44/50 DefineSprite (chid: 2003)
Exported frame 45/50 DefineSprite (chid: 2003)
Exported frame 46/50 DefineSprite (chid: 2003)
Exported frame 47/50 DefineSprite (chid: 2003)
Exported frame 48/50 DefineSprite (chid: 2003)
Exported frame 49/50 DefineSprite (chid: 2003)
Exported frame 50/50 DefineSprite (chid: 2003)
Exported frame 1/50 DefineSprite (chid: 2017)
Exported frame 2/50 DefineSprite (chid: 2017)
Exported frame 3/50 DefineSprite (chid: 2017)
Exported frame 4/50 DefineSprite (chid: 2017)
Exported frame 5/50 DefineSprite (chid: 2017)
Exported frame 6/50 DefineSprite (chid: 2017)
Exported frame 7/50 DefineSprite (chid: 2017)
Exported frame 8/50 DefineSprite (chid: 2017)
Exported frame 9/50 DefineSprite (chid: 2017)
Exported frame 10/50 DefineSprite (chid: 2017)
Exported frame 11/50 DefineSprite (chid: 2017)
Exported frame 12/50 DefineSprite (chid: 2017)
Exported frame 13/50 DefineSprite (chid: 2017)
Exported frame 14/50 DefineSprite (chid: 2017)
Exported frame 15/50 DefineSprite (chid: 2017)
Exported frame 16/50 DefineSprite (chid: 2017)
Exported frame 17/50 DefineSprite (chid: 2017)
Exported frame 18/50 DefineSprite (chid: 2017)
Exported frame 19/50 DefineSprite (chid: 2017)
Exported frame 20/50 DefineSprite (chid: 2017)
Exported frame 21/50 DefineSprite (chid: 2017)
Exported frame 22/50 DefineSprite (chid: 2017)
Exported frame 23/50 DefineSprite (chid: 2017)
Exported frame 24/50 DefineSprite (chid: 2017)
Exported frame 25/50 DefineSprite (chid: 2017)
Exported frame 26/50 DefineSprite (chid: 2017)
Exported frame 27/50 DefineSprite (chid: 2017)
Exported frame 28/50 DefineSprite (chid: 2017)
Exported frame 29/50 DefineSprite (chid: 2017)
Exported frame 30/50 DefineSprite (chid: 2017)
Exported frame 31/50 DefineSprite (chid: 2017)
Exported frame 32/50 DefineSprite (chid: 2017)
Exported frame 33/50 DefineSprite (chid: 2017)
Exported frame 34/50 DefineSprite (chid: 2017)
Exported frame 35/50 DefineSprite (chid: 2017)
Exported frame 36/50 DefineSprite (chid: 2017)
Exported frame 37/50 DefineSprite (chid: 2017)
Exported frame 38/50 DefineSprite (chid: 2017)
Exported frame 39/50 DefineSprite (chid: 2017)
Exported frame 40/50 DefineSprite (chid: 2017)
Exported frame 41/50 DefineSprite (chid: 2017)
Exported frame 42/50 DefineSprite (chid: 2017)
Exported frame 43/50 DefineSprite (chid: 2017)
Exported frame 44/50 DefineSprite (chid: 2017)
Exported frame 45/50 DefineSprite (chid: 2017)
Exported frame 46/50 DefineSprite (chid: 2017)
Exported frame 47/50 DefineSprite (chid: 2017)
Exported frame 48/50 DefineSprite (chid: 2017)
Exported frame 49/50 DefineSprite (chid: 2017)
Exported frame 50/50 DefineSprite (chid: 2017)
Exported frame 1/50 DefineSprite (chid: 2021)
Exported frame 2/50 DefineSprite (chid: 2021)
Exported frame 3/50 DefineSprite (chid: 2021)
Exported frame 4/50 DefineSprite (chid: 2021)
Exported frame 5/50 DefineSprite (chid: 2021)
Exported frame 6/50 DefineSprite (chid: 2021)
Exported frame 7/50 DefineSprite (chid: 2021)
Exported frame 8/50 DefineSprite (chid: 2021)
Exported frame 9/50 DefineSprite (chid: 2021)
Exported frame 10/50 DefineSprite (chid: 2021)
Exported frame 11/50 DefineSprite (chid: 2021)
Exported frame 12/50 DefineSprite (chid: 2021)
Exported frame 13/50 DefineSprite (chid: 2021)
Exported frame 14/50 DefineSprite (chid: 2021)
Exported frame 15/50 DefineSprite (chid: 2021)
Exported frame 16/50 DefineSprite (chid: 2021)
Exported frame 17/50 DefineSprite (chid: 2021)
Exported frame 18/50 DefineSprite (chid: 2021)
Exported frame 19/50 DefineSprite (chid: 2021)
Exported frame 20/50 DefineSprite (chid: 2021)
Exported frame 21/50 DefineSprite (chid: 2021)
Exported frame 22/50 DefineSprite (chid: 2021)
Exported frame 23/50 DefineSprite (chid: 2021)
Exported frame 24/50 DefineSprite (chid: 2021)
Exported frame 25/50 DefineSprite (chid: 2021)
Exported frame 26/50 DefineSprite (chid: 2021)
Exported frame 27/50 DefineSprite (chid: 2021)
Exported frame 28/50 DefineSprite (chid: 2021)
Exported frame 29/50 DefineSprite (chid: 2021)
Exported frame 30/50 DefineSprite (chid: 2021)
Exported frame 31/50 DefineSprite (chid: 2021)
Exported frame 32/50 DefineSprite (chid: 2021)
Exported frame 33/50 DefineSprite (chid: 2021)
Exported frame 34/50 DefineSprite (chid: 2021)
Exported frame 35/50 DefineSprite (chid: 2021)
Exported frame 36/50 DefineSprite (chid: 2021)
Exported frame 37/50 DefineSprite (chid: 2021)
Exported frame 38/50 DefineSprite (chid: 2021)
Exported frame 39/50 DefineSprite (chid: 2021)
Exported frame 40/50 DefineSprite (chid: 2021)
Exported frame 41/50 DefineSprite (chid: 2021)
Exported frame 42/50 DefineSprite (chid: 2021)
Exported frame 43/50 DefineSprite (chid: 2021)
Exported frame 44/50 DefineSprite (chid: 2021)
Exported frame 45/50 DefineSprite (chid: 2021)
Exported frame 46/50 DefineSprite (chid: 2021)
Exported frame 47/50 DefineSprite (chid: 2021)
Exported frame 48/50 DefineSprite (chid: 2021)
Exported frame 49/50 DefineSprite (chid: 2021)
Exported frame 50/50 DefineSprite (chid: 2021)
Exported frame 1/1 DefineSprite (chid: 2022)
Exported frame 1/32 DefineSprite (chid: 2023)
Exported frame 2/32 DefineSprite (chid: 2023)
Exported frame 3/32 DefineSprite (chid: 2023)
Exported frame 4/32 DefineSprite (chid: 2023)
Exported frame 5/32 DefineSprite (chid: 2023)
Exported frame 6/32 DefineSprite (chid: 2023)
Exported frame 7/32 DefineSprite (chid: 2023)
Exported frame 8/32 DefineSprite (chid: 2023)
Exported frame 9/32 DefineSprite (chid: 2023)
Exported frame 10/32 DefineSprite (chid: 2023)
Exported frame 11/32 DefineSprite (chid: 2023)
Exported frame 12/32 DefineSprite (chid: 2023)
Exported frame 13/32 DefineSprite (chid: 2023)
Exported frame 14/32 DefineSprite (chid: 2023)
Exported frame 15/32 DefineSprite (chid: 2023)
Exported frame 16/32 DefineSprite (chid: 2023)
Exported frame 17/32 DefineSprite (chid: 2023)
Exported frame 18/32 DefineSprite (chid: 2023)
Exported frame 19/32 DefineSprite (chid: 2023)
Exported frame 20/32 DefineSprite (chid: 2023)
Exported frame 21/32 DefineSprite (chid: 2023)
Exported frame 22/32 DefineSprite (chid: 2023)
Exported frame 23/32 DefineSprite (chid: 2023)
Exported frame 24/32 DefineSprite (chid: 2023)
Exported frame 25/32 DefineSprite (chid: 2023)
Exported frame 26/32 DefineSprite (chid: 2023)
Exported frame 27/32 DefineSprite (chid: 2023)
Exported frame 28/32 DefineSprite (chid: 2023)
Exported frame 29/32 DefineSprite (chid: 2023)
Exported frame 30/32 DefineSprite (chid: 2023)
Exported frame 31/32 DefineSprite (chid: 2023)
Exported frame 32/32 DefineSprite (chid: 2023)
Exported frame 1/9 DefineSprite (chid: 2038)
Exported frame 2/9 DefineSprite (chid: 2038)
Exported frame 3/9 DefineSprite (chid: 2038)
Exported frame 4/9 DefineSprite (chid: 2038)
Exported frame 5/9 DefineSprite (chid: 2038)
Exported frame 6/9 DefineSprite (chid: 2038)
Exported frame 7/9 DefineSprite (chid: 2038)
Exported frame 8/9 DefineSprite (chid: 2038)
Exported frame 9/9 DefineSprite (chid: 2038)
Exported frame 1/1 DefineSprite (chid: 2039)
Exported frame 1/1 DefineSprite (chid: 2055)
Exported frame 1/1 DefineSprite (chid: 2056)
Exported frame 1/1 DefineSprite (chid: 2057)
Exported frame 1/1 DefineSprite (chid: 2058)
Exported frame 1/1 DefineSprite (chid: 2059)
Exported frame 1/3 DefineSprite (chid: 2062)
Exported frame 2/3 DefineSprite (chid: 2062)
Exported frame 3/3 DefineSprite (chid: 2062)
Exported frame 1/1 DefineSprite (chid: 2063)
Exported frame 1/1 DefineSprite (chid: 2064)
Exported frame 1/1 DefineSprite (chid: 2065)
Exported frame 1/1 DefineSprite (chid: 2067)
Exported frame 1/1 DefineSprite (chid: 2068)
Exported frame 1/1 DefineSprite (chid: 2069)
Exported frame 1/1 DefineSprite (chid: 2071)
Exported frame 1/1 DefineSprite (chid: 2074)
Exported frame 1/1 DefineSprite (chid: 2075)
Exported frame 1/1 DefineSprite (chid: 2076)
Exported frame 1/1 DefineSprite (chid: 2077)
Exported frame 1/1 DefineSprite (chid: 2078)
Exported frame 1/1 DefineSprite (chid: 2081)
Exported frame 1/1 DefineSprite (chid: 2082)
Exported frame 1/1 DefineSprite (chid: 2085)
Exported frame 1/1 DefineSprite (chid: 2086)
Exported frame 1/1 DefineSprite (chid: 2089)
Exported frame 1/1 DefineSprite (chid: 2090)
Exported frame 1/1 DefineSprite (chid: 2093)
Exported frame 1/81 DefineSprite (chid: 2100)
Exported frame 2/81 DefineSprite (chid: 2100)
Exported frame 3/81 DefineSprite (chid: 2100)
Exported frame 4/81 DefineSprite (chid: 2100)
Exported frame 5/81 DefineSprite (chid: 2100)
Exported frame 6/81 DefineSprite (chid: 2100)
Exported frame 7/81 DefineSprite (chid: 2100)
Exported frame 8/81 DefineSprite (chid: 2100)
Exported frame 9/81 DefineSprite (chid: 2100)
Exported frame 10/81 DefineSprite (chid: 2100)
Exported frame 11/81 DefineSprite (chid: 2100)
Exported frame 12/81 DefineSprite (chid: 2100)
Exported frame 13/81 DefineSprite (chid: 2100)
Exported frame 14/81 DefineSprite (chid: 2100)
Exported frame 15/81 DefineSprite (chid: 2100)
Exported frame 16/81 DefineSprite (chid: 2100)
Exported frame 17/81 DefineSprite (chid: 2100)
Exported frame 18/81 DefineSprite (chid: 2100)
Exported frame 19/81 DefineSprite (chid: 2100)
Exported frame 20/81 DefineSprite (chid: 2100)
Exported frame 21/81 DefineSprite (chid: 2100)
Exported frame 22/81 DefineSprite (chid: 2100)
Exported frame 23/81 DefineSprite (chid: 2100)
Exported frame 24/81 DefineSprite (chid: 2100)
Exported frame 25/81 DefineSprite (chid: 2100)
Exported frame 26/81 DefineSprite (chid: 2100)
Exported frame 27/81 DefineSprite (chid: 2100)
Exported frame 28/81 DefineSprite (chid: 2100)
Exported frame 29/81 DefineSprite (chid: 2100)
Exported frame 30/81 DefineSprite (chid: 2100)
Exported frame 31/81 DefineSprite (chid: 2100)
Exported frame 32/81 DefineSprite (chid: 2100)
Exported frame 33/81 DefineSprite (chid: 2100)
Exported frame 34/81 DefineSprite (chid: 2100)
Exported frame 35/81 DefineSprite (chid: 2100)
Exported frame 36/81 DefineSprite (chid: 2100)
Exported frame 37/81 DefineSprite (chid: 2100)
Exported frame 38/81 DefineSprite (chid: 2100)
Exported frame 39/81 DefineSprite (chid: 2100)
Exported frame 40/81 DefineSprite (chid: 2100)
Exported frame 41/81 DefineSprite (chid: 2100)
Exported frame 42/81 DefineSprite (chid: 2100)
Exported frame 43/81 DefineSprite (chid: 2100)
Exported frame 44/81 DefineSprite (chid: 2100)
Exported frame 45/81 DefineSprite (chid: 2100)
Exported frame 46/81 DefineSprite (chid: 2100)
Exported frame 47/81 DefineSprite (chid: 2100)
Exported frame 48/81 DefineSprite (chid: 2100)
Exported frame 49/81 DefineSprite (chid: 2100)
Exported frame 50/81 DefineSprite (chid: 2100)
Exported frame 51/81 DefineSprite (chid: 2100)
Exported frame 52/81 DefineSprite (chid: 2100)
Exported frame 53/81 DefineSprite (chid: 2100)
Exported frame 54/81 DefineSprite (chid: 2100)
Exported frame 55/81 DefineSprite (chid: 2100)
Exported frame 56/81 DefineSprite (chid: 2100)
Exported frame 57/81 DefineSprite (chid: 2100)
Exported frame 58/81 DefineSprite (chid: 2100)
Exported frame 59/81 DefineSprite (chid: 2100)
Exported frame 60/81 DefineSprite (chid: 2100)
Exported frame 61/81 DefineSprite (chid: 2100)
Exported frame 62/81 DefineSprite (chid: 2100)
Exported frame 63/81 DefineSprite (chid: 2100)
Exported frame 64/81 DefineSprite (chid: 2100)
Exported frame 65/81 DefineSprite (chid: 2100)
Exported frame 66/81 DefineSprite (chid: 2100)
Exported frame 67/81 DefineSprite (chid: 2100)
Exported frame 68/81 DefineSprite (chid: 2100)
Exported frame 69/81 DefineSprite (chid: 2100)
Exported frame 70/81 DefineSprite (chid: 2100)
Exported frame 71/81 DefineSprite (chid: 2100)
Exported frame 72/81 DefineSprite (chid: 2100)
Exported frame 73/81 DefineSprite (chid: 2100)
Exported frame 74/81 DefineSprite (chid: 2100)
Exported frame 75/81 DefineSprite (chid: 2100)
Exported frame 76/81 DefineSprite (chid: 2100)
Exported frame 77/81 DefineSprite (chid: 2100)
Exported frame 78/81 DefineSprite (chid: 2100)
Exported frame 79/81 DefineSprite (chid: 2100)
Exported frame 80/81 DefineSprite (chid: 2100)
Exported frame 81/81 DefineSprite (chid: 2100)
Exported frame 1/1 DefineSprite (chid: 2101)
Exported frame 1/1 DefineSprite (chid: 2102)
Exported frame 1/1 DefineSprite (chid: 2103)
Exported frame 1/1 DefineSprite (chid: 2104)
Exported frame 1/1 DefineSprite (chid: 2105)
Exported frame 1/1 DefineSprite (chid: 2106)
Exported frame 1/1 DefineSprite (chid: 2108)
Exported frame 1/1 DefineSprite (chid: 2109)
Exported frame 1/1 DefineSprite (chid: 2111)
Exported frame 1/1 DefineSprite (chid: 2114)
Exported frame 1/1 DefineSprite (chid: 2117)
Exported frame 1/1 DefineSprite (chid: 2118)
Exported frame 1/1 DefineSprite (chid: 2121)
Exported frame 1/1 DefineSprite (chid: 2122)
Exported frame 1/1 DefineSprite (chid: 2124)
Exported frame 1/1 DefineSprite (chid: 2126)
Exported frame 1/1 DefineSprite (chid: 2127)
Exported frame 1/1 DefineSprite (chid: 2129)
Exported frame 1/1 DefineSprite (chid: 2130)
Exported frame 1/1 DefineSprite (chid: 2131)
Exported frame 1/1 DefineSprite (chid: 2132)
Exported frame 1/1 DefineSprite (chid: 2133)
Exported frame 1/1 DefineSprite (chid: 2134)
Exported frame 1/1 DefineSprite (chid: 2135)
Exported frame 1/1 DefineSprite (chid: 2137)
Exported frame 1/1 DefineSprite (chid: 2139)
Exported frame 1/1 DefineSprite (chid: 2141)
Exported frame 1/1 DefineSprite (chid: 2142)
Exported frame 1/1 DefineSprite (chid: 2143)
Exported frame 1/1 DefineSprite (chid: 2145)
Exported frame 1/1 DefineSprite (chid: 2146)
Exported frame 1/1 DefineSprite (chid: 2147)
Exported frame 1/1 DefineSprite (chid: 2149)
Exported frame 1/1 DefineSprite (chid: 2150)
Exported frame 1/1 DefineSprite (chid: 2152)
Exported frame 1/1 DefineSprite (chid: 2154)
Exported frame 1/1 DefineSprite (chid: 2156)
Exported frame 1/1 DefineSprite (chid: 2157)
Exported frame 1/1 DefineSprite (chid: 2159)
Exported frame 1/1 DefineSprite (chid: 2160)
Exported frame 1/1 DefineSprite (chid: 2162)
Exported frame 1/1 DefineSprite (chid: 2164)
Exported frame 1/1 DefineSprite (chid: 2166)
Exported frame 1/1 DefineSprite (chid: 2168)
Exported frame 1/1 DefineSprite (chid: 2170)
Exported frame 1/1 DefineSprite (chid: 2171)
Exported frame 1/1 DefineSprite (chid: 2173)
Exported frame 1/1 DefineSprite (chid: 2174)
Exported frame 1/1 DefineSprite (chid: 2176)
Exported frame 1/1 DefineSprite (chid: 2177)
Exported frame 1/1 DefineSprite (chid: 2178)
Exported frame 1/1 DefineSprite (chid: 2179)
Exported frame 1/1 DefineSprite (chid: 2180)
Exported frame 1/1 DefineSprite (chid: 2187)
Exported frame 1/1 DefineSprite (chid: 2190)
Exported frame 1/1 DefineSprite (chid: 2192)
Exported frame 1/1 DefineSprite (chid: 2194)
Exported frame 1/1 DefineSprite (chid: 2197, cls: backgroundcomponent)
Exported frame 1/1 DefineSprite (chid: 2199)
Exported frame 1/1 DefineSprite (chid: 2200)
Exported frame 1/1 DefineSprite (chid: 2201, cls: AbyssalBow)
Exported frame 1/1 DefineSprite (chid: 2203)
Exported frame 1/1 DefineSprite (chid: 2204)
Exported frame 1/29 DefineSprite (chid: 2227)
Exported frame 2/29 DefineSprite (chid: 2227)
Exported frame 3/29 DefineSprite (chid: 2227)
Exported frame 4/29 DefineSprite (chid: 2227)
Exported frame 5/29 DefineSprite (chid: 2227)
Exported frame 6/29 DefineSprite (chid: 2227)
Exported frame 7/29 DefineSprite (chid: 2227)
Exported frame 8/29 DefineSprite (chid: 2227)
Exported frame 9/29 DefineSprite (chid: 2227)
Exported frame 10/29 DefineSprite (chid: 2227)
Exported frame 11/29 DefineSprite (chid: 2227)
Exported frame 12/29 DefineSprite (chid: 2227)
Exported frame 13/29 DefineSprite (chid: 2227)
Exported frame 14/29 DefineSprite (chid: 2227)
Exported frame 15/29 DefineSprite (chid: 2227)
Exported frame 16/29 DefineSprite (chid: 2227)
Exported frame 17/29 DefineSprite (chid: 2227)
Exported frame 18/29 DefineSprite (chid: 2227)
Exported frame 19/29 DefineSprite (chid: 2227)
Exported frame 20/29 DefineSprite (chid: 2227)
Exported frame 21/29 DefineSprite (chid: 2227)
Exported frame 22/29 DefineSprite (chid: 2227)
Exported frame 23/29 DefineSprite (chid: 2227)
Exported frame 24/29 DefineSprite (chid: 2227)
Exported frame 25/29 DefineSprite (chid: 2227)
Exported frame 26/29 DefineSprite (chid: 2227)
Exported frame 27/29 DefineSprite (chid: 2227)
Exported frame 28/29 DefineSprite (chid: 2227)
Exported frame 29/29 DefineSprite (chid: 2227)
Exported frame 1/37 DefineSprite (chid: 2228, cls: Paradigm_fla.mcCape_87)
Exported frame 2/37 DefineSprite (chid: 2228, cls: Paradigm_fla.mcCape_87)
Exported frame 3/37 DefineSprite (chid: 2228, cls: Paradigm_fla.mcCape_87)
Exported frame 4/37 DefineSprite (chid: 2228, cls: Paradigm_fla.mcCape_87)
Exported frame 5/37 DefineSprite (chid: 2228, cls: Paradigm_fla.mcCape_87)
Exported frame 6/37 DefineSprite (chid: 2228, cls: Paradigm_fla.mcCape_87)
Exported frame 7/37 DefineSprite (chid: 2228, cls: Paradigm_fla.mcCape_87)
Exported frame 8/37 DefineSprite (chid: 2228, cls: Paradigm_fla.mcCape_87)
Exported frame 9/37 DefineSprite (chid: 2228, cls: Paradigm_fla.mcCape_87)
Exported frame 10/37 DefineSprite (chid: 2228, cls: Paradigm_fla.mcCape_87)
Exported frame 11/37 DefineSprite (chid: 2228, cls: Paradigm_fla.mcCape_87)
Exported frame 12/37 DefineSprite (chid: 2228, cls: Paradigm_fla.mcCape_87)
Exported frame 13/37 DefineSprite (chid: 2228, cls: Paradigm_fla.mcCape_87)
Exported frame 14/37 DefineSprite (chid: 2228, cls: Paradigm_fla.mcCape_87)
Exported frame 15/37 DefineSprite (chid: 2228, cls: Paradigm_fla.mcCape_87)
Exported frame 16/37 DefineSprite (chid: 2228, cls: Paradigm_fla.mcCape_87)
Exported frame 17/37 DefineSprite (chid: 2228, cls: Paradigm_fla.mcCape_87)
Exported frame 18/37 DefineSprite (chid: 2228, cls: Paradigm_fla.mcCape_87)
Exported frame 19/37 DefineSprite (chid: 2228, cls: Paradigm_fla.mcCape_87)
Exported frame 20/37 DefineSprite (chid: 2228, cls: Paradigm_fla.mcCape_87)
Exported frame 21/37 DefineSprite (chid: 2228, cls: Paradigm_fla.mcCape_87)
Exported frame 22/37 DefineSprite (chid: 2228, cls: Paradigm_fla.mcCape_87)
Exported frame 23/37 DefineSprite (chid: 2228, cls: Paradigm_fla.mcCape_87)
Exported frame 24/37 DefineSprite (chid: 2228, cls: Paradigm_fla.mcCape_87)
Exported frame 25/37 DefineSprite (chid: 2228, cls: Paradigm_fla.mcCape_87)
Exported frame 26/37 DefineSprite (chid: 2228, cls: Paradigm_fla.mcCape_87)
Exported frame 27/37 DefineSprite (chid: 2228, cls: Paradigm_fla.mcCape_87)
Exported frame 28/37 DefineSprite (chid: 2228, cls: Paradigm_fla.mcCape_87)
Exported frame 29/37 DefineSprite (chid: 2228, cls: Paradigm_fla.mcCape_87)
Exported frame 30/37 DefineSprite (chid: 2228, cls: Paradigm_fla.mcCape_87)
Exported frame 31/37 DefineSprite (chid: 2228, cls: Paradigm_fla.mcCape_87)
Exported frame 32/37 DefineSprite (chid: 2228, cls: Paradigm_fla.mcCape_87)
Exported frame 33/37 DefineSprite (chid: 2228, cls: Paradigm_fla.mcCape_87)
Exported frame 34/37 DefineSprite (chid: 2228, cls: Paradigm_fla.mcCape_87)
Exported frame 35/37 DefineSprite (chid: 2228, cls: Paradigm_fla.mcCape_87)
Exported frame 36/37 DefineSprite (chid: 2228, cls: Paradigm_fla.mcCape_87)
Exported frame 37/37 DefineSprite (chid: 2228, cls: Paradigm_fla.mcCape_87)
Exported frame 1/1 DefineSprite (chid: 2229)
Exported frame 1/1 DefineSprite (chid: 2231)
Exported frame 1/1 DefineSprite (chid: 2233)
Exported frame 1/1 DefineSprite (chid: 2235)
Exported frame 1/1 DefineSprite (chid: 2237)
Exported frame 1/1 DefineSprite (chid: 2238)
Exported frame 1/1 DefineSprite (chid: 2239)
Exported frame 1/1 DefineSprite (chid: 2241)
Exported frame 1/1 DefineSprite (chid: 2242)
Exported frame 1/1 DefineSprite (chid: 2244)
Exported frame 1/1 DefineSprite (chid: 2245)
Exported frame 1/1 DefineSprite (chid: 2247)
Exported frame 1/1 DefineSprite (chid: 2248)
Exported frame 1/1 DefineSprite (chid: 2250)
Exported frame 1/1 DefineSprite (chid: 2251)
Exported frame 1/1 DefineSprite (chid: 2253)
Exported frame 1/1 DefineSprite (chid: 2254)
Exported frame 1/1 DefineSprite (chid: 2256)
Exported frame 1/1 DefineSprite (chid: 2257)
Exported frame 1/1 DefineSprite (chid: 2259)
Exported frame 1/1 DefineSprite (chid: 2260)
Exported frame 1/1 DefineSprite (chid: 2261)
Exported frame 1/1 DefineSprite (chid: 2263)
Exported frame 1/1 DefineSprite (chid: 2264)
Exported frame 1/1 DefineSprite (chid: 2266)
Exported frame 1/1 DefineSprite (chid: 2268)
Exported frame 1/1 DefineSprite (chid: 2269)
Exported frame 1/1 DefineSprite (chid: 2271)
Exported frame 1/1 DefineSprite (chid: 2272)
Exported frame 1/1 DefineSprite (chid: 2274)
Exported frame 1/68 DefineSprite (chid: 2278)
Exported frame 2/68 DefineSprite (chid: 2278)
Exported frame 3/68 DefineSprite (chid: 2278)
Exported frame 4/68 DefineSprite (chid: 2278)
Exported frame 5/68 DefineSprite (chid: 2278)
Exported frame 6/68 DefineSprite (chid: 2278)
Exported frame 7/68 DefineSprite (chid: 2278)
Exported frame 8/68 DefineSprite (chid: 2278)
Exported frame 9/68 DefineSprite (chid: 2278)
Exported frame 10/68 DefineSprite (chid: 2278)
Exported frame 11/68 DefineSprite (chid: 2278)
Exported frame 12/68 DefineSprite (chid: 2278)
Exported frame 13/68 DefineSprite (chid: 2278)
Exported frame 14/68 DefineSprite (chid: 2278)
Exported frame 15/68 DefineSprite (chid: 2278)
Exported frame 16/68 DefineSprite (chid: 2278)
Exported frame 17/68 DefineSprite (chid: 2278)
Exported frame 18/68 DefineSprite (chid: 2278)
Exported frame 19/68 DefineSprite (chid: 2278)
Exported frame 20/68 DefineSprite (chid: 2278)
Exported frame 21/68 DefineSprite (chid: 2278)
Exported frame 22/68 DefineSprite (chid: 2278)
Exported frame 23/68 DefineSprite (chid: 2278)
Exported frame 24/68 DefineSprite (chid: 2278)
Exported frame 25/68 DefineSprite (chid: 2278)
Exported frame 26/68 DefineSprite (chid: 2278)
Exported frame 27/68 DefineSprite (chid: 2278)
Exported frame 28/68 DefineSprite (chid: 2278)
Exported frame 29/68 DefineSprite (chid: 2278)
Exported frame 30/68 DefineSprite (chid: 2278)
Exported frame 31/68 DefineSprite (chid: 2278)
Exported frame 32/68 DefineSprite (chid: 2278)
Exported frame 33/68 DefineSprite (chid: 2278)
Exported frame 34/68 DefineSprite (chid: 2278)
Exported frame 35/68 DefineSprite (chid: 2278)
Exported frame 36/68 DefineSprite (chid: 2278)
Exported frame 37/68 DefineSprite (chid: 2278)
Exported frame 38/68 DefineSprite (chid: 2278)
Exported frame 39/68 DefineSprite (chid: 2278)
Exported frame 40/68 DefineSprite (chid: 2278)
Exported frame 41/68 DefineSprite (chid: 2278)
Exported frame 42/68 DefineSprite (chid: 2278)
Exported frame 43/68 DefineSprite (chid: 2278)
Exported frame 44/68 DefineSprite (chid: 2278)
Exported frame 45/68 DefineSprite (chid: 2278)
Exported frame 46/68 DefineSprite (chid: 2278)
Exported frame 47/68 DefineSprite (chid: 2278)
Exported frame 48/68 DefineSprite (chid: 2278)
Exported frame 49/68 DefineSprite (chid: 2278)
Exported frame 50/68 DefineSprite (chid: 2278)
Exported frame 51/68 DefineSprite (chid: 2278)
Exported frame 52/68 DefineSprite (chid: 2278)
Exported frame 53/68 DefineSprite (chid: 2278)
Exported frame 54/68 DefineSprite (chid: 2278)
Exported frame 55/68 DefineSprite (chid: 2278)
Exported frame 56/68 DefineSprite (chid: 2278)
Exported frame 57/68 DefineSprite (chid: 2278)
Exported frame 58/68 DefineSprite (chid: 2278)
Exported frame 59/68 DefineSprite (chid: 2278)
Exported frame 60/68 DefineSprite (chid: 2278)
Exported frame 61/68 DefineSprite (chid: 2278)
Exported frame 62/68 DefineSprite (chid: 2278)
Exported frame 63/68 DefineSprite (chid: 2278)
Exported frame 64/68 DefineSprite (chid: 2278)
Exported frame 65/68 DefineSprite (chid: 2278)
Exported frame 66/68 DefineSprite (chid: 2278)
Exported frame 67/68 DefineSprite (chid: 2278)
Exported frame 68/68 DefineSprite (chid: 2278)
Exported frame 1/1 DefineSprite (chid: 2280)
Exported frame 1/1 DefineSprite (chid: 2281)
Exported frame 1/3 DefineSprite (chid: 2285)
Exported frame 2/3 DefineSprite (chid: 2285)
Exported frame 3/3 DefineSprite (chid: 2285)
Exported frame 1/1 DefineSprite (chid: 2288)
Exported frame 1/1 DefineSprite (chid: 2310)
Exported frame 1/1 DefineSprite (chid: 2311)
Exported frame 1/1 DefineSprite (chid: 2312)
Exported frame 1/1 DefineSprite (chid: 2314)
Exported frame 1/14 DefineSprite (chid: 2315, cls: Paradigm_fla.fxx_128)
Exported frame 2/14 DefineSprite (chid: 2315, cls: Paradigm_fla.fxx_128)
Exported frame 3/14 DefineSprite (chid: 2315, cls: Paradigm_fla.fxx_128)
Exported frame 4/14 DefineSprite (chid: 2315, cls: Paradigm_fla.fxx_128)
Exported frame 5/14 DefineSprite (chid: 2315, cls: Paradigm_fla.fxx_128)
Exported frame 6/14 DefineSprite (chid: 2315, cls: Paradigm_fla.fxx_128)
Exported frame 7/14 DefineSprite (chid: 2315, cls: Paradigm_fla.fxx_128)
Exported frame 8/14 DefineSprite (chid: 2315, cls: Paradigm_fla.fxx_128)
Exported frame 9/14 DefineSprite (chid: 2315, cls: Paradigm_fla.fxx_128)
Exported frame 10/14 DefineSprite (chid: 2315, cls: Paradigm_fla.fxx_128)
Exported frame 11/14 DefineSprite (chid: 2315, cls: Paradigm_fla.fxx_128)
Exported frame 12/14 DefineSprite (chid: 2315, cls: Paradigm_fla.fxx_128)
Exported frame 13/14 DefineSprite (chid: 2315, cls: Paradigm_fla.fxx_128)
Exported frame 14/14 DefineSprite (chid: 2315, cls: Paradigm_fla.fxx_128)
Exported frame 1/1 DefineSprite (chid: 2331)
Exported frame 1/1 DefineSprite (chid: 2333)
Exported frame 1/1 DefineSprite (chid: 2334)
Exported frame 1/1 DefineSprite (chid: 2335)
Exported frame 1/1 DefineSprite (chid: 2339)
Exported frame 1/1 DefineSprite (chid: 2343)
Exported frame 1/1 DefineSprite (chid: 2348)
Exported frame 1/1 DefineSprite (chid: 2349)
Exported frame 1/1 DefineSprite (chid: 2351)
Exported frame 1/1 DefineSprite (chid: 2382)
Exported frame 1/27 DefineSprite (chid: 2383)
Exported frame 2/27 DefineSprite (chid: 2383)
Exported frame 3/27 DefineSprite (chid: 2383)
Exported frame 4/27 DefineSprite (chid: 2383)
Exported frame 5/27 DefineSprite (chid: 2383)
Exported frame 6/27 DefineSprite (chid: 2383)
Exported frame 7/27 DefineSprite (chid: 2383)
Exported frame 8/27 DefineSprite (chid: 2383)
Exported frame 9/27 DefineSprite (chid: 2383)
Exported frame 10/27 DefineSprite (chid: 2383)
Exported frame 11/27 DefineSprite (chid: 2383)
Exported frame 12/27 DefineSprite (chid: 2383)
Exported frame 13/27 DefineSprite (chid: 2383)
Exported frame 14/27 DefineSprite (chid: 2383)
Exported frame 15/27 DefineSprite (chid: 2383)
Exported frame 16/27 DefineSprite (chid: 2383)
Exported frame 17/27 DefineSprite (chid: 2383)
Exported frame 18/27 DefineSprite (chid: 2383)
Exported frame 19/27 DefineSprite (chid: 2383)
Exported frame 20/27 DefineSprite (chid: 2383)
Exported frame 21/27 DefineSprite (chid: 2383)
Exported frame 22/27 DefineSprite (chid: 2383)
Exported frame 23/27 DefineSprite (chid: 2383)
Exported frame 24/27 DefineSprite (chid: 2383)
Exported frame 25/27 DefineSprite (chid: 2383)
Exported frame 26/27 DefineSprite (chid: 2383)
Exported frame 27/27 DefineSprite (chid: 2383)
Exported frame 1/2 DefineSprite (chid: 2385)
Exported frame 2/2 DefineSprite (chid: 2385)
Exported frame 1/20 DefineSprite (chid: 2387)
Exported frame 2/20 DefineSprite (chid: 2387)
Exported frame 3/20 DefineSprite (chid: 2387)
Exported frame 4/20 DefineSprite (chid: 2387)
Exported frame 5/20 DefineSprite (chid: 2387)
Exported frame 6/20 DefineSprite (chid: 2387)
Exported frame 7/20 DefineSprite (chid: 2387)
Exported frame 8/20 DefineSprite (chid: 2387)
Exported frame 9/20 DefineSprite (chid: 2387)
Exported frame 10/20 DefineSprite (chid: 2387)
Exported frame 11/20 DefineSprite (chid: 2387)
Exported frame 12/20 DefineSprite (chid: 2387)
Exported frame 13/20 DefineSprite (chid: 2387)
Exported frame 14/20 DefineSprite (chid: 2387)
Exported frame 15/20 DefineSprite (chid: 2387)
Exported frame 16/20 DefineSprite (chid: 2387)
Exported frame 17/20 DefineSprite (chid: 2387)
Exported frame 18/20 DefineSprite (chid: 2387)
Exported frame 19/20 DefineSprite (chid: 2387)
Exported frame 20/20 DefineSprite (chid: 2387)
Exported frame 1/1 DefineSprite (chid: 2389)
Exported frame 1/1 DefineSprite (chid: 2391)
Exported frame 1/1 DefineSprite (chid: 2393)
Exported frame 1/1 DefineSprite (chid: 2399)
Exported frame 1/1 DefineSprite (chid: 2402)
Exported frame 1/1837 DefineSprite (chid: 2408, cls: AQWorlds.mcSkel)
Exported frame 2/1837 DefineSprite (chid: 2408, cls: AQWorlds.mcSkel)
Exported frame 3/1837 DefineSprite (chid: 2408, cls: AQWorlds.mcSkel)
Exported frame 4/1837 DefineSprite (chid: 2408, cls: AQWorlds.mcSkel)
Exported frame 5/1837 DefineSprite (chid: 2408, cls: AQWorlds.mcSkel)
Exported frame 6/1837 DefineSprite (chid: 2408, cls: AQWorlds.mcSkel)
Exported frame 7/1837 DefineSprite (chid: 2408, cls: AQWorlds.mcSkel)
Exported frame 8/1837 DefineSprite (chid: 2408, cls: AQWorlds.mcSkel)
Exported frame 9/1837 DefineSprite (chid: 2408, cls: AQWorlds.mcSkel)
Exported frame 10/1837 DefineSprite (chid: 2408, cls: AQWorlds.mcSkel)
Exported frame 11/1837 DefineSprite (chid: 2408, cls: AQWorlds.mcSkel)
Exported frame 12/1837 DefineSprite (chid: 2408, cls: AQWorlds.mcSkel)
Exported frame 13/1837 DefineSprite (chid: 2408, cls: AQWorlds.mcSkel)
Exported frame 14/1837 DefineSprite (chid: 2408, cls: AQWorlds.mcSkel)
Exported frame 15/1837 DefineSprite (chid: 2408, cls: AQWorlds.mcSkel)
Exported frame 16/1837 DefineSprite (chid: 2408, cls: AQWorlds.mcSkel)
Exported frame 17/1837 DefineSprite (chid: 2408, cls: AQWorlds.mcSkel)
Exported frame 18/1837 DefineSprite (chid: 2408, cls: AQWorlds.mcSkel)
Exported frame 19/1837 DefineSprite (chid: 2408, cls: AQWorlds.mcSkel)
Exported frame 20/1837 DefineSprite (chid: 2408, cls: AQWorlds.mcSkel)
Exported frame 21/1837 DefineSprite (chid: 2408, cls: AQWorlds.mcSkel)
Exported frame 22/1837 DefineSprite (chid: 2408, cls: AQWorlds.mcSkel)
Exported frame 23/1837 DefineSprite (chid: 2408, cls: AQWorlds.mcSkel)
Exported frame 24/1837 DefineSprite (chid: 2408, cls: AQWorlds.mcSkel)
Exported frame 25/1837 DefineSprite (chid: 2408, cls: AQWorlds.mcSkel)
Exported frame 26/1837 DefineSprite (chid: 2408, cls: AQWorlds.mcSkel)
Exported frame 27/1837 DefineSprite (chid: 2408, cls: AQWorlds.mcSkel)
Exported frame 28/1837 DefineSprite (chid: 2408, cls: AQWorlds.mcSkel)
Exported frame 29/1837 DefineSprite (chid: 2408, cls: AQWorlds.mcSkel)
Exported frame 30/1837 DefineSprite (chid: 2408, cls: AQWorlds.mcSkel)
Exported frame 31/1837 DefineSprite (chid: 2408, cls: AQWorlds.mcSkel)
Exported frame 32/1837 DefineSprite (chid: 2408, cls: AQWorlds.mcSkel)
Exported frame 33/1837 DefineSprite (chid: 2408, cls: AQWorlds.mcSkel)
Exported frame 34/1837 DefineSprite (chid: 2408, cls: AQWorlds.mcSkel)
Exported frame 35/1837 DefineSprite (chid: 2408, cls: AQWorlds.mcSkel)
Exported frame 36/1837 DefineSprite (chid: 2408, cls: AQWorlds.mcSkel)
Exported frame 37/1837 DefineSprite (chid: 2408, cls: AQWorlds.mcSkel)
Exported frame 38/1837 DefineSprite (chid: 2408, cls: AQWorlds.mcSkel)
Exported frame 39/1837 DefineSprite (chid: 2408, cls: AQWorlds.mcSkel)
Exported frame 40/1837 DefineSprite (chid: 2408, cls: AQWorlds.mcSkel)
Exported frame 41/1837 DefineSprite (chid: 2408, cls: AQWorlds.mcSkel)
Exported frame 42/1837 DefineSprite (chid: 2408, cls: AQWorlds.mcSkel)
Exported frame 43/1837 DefineSprite (chid: 2408, cls: AQWorlds.mcSkel)
Exported frame 44/1837 DefineSprite (chid: 2408, cls: AQWorlds.mcSkel)
Exported frame 45/1837 DefineSprite (chid: 2408, cls: AQWorlds.mcSkel)
Exported frame 46/1837 DefineSprite (chid: 2408, cls: AQWorlds.mcSkel)
Exported frame 47/1837 DefineSprite (chid: 2408, cls: AQWorlds.mcSkel)
Exported frame 48/1837 DefineSprite (chid: 2408, cls: AQWorlds.mcSkel)
Exported frame 49/1837 DefineSprite (chid: 2408, cls: AQWorlds.mcSkel)
Exported frame 50/1837 DefineSprite (chid: 2408, cls: AQWorlds.mcSkel)
Exported frame 51/1837 DefineSprite (chid: 2408, cls: AQWorlds.mcSkel)
Exported frame 52/1837 DefineSprite (chid: 2408, cls: AQWorlds.mcSkel)
Exported frame 53/1837 DefineSprite (chid: 2408, cls: AQWorlds.mcSkel)
Exported frame 54/1837 DefineSprite (chid: 2408, cls: AQWorlds.mcSkel)
Exported frame 55/1837 DefineSprite (chid: 2408, cls: AQWorlds.mcSkel)
Exported frame 56/1837 DefineSprite (chid: 2408, cls: AQWorlds.mcSkel)
Exported frame 57/1837 DefineSprite (chid: 2408, cls: AQWorlds.mcSkel)
Exported frame 58/1837 DefineSprite (chid: 2408, cls: AQWorlds.mcSkel)
Exported frame 59/1837 DefineSprite (chid: 2408, cls: AQWorlds.mcSkel)
Exported frame 60/1837 DefineSprite (chid: 2408, cls: AQWorlds.mcSkel)
Exported frame 61/1837 DefineSprite (chid: 2408, cls: AQWorlds.mcSkel)
Exported frame 62/1837 DefineSprite (chid: 2408, cls: AQWorlds.mcSkel)
Exported frame 63/1837 DefineSprite (chid: 2408, cls: AQWorlds.mcSkel)
Exported frame 64/1837 DefineSprite (chid: 2408, cls: AQWorlds.mcSkel)
Exported frame 65/1837 DefineSprite (chid: 2408, cls: AQWorlds.mcSkel)
Exported frame 66/1837 DefineSprite (chid: 2408, cls: AQWorlds.mcSkel)
Exported frame 67/1837 DefineSprite (chid: 2408, cls: AQWorlds.mcSkel)
Exported frame 68/1837 DefineSprite (chid: 2408, cls: AQWorlds.mcSkel)
Exported frame 69/1837 DefineSprite (chid: 2408, cls: AQWorlds.mcSkel)
Exported frame 70/1837 DefineSprite (chid: 2408, cls: AQWorlds.mcSkel)
Exported frame 71/1837 DefineSprite (chid: 2408, cls: AQWorlds.mcSkel)
Exported frame 72/1837 DefineSprite (chid: 2408, cls: AQWorlds.mcSkel)
Exported frame 73/1837 DefineSprite (chid: 2408, cls: AQWorlds.mcSkel)
Exported frame 74/1837 DefineSprite (chid: 2408, cls: AQWorlds.mcSkel)
Exported frame 75/1837 DefineSprite (chid: 2408, cls: AQWorlds.mcSkel)
Exported frame 76/1837 DefineSprite (chid: 2408, cls: AQWorlds.mcSkel)
Exported frame 77/1837 DefineSprite (chid: 2408, cls: AQWorlds.mcSkel)
Exported frame 78/1837 DefineSprite (chid: 2408, cls: AQWorlds.mcSkel)
Exported frame 79/1837 DefineSprite (chid: 2408, cls: AQWorlds.mcSkel)
Exported frame 80/1837 DefineSprite (chid: 2408, cls: AQWorlds.mcSkel)
Exported frame 81/1837 DefineSprite (chid: 2408, cls: AQWorlds.mcSkel)
Exported frame 82/1837 DefineSprite (chid: 2408, cls: AQWorlds.mcSkel)
Exported frame 83/1837 DefineSprite (chid: 2408, cls: AQWorlds.mcSkel)
Exported frame 84/1837 DefineSprite (chid: 2408, cls: AQWorlds.mcSkel)
Exported frame 85/1837 DefineSprite (chid: 2408, cls: AQWorlds.mcSkel)
Exported frame 86/1837 DefineSprite (chid: 2408, cls: AQWorlds.mcSkel)
Exported frame 87/1837 DefineSprite (chid: 2408, cls: AQWorlds.mcSkel)
Exported frame 88/1837 DefineSprite (chid: 2408, cls: AQWorlds.mcSkel)
Exported frame 89/1837 DefineSprite (chid: 2408, cls: AQWorlds.mcSkel)
Exported frame 90/1837 DefineSprite (chid: 2408, cls: AQWorlds.mcSkel)
Exported frame 91/1837 DefineSprite (chid: 2408, cls: AQWorlds.mcSkel)
Exported frame 92/1837 DefineSprite (chid: 2408, cls: AQWorlds.mcSkel)
Exported frame 93/1837 DefineSprite (chid: 2408, cls: AQWorlds.mcSkel)
Exported frame 94/1837 DefineSprite (chid: 2408, cls: AQWorlds.mcSkel)
Exported frame 95/1837 DefineSprite (chid: 2408, cls: AQWorlds.mcSkel)
Exported frame 96/1837 DefineSprite (chid: 2408, cls: AQWorlds.mcSkel)
Exported frame 97/1837 DefineSprite (chid: 2408, cls: AQWorlds.mcSkel)
Exported frame 98/1837 DefineSprite (chid: 2408, cls: AQWorlds.mcSkel)
Exported frame 99/1837 DefineSprite (chid: 2408, cls: AQWorlds.mcSkel)
Exported frame 100/1837 DefineSprite (chid: 2408, cls: AQWorlds.mcSkel)
Exported frame 101/1837 DefineSprite (chid: 2408, cls: AQWorlds.mcSkel)
Exported frame 102/1837 DefineSprite (chid: 2408, cls: AQWorlds.mcSkel)
Exported frame 103/1837 DefineSprite (chid: 2408, cls: AQWorlds.mcSkel)
Exported frame 104/1837 DefineSprite (chid: 2408, cls: AQWorlds.mcSkel)
Exported frame 105/1837 DefineSprite (chid: 2408, cls: AQWorlds.mcSkel)
Exported frame 106/1837 DefineSprite (chid: 2408, cls: AQWorlds.mcSkel)
Exported frame 107/1837 DefineSprite (chid: 2408, cls: AQWorlds.mcSkel)
Exported frame 108/1837 DefineSprite (chid: 2408, cls: AQWorlds.mcSkel)
Exported frame 109/1837 DefineSprite (chid: 2408, cls: AQWorlds.mcSkel)
Exported frame 110/1837 DefineSprite (chid: 2408, cls: AQWorlds.mcSkel)
Exported frame 111/1837 DefineSprite (chid: 2408, cls: AQWorlds.mcSkel)
Exported frame 112/1837 DefineSprite (chid: 2408, cls: AQWorlds.mcSkel)
Exported frame 113/1837 DefineSprite (chid: 2408, cls: AQWorlds.mcSkel)
Exported frame 114/1837 DefineSprite (chid: 2408, cls: AQWorlds.mcSkel)
Exported frame 115/1837 DefineSprite (chid: 2408, cls: AQWorlds.mcSkel)
Exported frame 116/1837 DefineSprite (chid: 2408, cls: AQWorlds.mcSkel)
Exported frame 117/1837 DefineSprite (chid: 2408, cls: AQWorlds.mcSkel)
Exported frame 118/1837 DefineSprite (chid: 2408, cls: AQWorlds.mcSkel)
Exported frame 119/1837 DefineSprite (chid: 2408, cls: AQWorlds.mcSkel)
Exported frame 120/1837 DefineSprite (chid: 2408, cls: AQWorlds.mcSkel)
Exported frame 121/1837 DefineSprite (chid: 2408, cls: AQWorlds.mcSkel)
Exported frame 122/1837 DefineSprite (chid: 2408, cls: AQWorlds.mcSkel)
Exported frame 123/1837 DefineSprite (chid: 2408, cls: AQWorlds.mcSkel)
Exported frame 124/1837 DefineSprite (chid: 2408, cls: AQWorlds.mcSkel)
Exported frame 125/1837 DefineSprite (chid: 2408, cls: AQWorlds.mcSkel)
Exported frame 126/1837 DefineSprite (chid: 2408, cls: AQWorlds.mcSkel)
Exported frame 127/1837 DefineSprite (chid: 2408, cls: AQWorlds.mcSkel)
Exported frame 128/1837 DefineSprite (chid: 2408, cls: AQWorlds.mcSkel)
Exported frame 129/1837 DefineSprite (chid: 2408, cls: AQWorlds.mcSkel)
Exported frame 130/1837 DefineSprite (chid: 2408, cls: AQWorlds.mcSkel)
Exported frame 131/1837 DefineSprite (chid: 2408, cls: AQWorlds.mcSkel)
Exported frame 132/1837 DefineSprite (chid: 2408, cls: AQWorlds.mcSkel)
Exported frame 133/1837 DefineSprite (chid: 2408, cls: AQWorlds.mcSkel)
Exported frame 134/1837 DefineSprite (chid: 2408, cls: AQWorlds.mcSkel)
Exported frame 135/1837 DefineSprite (chid: 2408, cls: AQWorlds.mcSkel)
Exported frame 136/1837 DefineSprite (chid: 2408, cls: AQWorlds.mcSkel)
Exported frame 137/1837 DefineSprite (chid: 2408, cls: AQWorlds.mcSkel)
Exported frame 138/1837 DefineSprite (chid: 2408, cls: AQWorlds.mcSkel)
Exported frame 139/1837 DefineSprite (chid: 2408, cls: AQWorlds.mcSkel)
Exported frame 140/1837 DefineSprite (chid: 2408, cls: AQWorlds.mcSkel)
Exported frame 141/1837 DefineSprite (chid: 2408, cls: AQWorlds.mcSkel)
Exported frame 142/1837 DefineSprite (chid: 2408, cls: AQWorlds.mcSkel)
Exported frame 143/1837 DefineSprite (chid: 2408, cls: AQWorlds.mcSkel)
Exported frame 144/1837 DefineSprite (chid: 2408, cls: AQWorlds.mcSkel)
Exported frame 145/1837 DefineSprite (chid: 2408, cls: AQWorlds.mcSkel)
Exported frame 146/1837 DefineSprite (chid: 2408, cls: AQWorlds.mcSkel)
Exported frame 147/1837 DefineSprite (chid: 2408, cls: AQWorlds.mcSkel)
Exported frame 148/1837 DefineSprite (chid: 2408, cls: AQWorlds.mcSkel)
Exported frame 149/1837 DefineSprite (chid: 2408, cls: AQWorlds.mcSkel)
Exported frame 150/1837 DefineSprite (chid: 2408, cls: AQWorlds.mcSkel)
Exported frame 151/1837 DefineSprite (chid: 2408, cls: AQWorlds.mcSkel)
Exported frame 152/1837 DefineSprite (chid: 2408, cls: AQWorlds.mcSkel)
Exported frame 153/1837 DefineSprite (chid: 2408, cls: AQWorlds.mcSkel)
Exported frame 154/1837 DefineSprite (chid: 2408, cls: AQWorlds.mcSkel)
Exported frame 155/1837 DefineSprite (chid: 2408, cls: AQWorlds.mcSkel)
Exported frame 156/1837 DefineSprite (chid: 2408, cls: AQWorlds.mcSkel)
Exported frame 157/1837 DefineSprite (chid: 2408, cls: AQWorlds.mcSkel)
Exported frame 158/1837 DefineSprite (chid: 2408, cls: AQWorlds.mcSkel)
Exported frame 159/1837 DefineSprite (chid: 2408, cls: AQWorlds.mcSkel)
Exported frame 160/1837 DefineSprite (chid: 2408, cls: AQWorlds.mcSkel)
Exported frame 161/1837 DefineSprite (chid: 2408, cls: AQWorlds.mcSkel)
Exported frame 162/1837 DefineSprite (chid: 2408, cls: AQWorlds.mcSkel)
Exported frame 163/1837 DefineSprite (chid: 2408, cls: AQWorlds.mcSkel)
Exported frame 164/1837 DefineSprite (chid: 2408, cls: AQWorlds.mcSkel)
Exported frame 165/1837 DefineSprite (chid: 2408, cls: AQWorlds.mcSkel)
Exported frame 166/1837 DefineSprite (chid: 2408, cls: AQWorlds.mcSkel)
Exported frame 167/1837 DefineSprite (chid: 2408, cls: AQWorlds.mcSkel)
Exported frame 168/1837 DefineSprite (chid: 2408, cls: AQWorlds.mcSkel)
Exported frame 169/1837 DefineSprite (chid: 2408, cls: AQWorlds.mcSkel)
Exported frame 170/1837 DefineSprite (chid: 2408, cls: AQWorlds.mcSkel)
Exported frame 171/1837 DefineSprite (chid: 2408, cls: AQWorlds.mcSkel)
Exported frame 172/1837 DefineSprite (chid: 2408, cls: AQWorlds.mcSkel)
Exported frame 173/1837 DefineSprite (chid: 2408, cls: AQWorlds.mcSkel)
Exported frame 174/1837 DefineSprite (chid: 2408, cls: AQWorlds.mcSkel)
Exported frame 175/1837 DefineSprite (chid: 2408, cls: AQWorlds.mcSkel)
Exported frame 176/1837 DefineSprite (chid: 2408, cls: AQWorlds.mcSkel)
Exported frame 177/1837 DefineSprite (chid: 2408, cls: AQWorlds.mcSkel)
Exported frame 178/1837 DefineSprite (chid: 2408, cls: AQWorlds.mcSkel)
Exported frame 179/1837 DefineSprite (chid: 2408, cls: AQWorlds.mcSkel)
Exported frame 180/1837 DefineSprite (chid: 2408, cls: AQWorlds.mcSkel)
Exported frame 181/1837 DefineSprite (chid: 2408, cls: AQWorlds.mcSkel)
Exported frame 182/1837 DefineSprite (chid: 2408, cls: AQWorlds.mcSkel)
Exported frame 183/1837 DefineSprite (chid: 2408, cls: AQWorlds.mcSkel)
Exported frame 184/1837 DefineSprite (chid: 2408, cls: AQWorlds.mcSkel)
Exported frame 185/1837 DefineSprite (chid: 2408, cls: AQWorlds.mcSkel)
Exported frame 186/1837 DefineSprite (chid: 2408, cls: AQWorlds.mcSkel)
Exported frame 187/1837 DefineSprite (chid: 2408, cls: AQWorlds.mcSkel)
Exported frame 188/1837 DefineSprite (chid: 2408, cls: AQWorlds.mcSkel)
Exported frame 189/1837 DefineSprite (chid: 2408, cls: AQWorlds.mcSkel)
Exported frame 190/1837 DefineSprite (chid: 2408, cls: AQWorlds.mcSkel)
Exported frame 191/1837 DefineSprite (chid: 2408, cls: AQWorlds.mcSkel)
Exported frame 192/1837 DefineSprite (chid: 2408, cls: AQWorlds.mcSkel)
Exported frame 193/1837 DefineSprite (chid: 2408, cls: AQWorlds.mcSkel)
Exported frame 194/1837 DefineSprite (chid: 2408, cls: AQWorlds.mcSkel)
Exported frame 195/1837 DefineSprite (chid: 2408, cls: AQWorlds.mcSkel)
Exported frame 196/1837 DefineSprite (chid: 2408, cls: AQWorlds.mcSkel)
Exported frame 197/1837 DefineSprite (chid: 2408, cls: AQWorlds.mcSkel)
Exported frame 198/1837 DefineSprite (chid: 2408, cls: AQWorlds.mcSkel)
Exported frame 199/1837 DefineSprite (chid: 2408, cls: AQWorlds.mcSkel)
Exported frame 200/1837 DefineSprite (chid: 2408, cls: AQWorlds.mcSkel)
Exported frame 201/1837 DefineSprite (chid: 2408, cls: AQWorlds.mcSkel)
Exported frame 202/1837 DefineSprite (chid: 2408, cls: AQWorlds.mcSkel)
Exported frame 203/1837 DefineSprite (chid: 2408, cls: AQWorlds.mcSkel)
Exported frame 204/1837 DefineSprite (chid: 2408, cls: AQWorlds.mcSkel)
Exported frame 205/1837 DefineSprite (chid: 2408, cls: AQWorlds.mcSkel)
Exported frame 206/1837 DefineSprite (chid: 2408, cls: AQWorlds.mcSkel)
Exported frame 207/1837 DefineSprite (chid: 2408, cls: AQWorlds.mcSkel)
Exported frame 208/1837 DefineSprite (chid: 2408, cls: AQWorlds.mcSkel)
Exported frame 209/1837 DefineSprite (chid: 2408, cls: AQWorlds.mcSkel)
Exported frame 210/1837 DefineSprite (chid: 2408, cls: AQWorlds.mcSkel)
Exported frame 211/1837 DefineSprite (chid: 2408, cls: AQWorlds.mcSkel)
Exported frame 212/1837 DefineSprite (chid: 2408, cls: AQWorlds.mcSkel)
Exported frame 213/1837 DefineSprite (chid: 2408, cls: AQWorlds.mcSkel)
Exported frame 214/1837 DefineSprite (chid: 2408, cls: AQWorlds.mcSkel)
Exported frame 215/1837 DefineSprite (chid: 2408, cls: AQWorlds.mcSkel)
Exported frame 216/1837 DefineSprite (chid: 2408, cls: AQWorlds.mcSkel)
Exported frame 217/1837 DefineSprite (chid: 2408, cls: AQWorlds.mcSkel)
Exported frame 218/1837 DefineSprite (chid: 2408, cls: AQWorlds.mcSkel)
Exported frame 219/1837 DefineSprite (chid: 2408, cls: AQWorlds.mcSkel)
Exported frame 220/1837 DefineSprite (chid: 2408, cls: AQWorlds.mcSkel)
Exported frame 221/1837 DefineSprite (chid: 2408, cls: AQWorlds.mcSkel)
Exported frame 222/1837 DefineSprite (chid: 2408, cls: AQWorlds.mcSkel)
Exported frame 223/1837 DefineSprite (chid: 2408, cls: AQWorlds.mcSkel)
Exported frame 224/1837 DefineSprite (chid: 2408, cls: AQWorlds.mcSkel)
Exported frame 225/1837 DefineSprite (chid: 2408, cls: AQWorlds.mcSkel)
Exported frame 226/1837 DefineSprite (chid: 2408, cls: AQWorlds.mcSkel)
Exported frame 227/1837 DefineSprite (chid: 2408, cls: AQWorlds.mcSkel)
Exported frame 228/1837 DefineSprite (chid: 2408, cls: AQWorlds.mcSkel)
Exported frame 229/1837 DefineSprite (chid: 2408, cls: AQWorlds.mcSkel)
Exported frame 230/1837 DefineSprite (chid: 2408, cls: AQWorlds.mcSkel)
Exported frame 231/1837 DefineSprite (chid: 2408, cls: AQWorlds.mcSkel)
Exported frame 232/1837 DefineSprite (chid: 2408, cls: AQWorlds.mcSkel)
Exported frame 233/1837 DefineSprite (chid: 2408, cls: AQWorlds.mcSkel)
Exported frame 234/1837 DefineSprite (chid: 2408, cls: AQWorlds.mcSkel)
Exported frame 235/1837 DefineSprite (chid: 2408, cls: AQWorlds.mcSkel)
Exported frame 236/1837 DefineSprite (chid: 2408, cls: AQWorlds.mcSkel)
Exported frame 237/1837 DefineSprite (chid: 2408, cls: AQWorlds.mcSkel)
Exported frame 238/1837 DefineSprite (chid: 2408, cls: AQWorlds.mcSkel)
Exported frame 239/1837 DefineSprite (chid: 2408, cls: AQWorlds.mcSkel)
Exported frame 240/1837 DefineSprite (chid: 2408, cls: AQWorlds.mcSkel)
Exported frame 241/1837 DefineSprite (chid: 2408, cls: AQWorlds.mcSkel)
Exported frame 242/1837 DefineSprite (chid: 2408, cls: AQWorlds.mcSkel)
Exported frame 243/1837 DefineSprite (chid: 2408, cls: AQWorlds.mcSkel)
Exported frame 244/1837 DefineSprite (chid: 2408, cls: AQWorlds.mcSkel)
Exported frame 245/1837 DefineSprite (chid: 2408, cls: AQWorlds.mcSkel)
Exported frame 246/1837 DefineSprite (chid: 2408, cls: AQWorlds.mcSkel)
Exported frame 247/1837 DefineSprite (chid: 2408, cls: AQWorlds.mcSkel)
Exported frame 248/1837 DefineSprite (chid: 2408, cls: AQWorlds.mcSkel)
Exported frame 249/1837 DefineSprite (chid: 2408, cls: AQWorlds.mcSkel)
Exported frame 250/1837 DefineSprite (chid: 2408, cls: AQWorlds.mcSkel)
Exported frame 251/1837 DefineSprite (chid: 2408, cls: AQWorlds.mcSkel)
Exported frame 252/1837 DefineSprite (chid: 2408, cls: AQWorlds.mcSkel)
Exported frame 253/1837 DefineSprite (chid: 2408, cls: AQWorlds.mcSkel)
Exported frame 254/1837 DefineSprite (chid: 2408, cls: AQWorlds.mcSkel)
Exported frame 255/1837 DefineSprite (chid: 2408, cls: AQWorlds.mcSkel)
Exported frame 256/1837 DefineSprite (chid: 2408, cls: AQWorlds.mcSkel)
Exported frame 257/1837 DefineSprite (chid: 2408, cls: AQWorlds.mcSkel)
Exported frame 258/1837 DefineSprite (chid: 2408, cls: AQWorlds.mcSkel)
Exported frame 259/1837 DefineSprite (chid: 2408, cls: AQWorlds.mcSkel)
Exported frame 260/1837 DefineSprite (chid: 2408, cls: AQWorlds.mcSkel)
Exported frame 261/1837 DefineSprite (chid: 2408, cls: AQWorlds.mcSkel)
Exported frame 262/1837 DefineSprite (chid: 2408, cls: AQWorlds.mcSkel)
Exported frame 263/1837 DefineSprite (chid: 2408, cls: AQWorlds.mcSkel)
Exported frame 264/1837 DefineSprite (chid: 2408, cls: AQWorlds.mcSkel)
Exported frame 265/1837 DefineSprite (chid: 2408, cls: AQWorlds.mcSkel)
Exported frame 266/1837 DefineSprite (chid: 2408, cls: AQWorlds.mcSkel)
Exported frame 267/1837 DefineSprite (chid: 2408, cls: AQWorlds.mcSkel)
Exported frame 268/1837 DefineSprite (chid: 2408, cls: AQWorlds.mcSkel)
Exported frame 269/1837 DefineSprite (chid: 2408, cls: AQWorlds.mcSkel)
Exported frame 270/1837 DefineSprite (chid: 2408, cls: AQWorlds.mcSkel)
Exported frame 271/1837 DefineSprite (chid: 2408, cls: AQWorlds.mcSkel)
Exported frame 272/1837 DefineSprite (chid: 2408, cls: AQWorlds.mcSkel)
Exported frame 273/1837 DefineSprite (chid: 2408, cls: AQWorlds.mcSkel)
Exported frame 274/1837 DefineSprite (chid: 2408, cls: AQWorlds.mcSkel)
Exported frame 275/1837 DefineSprite (chid: 2408, cls: AQWorlds.mcSkel)
Exported frame 276/1837 DefineSprite (chid: 2408, cls: AQWorlds.mcSkel)
Exported frame 277/1837 DefineSprite (chid: 2408, cls: AQWorlds.mcSkel)
Exported frame 278/1837 DefineSprite (chid: 2408, cls: AQWorlds.mcSkel)
Exported frame 279/1837 DefineSprite (chid: 2408, cls: AQWorlds.mcSkel)
Exported frame 280/1837 DefineSprite (chid: 2408, cls: AQWorlds.mcSkel)
Exported frame 281/1837 DefineSprite (chid: 2408, cls: AQWorlds.mcSkel)
Exported frame 282/1837 DefineSprite (chid: 2408, cls: AQWorlds.mcSkel)
Exported frame 283/1837 DefineSprite (chid: 2408, cls: AQWorlds.mcSkel)
Exported frame 284/1837 DefineSprite (chid: 2408, cls: AQWorlds.mcSkel)
Exported frame 285/1837 DefineSprite (chid: 2408, cls: AQWorlds.mcSkel)
Exported frame 286/1837 DefineSprite (chid: 2408, cls: AQWorlds.mcSkel)
Exported frame 287/1837 DefineSprite (chid: 2408, cls: AQWorlds.mcSkel)
Exported frame 288/1837 DefineSprite (chid: 2408, cls: AQWorlds.mcSkel)
Exported frame 289/1837 DefineSprite (chid: 2408, cls: AQWorlds.mcSkel)
Exported frame 290/1837 DefineSprite (chid: 2408, cls: AQWorlds.mcSkel)
Exported frame 291/1837 DefineSprite (chid: 2408, cls: AQWorlds.mcSkel)
Exported frame 292/1837 DefineSprite (chid: 2408, cls: AQWorlds.mcSkel)
Exported frame 293/1837 DefineSprite (chid: 2408, cls: AQWorlds.mcSkel)
Exported frame 294/1837 DefineSprite (chid: 2408, cls: AQWorlds.mcSkel)
Exported frame 295/1837 DefineSprite (chid: 2408, cls: AQWorlds.mcSkel)
Exported frame 296/1837 DefineSprite (chid: 2408, cls: AQWorlds.mcSkel)
Exported frame 297/1837 DefineSprite (chid: 2408, cls: AQWorlds.mcSkel)
Exported frame 298/1837 DefineSprite (chid: 2408, cls: AQWorlds.mcSkel)
Exported frame 299/1837 DefineSprite (chid: 2408, cls: AQWorlds.mcSkel)
Exported frame 300/1837 DefineSprite (chid: 2408, cls: AQWorlds.mcSkel)
Exported frame 301/1837 DefineSprite (chid: 2408, cls: AQWorlds.mcSkel)
Exported frame 302/1837 DefineSprite (chid: 2408, cls: AQWorlds.mcSkel)
Exported frame 303/1837 DefineSprite (chid: 2408, cls: AQWorlds.mcSkel)
Exported frame 304/1837 DefineSprite (chid: 2408, cls: AQWorlds.mcSkel)
Exported frame 305/1837 DefineSprite (chid: 2408, cls: AQWorlds.mcSkel)
Exported frame 306/1837 DefineSprite (chid: 2408, cls: AQWorlds.mcSkel)
Exported frame 307/1837 DefineSprite (chid: 2408, cls: AQWorlds.mcSkel)
Exported frame 308/1837 DefineSprite (chid: 2408, cls: AQWorlds.mcSkel)
Exported frame 309/1837 DefineSprite (chid: 2408, cls: AQWorlds.mcSkel)
Exported frame 310/1837 DefineSprite (chid: 2408, cls: AQWorlds.mcSkel)
Exported frame 311/1837 DefineSprite (chid: 2408, cls: AQWorlds.mcSkel)
Exported frame 312/1837 DefineSprite (chid: 2408, cls: AQWorlds.mcSkel)
Exported frame 313/1837 DefineSprite (chid: 2408, cls: AQWorlds.mcSkel)
Exported frame 314/1837 DefineSprite (chid: 2408, cls: AQWorlds.mcSkel)
Exported frame 315/1837 DefineSprite (chid: 2408, cls: AQWorlds.mcSkel)
Exported frame 316/1837 DefineSprite (chid: 2408, cls: AQWorlds.mcSkel)
Exported frame 317/1837 DefineSprite (chid: 2408, cls: AQWorlds.mcSkel)
Exported frame 318/1837 DefineSprite (chid: 2408, cls: AQWorlds.mcSkel)
Exported frame 319/1837 DefineSprite (chid: 2408, cls: AQWorlds.mcSkel)
Exported frame 320/1837 DefineSprite (chid: 2408, cls: AQWorlds.mcSkel)
Exported frame 321/1837 DefineSprite (chid: 2408, cls: AQWorlds.mcSkel)
Exported frame 322/1837 DefineSprite (chid: 2408, cls: AQWorlds.mcSkel)
Exported frame 323/1837 DefineSprite (chid: 2408, cls: AQWorlds.mcSkel)
Exported frame 324/1837 DefineSprite (chid: 2408, cls: AQWorlds.mcSkel)
Exported frame 325/1837 DefineSprite (chid: 2408, cls: AQWorlds.mcSkel)
Exported frame 326/1837 DefineSprite (chid: 2408, cls: AQWorlds.mcSkel)
Exported frame 327/1837 DefineSprite (chid: 2408, cls: AQWorlds.mcSkel)
Exported frame 328/1837 DefineSprite (chid: 2408, cls: AQWorlds.mcSkel)
Exported frame 329/1837 DefineSprite (chid: 2408, cls: AQWorlds.mcSkel)
Exported frame 330/1837 DefineSprite (chid: 2408, cls: AQWorlds.mcSkel)
Exported frame 331/1837 DefineSprite (chid: 2408, cls: AQWorlds.mcSkel)
Exported frame 332/1837 DefineSprite (chid: 2408, cls: AQWorlds.mcSkel)
Exported frame 333/1837 DefineSprite (chid: 2408, cls: AQWorlds.mcSkel)
Exported frame 334/1837 DefineSprite (chid: 2408, cls: AQWorlds.mcSkel)
Exported frame 335/1837 DefineSprite (chid: 2408, cls: AQWorlds.mcSkel)
Exported frame 336/1837 DefineSprite (chid: 2408, cls: AQWorlds.mcSkel)
Exported frame 337/1837 DefineSprite (chid: 2408, cls: AQWorlds.mcSkel)
Exported frame 338/1837 DefineSprite (chid: 2408, cls: AQWorlds.mcSkel)
Exported frame 339/1837 DefineSprite (chid: 2408, cls: AQWorlds.mcSkel)
Exported frame 340/1837 DefineSprite (chid: 2408, cls: AQWorlds.mcSkel)
Exported frame 341/1837 DefineSprite (chid: 2408, cls: AQWorlds.mcSkel)
Exported frame 342/1837 DefineSprite (chid: 2408, cls: AQWorlds.mcSkel)
Exported frame 343/1837 DefineSprite (chid: 2408, cls: AQWorlds.mcSkel)
Exported frame 344/1837 DefineSprite (chid: 2408, cls: AQWorlds.mcSkel)
Exported frame 345/1837 DefineSprite (chid: 2408, cls: AQWorlds.mcSkel)
Exported frame 346/1837 DefineSprite (chid: 2408, cls: AQWorlds.mcSkel)
Exported frame 347/1837 DefineSprite (chid: 2408, cls: AQWorlds.mcSkel)
Exported frame 348/1837 DefineSprite (chid: 2408, cls: AQWorlds.mcSkel)
Exported frame 349/1837 DefineSprite (chid: 2408, cls: AQWorlds.mcSkel)
Exported frame 350/1837 DefineSprite (chid: 2408, cls: AQWorlds.mcSkel)
Exported frame 351/1837 DefineSprite (chid: 2408, cls: AQWorlds.mcSkel)
Exported frame 352/1837 DefineSprite (chid: 2408, cls: AQWorlds.mcSkel)
Exported frame 353/1837 DefineSprite (chid: 2408, cls: AQWorlds.mcSkel)
Exported frame 354/1837 DefineSprite (chid: 2408, cls: AQWorlds.mcSkel)
Exported frame 355/1837 DefineSprite (chid: 2408, cls: AQWorlds.mcSkel)
Exported frame 356/1837 DefineSprite (chid: 2408, cls: AQWorlds.mcSkel)
Exported frame 357/1837 DefineSprite (chid: 2408, cls: AQWorlds.mcSkel)
Exported frame 358/1837 DefineSprite (chid: 2408, cls: AQWorlds.mcSkel)
Exported frame 359/1837 DefineSprite (chid: 2408, cls: AQWorlds.mcSkel)
Exported frame 360/1837 DefineSprite (chid: 2408, cls: AQWorlds.mcSkel)
Exported frame 361/1837 DefineSprite (chid: 2408, cls: AQWorlds.mcSkel)
Exported frame 362/1837 DefineSprite (chid: 2408, cls: AQWorlds.mcSkel)
Exported frame 363/1837 DefineSprite (chid: 2408, cls: AQWorlds.mcSkel)
Exported frame 364/1837 DefineSprite (chid: 2408, cls: AQWorlds.mcSkel)
Exported frame 365/1837 DefineSprite (chid: 2408, cls: AQWorlds.mcSkel)
Exported frame 366/1837 DefineSprite (chid: 2408, cls: AQWorlds.mcSkel)
Exported frame 367/1837 DefineSprite (chid: 2408, cls: AQWorlds.mcSkel)
Exported frame 368/1837 DefineSprite (chid: 2408, cls: AQWorlds.mcSkel)
Exported frame 369/1837 DefineSprite (chid: 2408, cls: AQWorlds.mcSkel)
Exported frame 370/1837 DefineSprite (chid: 2408, cls: AQWorlds.mcSkel)
Exported frame 371/1837 DefineSprite (chid: 2408, cls: AQWorlds.mcSkel)
Exported frame 372/1837 DefineSprite (chid: 2408, cls: AQWorlds.mcSkel)
Exported frame 373/1837 DefineSprite (chid: 2408, cls: AQWorlds.mcSkel)
Exported frame 374/1837 DefineSprite (chid: 2408, cls: AQWorlds.mcSkel)
Exported frame 375/1837 DefineSprite (chid: 2408, cls: AQWorlds.mcSkel)
Exported frame 376/1837 DefineSprite (chid: 2408, cls: AQWorlds.mcSkel)
Exported frame 377/1837 DefineSprite (chid: 2408, cls: AQWorlds.mcSkel)
Exported frame 378/1837 DefineSprite (chid: 2408, cls: AQWorlds.mcSkel)
Exported frame 379/1837 DefineSprite (chid: 2408, cls: AQWorlds.mcSkel)
Exported frame 380/1837 DefineSprite (chid: 2408, cls: AQWorlds.mcSkel)
Exported frame 381/1837 DefineSprite (chid: 2408, cls: AQWorlds.mcSkel)
Exported frame 382/1837 DefineSprite (chid: 2408, cls: AQWorlds.mcSkel)
Exported frame 383/1837 DefineSprite (chid: 2408, cls: AQWorlds.mcSkel)
Exported frame 384/1837 DefineSprite (chid: 2408, cls: AQWorlds.mcSkel)
Exported frame 385/1837 DefineSprite (chid: 2408, cls: AQWorlds.mcSkel)
Exported frame 386/1837 DefineSprite (chid: 2408, cls: AQWorlds.mcSkel)
Exported frame 387/1837 DefineSprite (chid: 2408, cls: AQWorlds.mcSkel)
Exported frame 388/1837 DefineSprite (chid: 2408, cls: AQWorlds.mcSkel)
Exported frame 389/1837 DefineSprite (chid: 2408, cls: AQWorlds.mcSkel)
Exported frame 390/1837 DefineSprite (chid: 2408, cls: AQWorlds.mcSkel)
Exported frame 391/1837 DefineSprite (chid: 2408, cls: AQWorlds.mcSkel)
Exported frame 392/1837 DefineSprite (chid: 2408, cls: AQWorlds.mcSkel)
Exported frame 393/1837 DefineSprite (chid: 2408, cls: AQWorlds.mcSkel)
Exported frame 394/1837 DefineSprite (chid: 2408, cls: AQWorlds.mcSkel)
Exported frame 395/1837 DefineSprite (chid: 2408, cls: AQWorlds.mcSkel)
Exported frame 396/1837 DefineSprite (chid: 2408, cls: AQWorlds.mcSkel)
Exported frame 397/1837 DefineSprite (chid: 2408, cls: AQWorlds.mcSkel)
Exported frame 398/1837 DefineSprite (chid: 2408, cls: AQWorlds.mcSkel)
Exported frame 399/1837 DefineSprite (chid: 2408, cls: AQWorlds.mcSkel)
Exported frame 400/1837 DefineSprite (chid: 2408, cls: AQWorlds.mcSkel)
Exported frame 401/1837 DefineSprite (chid: 2408, cls: AQWorlds.mcSkel)
Exported frame 402/1837 DefineSprite (chid: 2408, cls: AQWorlds.mcSkel)
Exported frame 403/1837 DefineSprite (chid: 2408, cls: AQWorlds.mcSkel)
Exported frame 404/1837 DefineSprite (chid: 2408, cls: AQWorlds.mcSkel)
Exported frame 405/1837 DefineSprite (chid: 2408, cls: AQWorlds.mcSkel)
Exported frame 406/1837 DefineSprite (chid: 2408, cls: AQWorlds.mcSkel)
Exported frame 407/1837 DefineSprite (chid: 2408, cls: AQWorlds.mcSkel)
Exported frame 408/1837 DefineSprite (chid: 2408, cls: AQWorlds.mcSkel)
Exported frame 409/1837 DefineSprite (chid: 2408, cls: AQWorlds.mcSkel)
Exported frame 410/1837 DefineSprite (chid: 2408, cls: AQWorlds.mcSkel)
Exported frame 411/1837 DefineSprite (chid: 2408, cls: AQWorlds.mcSkel)
Exported frame 412/1837 DefineSprite (chid: 2408, cls: AQWorlds.mcSkel)
Exported frame 413/1837 DefineSprite (chid: 2408, cls: AQWorlds.mcSkel)
Exported frame 414/1837 DefineSprite (chid: 2408, cls: AQWorlds.mcSkel)
Exported frame 415/1837 DefineSprite (chid: 2408, cls: AQWorlds.mcSkel)
Exported frame 416/1837 DefineSprite (chid: 2408, cls: AQWorlds.mcSkel)
Exported frame 417/1837 DefineSprite (chid: 2408, cls: AQWorlds.mcSkel)
Exported frame 418/1837 DefineSprite (chid: 2408, cls: AQWorlds.mcSkel)
Exported frame 419/1837 DefineSprite (chid: 2408, cls: AQWorlds.mcSkel)
Exported frame 420/1837 DefineSprite (chid: 2408, cls: AQWorlds.mcSkel)
Exported frame 421/1837 DefineSprite (chid: 2408, cls: AQWorlds.mcSkel)
Exported frame 422/1837 DefineSprite (chid: 2408, cls: AQWorlds.mcSkel)
Exported frame 423/1837 DefineSprite (chid: 2408, cls: AQWorlds.mcSkel)
Exported frame 424/1837 DefineSprite (chid: 2408, cls: AQWorlds.mcSkel)
Exported frame 425/1837 DefineSprite (chid: 2408, cls: AQWorlds.mcSkel)
Exported frame 426/1837 DefineSprite (chid: 2408, cls: AQWorlds.mcSkel)
Exported frame 427/1837 DefineSprite (chid: 2408, cls: AQWorlds.mcSkel)
Exported frame 428/1837 DefineSprite (chid: 2408, cls: AQWorlds.mcSkel)
Exported frame 429/1837 DefineSprite (chid: 2408, cls: AQWorlds.mcSkel)
Exported frame 430/1837 DefineSprite (chid: 2408, cls: AQWorlds.mcSkel)
Exported frame 431/1837 DefineSprite (chid: 2408, cls: AQWorlds.mcSkel)
Exported frame 432/1837 DefineSprite (chid: 2408, cls: AQWorlds.mcSkel)
Exported frame 433/1837 DefineSprite (chid: 2408, cls: AQWorlds.mcSkel)
Exported frame 434/1837 DefineSprite (chid: 2408, cls: AQWorlds.mcSkel)
Exported frame 435/1837 DefineSprite (chid: 2408, cls: AQWorlds.mcSkel)
Exported frame 436/1837 DefineSprite (chid: 2408, cls: AQWorlds.mcSkel)
Exported frame 437/1837 DefineSprite (chid: 2408, cls: AQWorlds.mcSkel)
Exported frame 438/1837 DefineSprite (chid: 2408, cls: AQWorlds.mcSkel)
Exported frame 439/1837 DefineSprite (chid: 2408, cls: AQWorlds.mcSkel)
Exported frame 440/1837 DefineSprite (chid: 2408, cls: AQWorlds.mcSkel)
Exported frame 441/1837 DefineSprite (chid: 2408, cls: AQWorlds.mcSkel)
Exported frame 442/1837 DefineSprite (chid: 2408, cls: AQWorlds.mcSkel)
Exported frame 443/1837 DefineSprite (chid: 2408, cls: AQWorlds.mcSkel)
Exported frame 444/1837 DefineSprite (chid: 2408, cls: AQWorlds.mcSkel)
Exported frame 445/1837 DefineSprite (chid: 2408, cls: AQWorlds.mcSkel)
Exported frame 446/1837 DefineSprite (chid: 2408, cls: AQWorlds.mcSkel)
Exported frame 447/1837 DefineSprite (chid: 2408, cls: AQWorlds.mcSkel)
Exported frame 448/1837 DefineSprite (chid: 2408, cls: AQWorlds.mcSkel)
Exported frame 449/1837 DefineSprite (chid: 2408, cls: AQWorlds.mcSkel)
Exported frame 450/1837 DefineSprite (chid: 2408, cls: AQWorlds.mcSkel)
Exported frame 451/1837 DefineSprite (chid: 2408, cls: AQWorlds.mcSkel)
Exported frame 452/1837 DefineSprite (chid: 2408, cls: AQWorlds.mcSkel)
Exported frame 453/1837 DefineSprite (chid: 2408, cls: AQWorlds.mcSkel)
Exported frame 454/1837 DefineSprite (chid: 2408, cls: AQWorlds.mcSkel)
Exported frame 455/1837 DefineSprite (chid: 2408, cls: AQWorlds.mcSkel)
Exported frame 456/1837 DefineSprite (chid: 2408, cls: AQWorlds.mcSkel)
Exported frame 457/1837 DefineSprite (chid: 2408, cls: AQWorlds.mcSkel)
Exported frame 458/1837 DefineSprite (chid: 2408, cls: AQWorlds.mcSkel)
Exported frame 459/1837 DefineSprite (chid: 2408, cls: AQWorlds.mcSkel)
Exported frame 460/1837 DefineSprite (chid: 2408, cls: AQWorlds.mcSkel)
Exported frame 461/1837 DefineSprite (chid: 2408, cls: AQWorlds.mcSkel)
Exported frame 462/1837 DefineSprite (chid: 2408, cls: AQWorlds.mcSkel)
Exported frame 463/1837 DefineSprite (chid: 2408, cls: AQWorlds.mcSkel)
Exported frame 464/1837 DefineSprite (chid: 2408, cls: AQWorlds.mcSkel)
Exported frame 465/1837 DefineSprite (chid: 2408, cls: AQWorlds.mcSkel)
Exported frame 466/1837 DefineSprite (chid: 2408, cls: AQWorlds.mcSkel)
Exported frame 467/1837 DefineSprite (chid: 2408, cls: AQWorlds.mcSkel)
Exported frame 468/1837 DefineSprite (chid: 2408, cls: AQWorlds.mcSkel)
Exported frame 469/1837 DefineSprite (chid: 2408, cls: AQWorlds.mcSkel)
Exported frame 470/1837 DefineSprite (chid: 2408, cls: AQWorlds.mcSkel)
Exported frame 471/1837 DefineSprite (chid: 2408, cls: AQWorlds.mcSkel)
Exported frame 472/1837 DefineSprite (chid: 2408, cls: AQWorlds.mcSkel)
Exported frame 473/1837 DefineSprite (chid: 2408, cls: AQWorlds.mcSkel)
Exported frame 474/1837 DefineSprite (chid: 2408, cls: AQWorlds.mcSkel)
Exported frame 475/1837 DefineSprite (chid: 2408, cls: AQWorlds.mcSkel)
Exported frame 476/1837 DefineSprite (chid: 2408, cls: AQWorlds.mcSkel)
Exported frame 477/1837 DefineSprite (chid: 2408, cls: AQWorlds.mcSkel)
Exported frame 478/1837 DefineSprite (chid: 2408, cls: AQWorlds.mcSkel)
Exported frame 479/1837 DefineSprite (chid: 2408, cls: AQWorlds.mcSkel)
Exported frame 480/1837 DefineSprite (chid: 2408, cls: AQWorlds.mcSkel)
Exported frame 481/1837 DefineSprite (chid: 2408, cls: AQWorlds.mcSkel)
Exported frame 482/1837 DefineSprite (chid: 2408, cls: AQWorlds.mcSkel)
Exported frame 483/1837 DefineSprite (chid: 2408, cls: AQWorlds.mcSkel)
Exported frame 484/1837 DefineSprite (chid: 2408, cls: AQWorlds.mcSkel)
Exported frame 485/1837 DefineSprite (chid: 2408, cls: AQWorlds.mcSkel)
Exported frame 486/1837 DefineSprite (chid: 2408, cls: AQWorlds.mcSkel)
Exported frame 487/1837 DefineSprite (chid: 2408, cls: AQWorlds.mcSkel)
Exported frame 488/1837 DefineSprite (chid: 2408, cls: AQWorlds.mcSkel)
Exported frame 489/1837 DefineSprite (chid: 2408, cls: AQWorlds.mcSkel)
Exported frame 490/1837 DefineSprite (chid: 2408, cls: AQWorlds.mcSkel)
Exported frame 491/1837 DefineSprite (chid: 2408, cls: AQWorlds.mcSkel)
Exported frame 492/1837 DefineSprite (chid: 2408, cls: AQWorlds.mcSkel)
Exported frame 493/1837 DefineSprite (chid: 2408, cls: AQWorlds.mcSkel)
Exported frame 494/1837 DefineSprite (chid: 2408, cls: AQWorlds.mcSkel)
Exported frame 495/1837 DefineSprite (chid: 2408, cls: AQWorlds.mcSkel)
Exported frame 496/1837 DefineSprite (chid: 2408, cls: AQWorlds.mcSkel)
Exported frame 497/1837 DefineSprite (chid: 2408, cls: AQWorlds.mcSkel)
Exported frame 498/1837 DefineSprite (chid: 2408, cls: AQWorlds.mcSkel)
Exported frame 499/1837 DefineSprite (chid: 2408, cls: AQWorlds.mcSkel)
Exported frame 500/1837 DefineSprite (chid: 2408, cls: AQWorlds.mcSkel)
Exported frame 501/1837 DefineSprite (chid: 2408, cls: AQWorlds.mcSkel)
Exported frame 502/1837 DefineSprite (chid: 2408, cls: AQWorlds.mcSkel)
Exported frame 503/1837 DefineSprite (chid: 2408, cls: AQWorlds.mcSkel)
Exported frame 504/1837 DefineSprite (chid: 2408, cls: AQWorlds.mcSkel)
Exported frame 505/1837 DefineSprite (chid: 2408, cls: AQWorlds.mcSkel)
Exported frame 506/1837 DefineSprite (chid: 2408, cls: AQWorlds.mcSkel)
Exported frame 507/1837 DefineSprite (chid: 2408, cls: AQWorlds.mcSkel)
Exported frame 508/1837 DefineSprite (chid: 2408, cls: AQWorlds.mcSkel)
Exported frame 509/1837 DefineSprite (chid: 2408, cls: AQWorlds.mcSkel)
Exported frame 510/1837 DefineSprite (chid: 2408, cls: AQWorlds.mcSkel)
Exported frame 511/1837 DefineSprite (chid: 2408, cls: AQWorlds.mcSkel)
Exported frame 512/1837 DefineSprite (chid: 2408, cls: AQWorlds.mcSkel)
Exported frame 513/1837 DefineSprite (chid: 2408, cls: AQWorlds.mcSkel)
Exported frame 514/1837 DefineSprite (chid: 2408, cls: AQWorlds.mcSkel)
Exported frame 515/1837 DefineSprite (chid: 2408, cls: AQWorlds.mcSkel)
Exported frame 516/1837 DefineSprite (chid: 2408, cls: AQWorlds.mcSkel)
Exported frame 517/1837 DefineSprite (chid: 2408, cls: AQWorlds.mcSkel)
Exported frame 518/1837 DefineSprite (chid: 2408, cls: AQWorlds.mcSkel)
Exported frame 519/1837 DefineSprite (chid: 2408, cls: AQWorlds.mcSkel)
Exported frame 520/1837 DefineSprite (chid: 2408, cls: AQWorlds.mcSkel)
Exported frame 521/1837 DefineSprite (chid: 2408, cls: AQWorlds.mcSkel)
Exported frame 522/1837 DefineSprite (chid: 2408, cls: AQWorlds.mcSkel)
Exported frame 523/1837 DefineSprite (chid: 2408, cls: AQWorlds.mcSkel)
Exported frame 524/1837 DefineSprite (chid: 2408, cls: AQWorlds.mcSkel)
Exported frame 525/1837 DefineSprite (chid: 2408, cls: AQWorlds.mcSkel)
Exported frame 526/1837 DefineSprite (chid: 2408, cls: AQWorlds.mcSkel)
Exported frame 527/1837 DefineSprite (chid: 2408, cls: AQWorlds.mcSkel)
Exported frame 528/1837 DefineSprite (chid: 2408, cls: AQWorlds.mcSkel)
Exported frame 529/1837 DefineSprite (chid: 2408, cls: AQWorlds.mcSkel)
Exported frame 530/1837 DefineSprite (chid: 2408, cls: AQWorlds.mcSkel)
Exported frame 531/1837 DefineSprite (chid: 2408, cls: AQWorlds.mcSkel)
Exported frame 532/1837 DefineSprite (chid: 2408, cls: AQWorlds.mcSkel)
Exported frame 533/1837 DefineSprite (chid: 2408, cls: AQWorlds.mcSkel)
Exported frame 534/1837 DefineSprite (chid: 2408, cls: AQWorlds.mcSkel)
Exported frame 535/1837 DefineSprite (chid: 2408, cls: AQWorlds.mcSkel)
Exported frame 536/1837 DefineSprite (chid: 2408, cls: AQWorlds.mcSkel)
Exported frame 537/1837 DefineSprite (chid: 2408, cls: AQWorlds.mcSkel)
Exported frame 538/1837 DefineSprite (chid: 2408, cls: AQWorlds.mcSkel)
Exported frame 539/1837 DefineSprite (chid: 2408, cls: AQWorlds.mcSkel)
Exported frame 540/1837 DefineSprite (chid: 2408, cls: AQWorlds.mcSkel)
Exported frame 541/1837 DefineSprite (chid: 2408, cls: AQWorlds.mcSkel)
Exported frame 542/1837 DefineSprite (chid: 2408, cls: AQWorlds.mcSkel)
Exported frame 543/1837 DefineSprite (chid: 2408, cls: AQWorlds.mcSkel)
Exported frame 544/1837 DefineSprite (chid: 2408, cls: AQWorlds.mcSkel)
Exported frame 545/1837 DefineSprite (chid: 2408, cls: AQWorlds.mcSkel)
Exported frame 546/1837 DefineSprite (chid: 2408, cls: AQWorlds.mcSkel)
Exported frame 547/1837 DefineSprite (chid: 2408, cls: AQWorlds.mcSkel)
Exported frame 548/1837 DefineSprite (chid: 2408, cls: AQWorlds.mcSkel)
Exported frame 549/1837 DefineSprite (chid: 2408, cls: AQWorlds.mcSkel)
Exported frame 550/1837 DefineSprite (chid: 2408, cls: AQWorlds.mcSkel)
Exported frame 551/1837 DefineSprite (chid: 2408, cls: AQWorlds.mcSkel)
Exported frame 552/1837 DefineSprite (chid: 2408, cls: AQWorlds.mcSkel)
Exported frame 553/1837 DefineSprite (chid: 2408, cls: AQWorlds.mcSkel)
Exported frame 554/1837 DefineSprite (chid: 2408, cls: AQWorlds.mcSkel)
Exported frame 555/1837 DefineSprite (chid: 2408, cls: AQWorlds.mcSkel)
Exported frame 556/1837 DefineSprite (chid: 2408, cls: AQWorlds.mcSkel)
Exported frame 557/1837 DefineSprite (chid: 2408, cls: AQWorlds.mcSkel)
Exported frame 558/1837 DefineSprite (chid: 2408, cls: AQWorlds.mcSkel)
Exported frame 559/1837 DefineSprite (chid: 2408, cls: AQWorlds.mcSkel)
Exported frame 560/1837 DefineSprite (chid: 2408, cls: AQWorlds.mcSkel)
Exported frame 561/1837 DefineSprite (chid: 2408, cls: AQWorlds.mcSkel)
Exported frame 562/1837 DefineSprite (chid: 2408, cls: AQWorlds.mcSkel)
Exported frame 563/1837 DefineSprite (chid: 2408, cls: AQWorlds.mcSkel)
Exported frame 564/1837 DefineSprite (chid: 2408, cls: AQWorlds.mcSkel)
Exported frame 565/1837 DefineSprite (chid: 2408, cls: AQWorlds.mcSkel)
Exported frame 566/1837 DefineSprite (chid: 2408, cls: AQWorlds.mcSkel)
Exported frame 567/1837 DefineSprite (chid: 2408, cls: AQWorlds.mcSkel)
Exported frame 568/1837 DefineSprite (chid: 2408, cls: AQWorlds.mcSkel)
Exported frame 569/1837 DefineSprite (chid: 2408, cls: AQWorlds.mcSkel)
Exported frame 570/1837 DefineSprite (chid: 2408, cls: AQWorlds.mcSkel)
Exported frame 571/1837 DefineSprite (chid: 2408, cls: AQWorlds.mcSkel)
Exported frame 572/1837 DefineSprite (chid: 2408, cls: AQWorlds.mcSkel)
Exported frame 573/1837 DefineSprite (chid: 2408, cls: AQWorlds.mcSkel)
Exported frame 574/1837 DefineSprite (chid: 2408, cls: AQWorlds.mcSkel)
Exported frame 575/1837 DefineSprite (chid: 2408, cls: AQWorlds.mcSkel)
Exported frame 576/1837 DefineSprite (chid: 2408, cls: AQWorlds.mcSkel)
Exported frame 577/1837 DefineSprite (chid: 2408, cls: AQWorlds.mcSkel)
Exported frame 578/1837 DefineSprite (chid: 2408, cls: AQWorlds.mcSkel)
Exported frame 579/1837 DefineSprite (chid: 2408, cls: AQWorlds.mcSkel)
Exported frame 580/1837 DefineSprite (chid: 2408, cls: AQWorlds.mcSkel)
Exported frame 581/1837 DefineSprite (chid: 2408, cls: AQWorlds.mcSkel)
Exported frame 582/1837 DefineSprite (chid: 2408, cls: AQWorlds.mcSkel)
Exported frame 583/1837 DefineSprite (chid: 2408, cls: AQWorlds.mcSkel)
Exported frame 584/1837 DefineSprite (chid: 2408, cls: AQWorlds.mcSkel)
Exported frame 585/1837 DefineSprite (chid: 2408, cls: AQWorlds.mcSkel)
Exported frame 586/1837 DefineSprite (chid: 2408, cls: AQWorlds.mcSkel)
Exported frame 587/1837 DefineSprite (chid: 2408, cls: AQWorlds.mcSkel)
Exported frame 588/1837 DefineSprite (chid: 2408, cls: AQWorlds.mcSkel)
Exported frame 589/1837 DefineSprite (chid: 2408, cls: AQWorlds.mcSkel)
Exported frame 590/1837 DefineSprite (chid: 2408, cls: AQWorlds.mcSkel)
Exported frame 591/1837 DefineSprite (chid: 2408, cls: AQWorlds.mcSkel)
Exported frame 592/1837 DefineSprite (chid: 2408, cls: AQWorlds.mcSkel)
Exported frame 593/1837 DefineSprite (chid: 2408, cls: AQWorlds.mcSkel)
Exported frame 594/1837 DefineSprite (chid: 2408, cls: AQWorlds.mcSkel)
Exported frame 595/1837 DefineSprite (chid: 2408, cls: AQWorlds.mcSkel)
Exported frame 596/1837 DefineSprite (chid: 2408, cls: AQWorlds.mcSkel)
Exported frame 597/1837 DefineSprite (chid: 2408, cls: AQWorlds.mcSkel)
Exported frame 598/1837 DefineSprite (chid: 2408, cls: AQWorlds.mcSkel)
Exported frame 599/1837 DefineSprite (chid: 2408, cls: AQWorlds.mcSkel)
Exported frame 600/1837 DefineSprite (chid: 2408, cls: AQWorlds.mcSkel)
Exported frame 601/1837 DefineSprite (chid: 2408, cls: AQWorlds.mcSkel)
Exported frame 602/1837 DefineSprite (chid: 2408, cls: AQWorlds.mcSkel)
Exported frame 603/1837 DefineSprite (chid: 2408, cls: AQWorlds.mcSkel)
Exported frame 604/1837 DefineSprite (chid: 2408, cls: AQWorlds.mcSkel)
Exported frame 605/1837 DefineSprite (chid: 2408, cls: AQWorlds.mcSkel)
Exported frame 606/1837 DefineSprite (chid: 2408, cls: AQWorlds.mcSkel)
Exported frame 607/1837 DefineSprite (chid: 2408, cls: AQWorlds.mcSkel)
Exported frame 608/1837 DefineSprite (chid: 2408, cls: AQWorlds.mcSkel)
Exported frame 609/1837 DefineSprite (chid: 2408, cls: AQWorlds.mcSkel)
Exported frame 610/1837 DefineSprite (chid: 2408, cls: AQWorlds.mcSkel)
Exported frame 611/1837 DefineSprite (chid: 2408, cls: AQWorlds.mcSkel)
Exported frame 612/1837 DefineSprite (chid: 2408, cls: AQWorlds.mcSkel)
Exported frame 613/1837 DefineSprite (chid: 2408, cls: AQWorlds.mcSkel)
Exported frame 614/1837 DefineSprite (chid: 2408, cls: AQWorlds.mcSkel)
Exported frame 615/1837 DefineSprite (chid: 2408, cls: AQWorlds.mcSkel)
Exported frame 616/1837 DefineSprite (chid: 2408, cls: AQWorlds.mcSkel)
Exported frame 617/1837 DefineSprite (chid: 2408, cls: AQWorlds.mcSkel)
Exported frame 618/1837 DefineSprite (chid: 2408, cls: AQWorlds.mcSkel)
Exported frame 619/1837 DefineSprite (chid: 2408, cls: AQWorlds.mcSkel)
Exported frame 620/1837 DefineSprite (chid: 2408, cls: AQWorlds.mcSkel)
Exported frame 621/1837 DefineSprite (chid: 2408, cls: AQWorlds.mcSkel)
Exported frame 622/1837 DefineSprite (chid: 2408, cls: AQWorlds.mcSkel)
Exported frame 623/1837 DefineSprite (chid: 2408, cls: AQWorlds.mcSkel)
Exported frame 624/1837 DefineSprite (chid: 2408, cls: AQWorlds.mcSkel)
Exported frame 625/1837 DefineSprite (chid: 2408, cls: AQWorlds.mcSkel)
Exported frame 626/1837 DefineSprite (chid: 2408, cls: AQWorlds.mcSkel)
Exported frame 627/1837 DefineSprite (chid: 2408, cls: AQWorlds.mcSkel)
Exported frame 628/1837 DefineSprite (chid: 2408, cls: AQWorlds.mcSkel)
Exported frame 629/1837 DefineSprite (chid: 2408, cls: AQWorlds.mcSkel)
Exported frame 630/1837 DefineSprite (chid: 2408, cls: AQWorlds.mcSkel)
Exported frame 631/1837 DefineSprite (chid: 2408, cls: AQWorlds.mcSkel)
Exported frame 632/1837 DefineSprite (chid: 2408, cls: AQWorlds.mcSkel)
Exported frame 633/1837 DefineSprite (chid: 2408, cls: AQWorlds.mcSkel)
Exported frame 634/1837 DefineSprite (chid: 2408, cls: AQWorlds.mcSkel)
Exported frame 635/1837 DefineSprite (chid: 2408, cls: AQWorlds.mcSkel)
Exported frame 636/1837 DefineSprite (chid: 2408, cls: AQWorlds.mcSkel)
Exported frame 637/1837 DefineSprite (chid: 2408, cls: AQWorlds.mcSkel)
Exported frame 638/1837 DefineSprite (chid: 2408, cls: AQWorlds.mcSkel)
Exported frame 639/1837 DefineSprite (chid: 2408, cls: AQWorlds.mcSkel)
Exported frame 640/1837 DefineSprite (chid: 2408, cls: AQWorlds.mcSkel)
Exported frame 641/1837 DefineSprite (chid: 2408, cls: AQWorlds.mcSkel)
Exported frame 642/1837 DefineSprite (chid: 2408, cls: AQWorlds.mcSkel)
Exported frame 643/1837 DefineSprite (chid: 2408, cls: AQWorlds.mcSkel)
Exported frame 644/1837 DefineSprite (chid: 2408, cls: AQWorlds.mcSkel)
Exported frame 645/1837 DefineSprite (chid: 2408, cls: AQWorlds.mcSkel)
Exported frame 646/1837 DefineSprite (chid: 2408, cls: AQWorlds.mcSkel)
Exported frame 647/1837 DefineSprite (chid: 2408, cls: AQWorlds.mcSkel)
Exported frame 648/1837 DefineSprite (chid: 2408, cls: AQWorlds.mcSkel)
Exported frame 649/1837 DefineSprite (chid: 2408, cls: AQWorlds.mcSkel)
Exported frame 650/1837 DefineSprite (chid: 2408, cls: AQWorlds.mcSkel)
Exported frame 651/1837 DefineSprite (chid: 2408, cls: AQWorlds.mcSkel)
Exported frame 652/1837 DefineSprite (chid: 2408, cls: AQWorlds.mcSkel)
Exported frame 653/1837 DefineSprite (chid: 2408, cls: AQWorlds.mcSkel)
Exported frame 654/1837 DefineSprite (chid: 2408, cls: AQWorlds.mcSkel)
Exported frame 655/1837 DefineSprite (chid: 2408, cls: AQWorlds.mcSkel)
Exported frame 656/1837 DefineSprite (chid: 2408, cls: AQWorlds.mcSkel)
Exported frame 657/1837 DefineSprite (chid: 2408, cls: AQWorlds.mcSkel)
Exported frame 658/1837 DefineSprite (chid: 2408, cls: AQWorlds.mcSkel)
Exported frame 659/1837 DefineSprite (chid: 2408, cls: AQWorlds.mcSkel)
Exported frame 660/1837 DefineSprite (chid: 2408, cls: AQWorlds.mcSkel)
Exported frame 661/1837 DefineSprite (chid: 2408, cls: AQWorlds.mcSkel)
Exported frame 662/1837 DefineSprite (chid: 2408, cls: AQWorlds.mcSkel)
Exported frame 663/1837 DefineSprite (chid: 2408, cls: AQWorlds.mcSkel)
Exported frame 664/1837 DefineSprite (chid: 2408, cls: AQWorlds.mcSkel)
Exported frame 665/1837 DefineSprite (chid: 2408, cls: AQWorlds.mcSkel)
Exported frame 666/1837 DefineSprite (chid: 2408, cls: AQWorlds.mcSkel)
Exported frame 667/1837 DefineSprite (chid: 2408, cls: AQWorlds.mcSkel)
Exported frame 668/1837 DefineSprite (chid: 2408, cls: AQWorlds.mcSkel)
Exported frame 669/1837 DefineSprite (chid: 2408, cls: AQWorlds.mcSkel)
Exported frame 670/1837 DefineSprite (chid: 2408, cls: AQWorlds.mcSkel)
Exported frame 671/1837 DefineSprite (chid: 2408, cls: AQWorlds.mcSkel)
Exported frame 672/1837 DefineSprite (chid: 2408, cls: AQWorlds.mcSkel)
Exported frame 673/1837 DefineSprite (chid: 2408, cls: AQWorlds.mcSkel)
Exported frame 674/1837 DefineSprite (chid: 2408, cls: AQWorlds.mcSkel)
Exported frame 675/1837 DefineSprite (chid: 2408, cls: AQWorlds.mcSkel)
Exported frame 676/1837 DefineSprite (chid: 2408, cls: AQWorlds.mcSkel)
Exported frame 677/1837 DefineSprite (chid: 2408, cls: AQWorlds.mcSkel)
Exported frame 678/1837 DefineSprite (chid: 2408, cls: AQWorlds.mcSkel)
Exported frame 679/1837 DefineSprite (chid: 2408, cls: AQWorlds.mcSkel)
Exported frame 680/1837 DefineSprite (chid: 2408, cls: AQWorlds.mcSkel)
Exported frame 681/1837 DefineSprite (chid: 2408, cls: AQWorlds.mcSkel)
Exported frame 682/1837 DefineSprite (chid: 2408, cls: AQWorlds.mcSkel)
Exported frame 683/1837 DefineSprite (chid: 2408, cls: AQWorlds.mcSkel)
Exported frame 684/1837 DefineSprite (chid: 2408, cls: AQWorlds.mcSkel)
Exported frame 685/1837 DefineSprite (chid: 2408, cls: AQWorlds.mcSkel)
Exported frame 686/1837 DefineSprite (chid: 2408, cls: AQWorlds.mcSkel)
Exported frame 687/1837 DefineSprite (chid: 2408, cls: AQWorlds.mcSkel)
Exported frame 688/1837 DefineSprite (chid: 2408, cls: AQWorlds.mcSkel)
Exported frame 689/1837 DefineSprite (chid: 2408, cls: AQWorlds.mcSkel)
Exported frame 690/1837 DefineSprite (chid: 2408, cls: AQWorlds.mcSkel)
Exported frame 691/1837 DefineSprite (chid: 2408, cls: AQWorlds.mcSkel)
Exported frame 692/1837 DefineSprite (chid: 2408, cls: AQWorlds.mcSkel)
Exported frame 693/1837 DefineSprite (chid: 2408, cls: AQWorlds.mcSkel)
Exported frame 694/1837 DefineSprite (chid: 2408, cls: AQWorlds.mcSkel)
Exported frame 695/1837 DefineSprite (chid: 2408, cls: AQWorlds.mcSkel)
Exported frame 696/1837 DefineSprite (chid: 2408, cls: AQWorlds.mcSkel)
Exported frame 697/1837 DefineSprite (chid: 2408, cls: AQWorlds.mcSkel)
Exported frame 698/1837 DefineSprite (chid: 2408, cls: AQWorlds.mcSkel)
Exported frame 699/1837 DefineSprite (chid: 2408, cls: AQWorlds.mcSkel)
Exported frame 700/1837 DefineSprite (chid: 2408, cls: AQWorlds.mcSkel)
Exported frame 701/1837 DefineSprite (chid: 2408, cls: AQWorlds.mcSkel)
Exported frame 702/1837 DefineSprite (chid: 2408, cls: AQWorlds.mcSkel)
Exported frame 703/1837 DefineSprite (chid: 2408, cls: AQWorlds.mcSkel)
Exported frame 704/1837 DefineSprite (chid: 2408, cls: AQWorlds.mcSkel)
Exported frame 705/1837 DefineSprite (chid: 2408, cls: AQWorlds.mcSkel)
Exported frame 706/1837 DefineSprite (chid: 2408, cls: AQWorlds.mcSkel)
Exported frame 707/1837 DefineSprite (chid: 2408, cls: AQWorlds.mcSkel)
Exported frame 708/1837 DefineSprite (chid: 2408, cls: AQWorlds.mcSkel)
Exported frame 709/1837 DefineSprite (chid: 2408, cls: AQWorlds.mcSkel)
Exported frame 710/1837 DefineSprite (chid: 2408, cls: AQWorlds.mcSkel)
Exported frame 711/1837 DefineSprite (chid: 2408, cls: AQWorlds.mcSkel)
Exported frame 712/1837 DefineSprite (chid: 2408, cls: AQWorlds.mcSkel)
Exported frame 713/1837 DefineSprite (chid: 2408, cls: AQWorlds.mcSkel)
Exported frame 714/1837 DefineSprite (chid: 2408, cls: AQWorlds.mcSkel)
Exported frame 715/1837 DefineSprite (chid: 2408, cls: AQWorlds.mcSkel)
Exported frame 716/1837 DefineSprite (chid: 2408, cls: AQWorlds.mcSkel)
Exported frame 717/1837 DefineSprite (chid: 2408, cls: AQWorlds.mcSkel)
Exported frame 718/1837 DefineSprite (chid: 2408, cls: AQWorlds.mcSkel)
Exported frame 719/1837 DefineSprite (chid: 2408, cls: AQWorlds.mcSkel)
Exported frame 720/1837 DefineSprite (chid: 2408, cls: AQWorlds.mcSkel)
Exported frame 721/1837 DefineSprite (chid: 2408, cls: AQWorlds.mcSkel)
Exported frame 722/1837 DefineSprite (chid: 2408, cls: AQWorlds.mcSkel)
Exported frame 723/1837 DefineSprite (chid: 2408, cls: AQWorlds.mcSkel)
Exported frame 724/1837 DefineSprite (chid: 2408, cls: AQWorlds.mcSkel)
Exported frame 725/1837 DefineSprite (chid: 2408, cls: AQWorlds.mcSkel)
Exported frame 726/1837 DefineSprite (chid: 2408, cls: AQWorlds.mcSkel)
Exported frame 727/1837 DefineSprite (chid: 2408, cls: AQWorlds.mcSkel)
Exported frame 728/1837 DefineSprite (chid: 2408, cls: AQWorlds.mcSkel)
Exported frame 729/1837 DefineSprite (chid: 2408, cls: AQWorlds.mcSkel)
Exported frame 730/1837 DefineSprite (chid: 2408, cls: AQWorlds.mcSkel)
Exported frame 731/1837 DefineSprite (chid: 2408, cls: AQWorlds.mcSkel)
Exported frame 732/1837 DefineSprite (chid: 2408, cls: AQWorlds.mcSkel)
Exported frame 733/1837 DefineSprite (chid: 2408, cls: AQWorlds.mcSkel)
Exported frame 734/1837 DefineSprite (chid: 2408, cls: AQWorlds.mcSkel)
Exported frame 735/1837 DefineSprite (chid: 2408, cls: AQWorlds.mcSkel)
Exported frame 736/1837 DefineSprite (chid: 2408, cls: AQWorlds.mcSkel)
Exported frame 737/1837 DefineSprite (chid: 2408, cls: AQWorlds.mcSkel)
Exported frame 738/1837 DefineSprite (chid: 2408, cls: AQWorlds.mcSkel)
Exported frame 739/1837 DefineSprite (chid: 2408, cls: AQWorlds.mcSkel)
Exported frame 740/1837 DefineSprite (chid: 2408, cls: AQWorlds.mcSkel)
Exported frame 741/1837 DefineSprite (chid: 2408, cls: AQWorlds.mcSkel)
Exported frame 742/1837 DefineSprite (chid: 2408, cls: AQWorlds.mcSkel)
Exported frame 743/1837 DefineSprite (chid: 2408, cls: AQWorlds.mcSkel)
Exported frame 744/1837 DefineSprite (chid: 2408, cls: AQWorlds.mcSkel)
Exported frame 745/1837 DefineSprite (chid: 2408, cls: AQWorlds.mcSkel)
Exported frame 746/1837 DefineSprite (chid: 2408, cls: AQWorlds.mcSkel)
Exported frame 747/1837 DefineSprite (chid: 2408, cls: AQWorlds.mcSkel)
Exported frame 748/1837 DefineSprite (chid: 2408, cls: AQWorlds.mcSkel)
Exported frame 749/1837 DefineSprite (chid: 2408, cls: AQWorlds.mcSkel)
Exported frame 750/1837 DefineSprite (chid: 2408, cls: AQWorlds.mcSkel)
Exported frame 751/1837 DefineSprite (chid: 2408, cls: AQWorlds.mcSkel)
Exported frame 752/1837 DefineSprite (chid: 2408, cls: AQWorlds.mcSkel)
Exported frame 753/1837 DefineSprite (chid: 2408, cls: AQWorlds.mcSkel)
Exported frame 754/1837 DefineSprite (chid: 2408, cls: AQWorlds.mcSkel)
Exported frame 755/1837 DefineSprite (chid: 2408, cls: AQWorlds.mcSkel)
Exported frame 756/1837 DefineSprite (chid: 2408, cls: AQWorlds.mcSkel)
Exported frame 757/1837 DefineSprite (chid: 2408, cls: AQWorlds.mcSkel)
Exported frame 758/1837 DefineSprite (chid: 2408, cls: AQWorlds.mcSkel)
Exported frame 759/1837 DefineSprite (chid: 2408, cls: AQWorlds.mcSkel)
Exported frame 760/1837 DefineSprite (chid: 2408, cls: AQWorlds.mcSkel)
Exported frame 761/1837 DefineSprite (chid: 2408, cls: AQWorlds.mcSkel)
Exported frame 762/1837 DefineSprite (chid: 2408, cls: AQWorlds.mcSkel)
Exported frame 763/1837 DefineSprite (chid: 2408, cls: AQWorlds.mcSkel)
Exported frame 764/1837 DefineSprite (chid: 2408, cls: AQWorlds.mcSkel)
Exported frame 765/1837 DefineSprite (chid: 2408, cls: AQWorlds.mcSkel)
Exported frame 766/1837 DefineSprite (chid: 2408, cls: AQWorlds.mcSkel)
Exported frame 767/1837 DefineSprite (chid: 2408, cls: AQWorlds.mcSkel)
Exported frame 768/1837 DefineSprite (chid: 2408, cls: AQWorlds.mcSkel)
Exported frame 769/1837 DefineSprite (chid: 2408, cls: AQWorlds.mcSkel)
Exported frame 770/1837 DefineSprite (chid: 2408, cls: AQWorlds.mcSkel)
Exported frame 771/1837 DefineSprite (chid: 2408, cls: AQWorlds.mcSkel)
Exported frame 772/1837 DefineSprite (chid: 2408, cls: AQWorlds.mcSkel)
Exported frame 773/1837 DefineSprite (chid: 2408, cls: AQWorlds.mcSkel)
Exported frame 774/1837 DefineSprite (chid: 2408, cls: AQWorlds.mcSkel)
Exported frame 775/1837 DefineSprite (chid: 2408, cls: AQWorlds.mcSkel)
Exported frame 776/1837 DefineSprite (chid: 2408, cls: AQWorlds.mcSkel)
Exported frame 777/1837 DefineSprite (chid: 2408, cls: AQWorlds.mcSkel)
Exported frame 778/1837 DefineSprite (chid: 2408, cls: AQWorlds.mcSkel)
Exported frame 779/1837 DefineSprite (chid: 2408, cls: AQWorlds.mcSkel)
Exported frame 780/1837 DefineSprite (chid: 2408, cls: AQWorlds.mcSkel)
Exported frame 781/1837 DefineSprite (chid: 2408, cls: AQWorlds.mcSkel)
Exported frame 782/1837 DefineSprite (chid: 2408, cls: AQWorlds.mcSkel)
Exported frame 783/1837 DefineSprite (chid: 2408, cls: AQWorlds.mcSkel)
Exported frame 784/1837 DefineSprite (chid: 2408, cls: AQWorlds.mcSkel)
Exported frame 785/1837 DefineSprite (chid: 2408, cls: AQWorlds.mcSkel)
Exported frame 786/1837 DefineSprite (chid: 2408, cls: AQWorlds.mcSkel)
Exported frame 787/1837 DefineSprite (chid: 2408, cls: AQWorlds.mcSkel)
Exported frame 788/1837 DefineSprite (chid: 2408, cls: AQWorlds.mcSkel)
Exported frame 789/1837 DefineSprite (chid: 2408, cls: AQWorlds.mcSkel)
Exported frame 790/1837 DefineSprite (chid: 2408, cls: AQWorlds.mcSkel)
Exported frame 791/1837 DefineSprite (chid: 2408, cls: AQWorlds.mcSkel)
Exported frame 792/1837 DefineSprite (chid: 2408, cls: AQWorlds.mcSkel)
Exported frame 793/1837 DefineSprite (chid: 2408, cls: AQWorlds.mcSkel)
Exported frame 794/1837 DefineSprite (chid: 2408, cls: AQWorlds.mcSkel)
Exported frame 795/1837 DefineSprite (chid: 2408, cls: AQWorlds.mcSkel)
Exported frame 796/1837 DefineSprite (chid: 2408, cls: AQWorlds.mcSkel)
Exported frame 797/1837 DefineSprite (chid: 2408, cls: AQWorlds.mcSkel)
Exported frame 798/1837 DefineSprite (chid: 2408, cls: AQWorlds.mcSkel)
Exported frame 799/1837 DefineSprite (chid: 2408, cls: AQWorlds.mcSkel)
Exported frame 800/1837 DefineSprite (chid: 2408, cls: AQWorlds.mcSkel)
Exported frame 801/1837 DefineSprite (chid: 2408, cls: AQWorlds.mcSkel)
Exported frame 802/1837 DefineSprite (chid: 2408, cls: AQWorlds.mcSkel)
Exported frame 803/1837 DefineSprite (chid: 2408, cls: AQWorlds.mcSkel)
Exported frame 804/1837 DefineSprite (chid: 2408, cls: AQWorlds.mcSkel)
Exported frame 805/1837 DefineSprite (chid: 2408, cls: AQWorlds.mcSkel)
Exported frame 806/1837 DefineSprite (chid: 2408, cls: AQWorlds.mcSkel)
Exported frame 807/1837 DefineSprite (chid: 2408, cls: AQWorlds.mcSkel)
Exported frame 808/1837 DefineSprite (chid: 2408, cls: AQWorlds.mcSkel)
Exported frame 809/1837 DefineSprite (chid: 2408, cls: AQWorlds.mcSkel)
Exported frame 810/1837 DefineSprite (chid: 2408, cls: AQWorlds.mcSkel)
Exported frame 811/1837 DefineSprite (chid: 2408, cls: AQWorlds.mcSkel)
Exported frame 812/1837 DefineSprite (chid: 2408, cls: AQWorlds.mcSkel)
Exported frame 813/1837 DefineSprite (chid: 2408, cls: AQWorlds.mcSkel)
Exported frame 814/1837 DefineSprite (chid: 2408, cls: AQWorlds.mcSkel)
Exported frame 815/1837 DefineSprite (chid: 2408, cls: AQWorlds.mcSkel)
Exported frame 816/1837 DefineSprite (chid: 2408, cls: AQWorlds.mcSkel)
Exported frame 817/1837 DefineSprite (chid: 2408, cls: AQWorlds.mcSkel)
Exported frame 818/1837 DefineSprite (chid: 2408, cls: AQWorlds.mcSkel)
Exported frame 819/1837 DefineSprite (chid: 2408, cls: AQWorlds.mcSkel)
Exported frame 820/1837 DefineSprite (chid: 2408, cls: AQWorlds.mcSkel)
Exported frame 821/1837 DefineSprite (chid: 2408, cls: AQWorlds.mcSkel)
Exported frame 822/1837 DefineSprite (chid: 2408, cls: AQWorlds.mcSkel)
Exported frame 823/1837 DefineSprite (chid: 2408, cls: AQWorlds.mcSkel)
Exported frame 824/1837 DefineSprite (chid: 2408, cls: AQWorlds.mcSkel)
Exported frame 825/1837 DefineSprite (chid: 2408, cls: AQWorlds.mcSkel)
Exported frame 826/1837 DefineSprite (chid: 2408, cls: AQWorlds.mcSkel)
Exported frame 827/1837 DefineSprite (chid: 2408, cls: AQWorlds.mcSkel)
Exported frame 828/1837 DefineSprite (chid: 2408, cls: AQWorlds.mcSkel)
Exported frame 829/1837 DefineSprite (chid: 2408, cls: AQWorlds.mcSkel)
Exported frame 830/1837 DefineSprite (chid: 2408, cls: AQWorlds.mcSkel)
Exported frame 831/1837 DefineSprite (chid: 2408, cls: AQWorlds.mcSkel)
Exported frame 832/1837 DefineSprite (chid: 2408, cls: AQWorlds.mcSkel)
Exported frame 833/1837 DefineSprite (chid: 2408, cls: AQWorlds.mcSkel)
Exported frame 834/1837 DefineSprite (chid: 2408, cls: AQWorlds.mcSkel)
Exported frame 835/1837 DefineSprite (chid: 2408, cls: AQWorlds.mcSkel)
Exported frame 836/1837 DefineSprite (chid: 2408, cls: AQWorlds.mcSkel)
Exported frame 837/1837 DefineSprite (chid: 2408, cls: AQWorlds.mcSkel)
Exported frame 838/1837 DefineSprite (chid: 2408, cls: AQWorlds.mcSkel)
Exported frame 839/1837 DefineSprite (chid: 2408, cls: AQWorlds.mcSkel)
Exported frame 840/1837 DefineSprite (chid: 2408, cls: AQWorlds.mcSkel)
Exported frame 841/1837 DefineSprite (chid: 2408, cls: AQWorlds.mcSkel)
Exported frame 842/1837 DefineSprite (chid: 2408, cls: AQWorlds.mcSkel)
Exported frame 843/1837 DefineSprite (chid: 2408, cls: AQWorlds.mcSkel)
Exported frame 844/1837 DefineSprite (chid: 2408, cls: AQWorlds.mcSkel)
Exported frame 845/1837 DefineSprite (chid: 2408, cls: AQWorlds.mcSkel)
Exported frame 846/1837 DefineSprite (chid: 2408, cls: AQWorlds.mcSkel)
Exported frame 847/1837 DefineSprite (chid: 2408, cls: AQWorlds.mcSkel)
Exported frame 848/1837 DefineSprite (chid: 2408, cls: AQWorlds.mcSkel)
Exported frame 849/1837 DefineSprite (chid: 2408, cls: AQWorlds.mcSkel)
Exported frame 850/1837 DefineSprite (chid: 2408, cls: AQWorlds.mcSkel)
Exported frame 851/1837 DefineSprite (chid: 2408, cls: AQWorlds.mcSkel)
Exported frame 852/1837 DefineSprite (chid: 2408, cls: AQWorlds.mcSkel)
Exported frame 853/1837 DefineSprite (chid: 2408, cls: AQWorlds.mcSkel)
Exported frame 854/1837 DefineSprite (chid: 2408, cls: AQWorlds.mcSkel)
Exported frame 855/1837 DefineSprite (chid: 2408, cls: AQWorlds.mcSkel)
Exported frame 856/1837 DefineSprite (chid: 2408, cls: AQWorlds.mcSkel)
Exported frame 857/1837 DefineSprite (chid: 2408, cls: AQWorlds.mcSkel)
Exported frame 858/1837 DefineSprite (chid: 2408, cls: AQWorlds.mcSkel)
Exported frame 859/1837 DefineSprite (chid: 2408, cls: AQWorlds.mcSkel)
Exported frame 860/1837 DefineSprite (chid: 2408, cls: AQWorlds.mcSkel)
Exported frame 861/1837 DefineSprite (chid: 2408, cls: AQWorlds.mcSkel)
Exported frame 862/1837 DefineSprite (chid: 2408, cls: AQWorlds.mcSkel)
Exported frame 863/1837 DefineSprite (chid: 2408, cls: AQWorlds.mcSkel)
Exported frame 864/1837 DefineSprite (chid: 2408, cls: AQWorlds.mcSkel)
Exported frame 865/1837 DefineSprite (chid: 2408, cls: AQWorlds.mcSkel)
Exported frame 866/1837 DefineSprite (chid: 2408, cls: AQWorlds.mcSkel)
Exported frame 867/1837 DefineSprite (chid: 2408, cls: AQWorlds.mcSkel)
Exported frame 868/1837 DefineSprite (chid: 2408, cls: AQWorlds.mcSkel)
Exported frame 869/1837 DefineSprite (chid: 2408, cls: AQWorlds.mcSkel)
Exported frame 870/1837 DefineSprite (chid: 2408, cls: AQWorlds.mcSkel)
Exported frame 871/1837 DefineSprite (chid: 2408, cls: AQWorlds.mcSkel)
Exported frame 872/1837 DefineSprite (chid: 2408, cls: AQWorlds.mcSkel)
Exported frame 873/1837 DefineSprite (chid: 2408, cls: AQWorlds.mcSkel)
Exported frame 874/1837 DefineSprite (chid: 2408, cls: AQWorlds.mcSkel)
Exported frame 875/1837 DefineSprite (chid: 2408, cls: AQWorlds.mcSkel)
Exported frame 876/1837 DefineSprite (chid: 2408, cls: AQWorlds.mcSkel)
Exported frame 877/1837 DefineSprite (chid: 2408, cls: AQWorlds.mcSkel)
Exported frame 878/1837 DefineSprite (chid: 2408, cls: AQWorlds.mcSkel)
Exported frame 879/1837 DefineSprite (chid: 2408, cls: AQWorlds.mcSkel)
Exported frame 880/1837 DefineSprite (chid: 2408, cls: AQWorlds.mcSkel)
Exported frame 881/1837 DefineSprite (chid: 2408, cls: AQWorlds.mcSkel)
Exported frame 882/1837 DefineSprite (chid: 2408, cls: AQWorlds.mcSkel)
Exported frame 883/1837 DefineSprite (chid: 2408, cls: AQWorlds.mcSkel)
Exported frame 884/1837 DefineSprite (chid: 2408, cls: AQWorlds.mcSkel)
Exported frame 885/1837 DefineSprite (chid: 2408, cls: AQWorlds.mcSkel)
Exported frame 886/1837 DefineSprite (chid: 2408, cls: AQWorlds.mcSkel)
Exported frame 887/1837 DefineSprite (chid: 2408, cls: AQWorlds.mcSkel)
Exported frame 888/1837 DefineSprite (chid: 2408, cls: AQWorlds.mcSkel)
Exported frame 889/1837 DefineSprite (chid: 2408, cls: AQWorlds.mcSkel)
Exported frame 890/1837 DefineSprite (chid: 2408, cls: AQWorlds.mcSkel)
Exported frame 891/1837 DefineSprite (chid: 2408, cls: AQWorlds.mcSkel)
Exported frame 892/1837 DefineSprite (chid: 2408, cls: AQWorlds.mcSkel)
Exported frame 893/1837 DefineSprite (chid: 2408, cls: AQWorlds.mcSkel)
Exported frame 894/1837 DefineSprite (chid: 2408, cls: AQWorlds.mcSkel)
Exported frame 895/1837 DefineSprite (chid: 2408, cls: AQWorlds.mcSkel)
Exported frame 896/1837 DefineSprite (chid: 2408, cls: AQWorlds.mcSkel)
Exported frame 897/1837 DefineSprite (chid: 2408, cls: AQWorlds.mcSkel)
Exported frame 898/1837 DefineSprite (chid: 2408, cls: AQWorlds.mcSkel)
Exported frame 899/1837 DefineSprite (chid: 2408, cls: AQWorlds.mcSkel)
Exported frame 900/1837 DefineSprite (chid: 2408, cls: AQWorlds.mcSkel)
Exported frame 901/1837 DefineSprite (chid: 2408, cls: AQWorlds.mcSkel)
Exported frame 902/1837 DefineSprite (chid: 2408, cls: AQWorlds.mcSkel)
Exported frame 903/1837 DefineSprite (chid: 2408, cls: AQWorlds.mcSkel)
Exported frame 904/1837 DefineSprite (chid: 2408, cls: AQWorlds.mcSkel)
Exported frame 905/1837 DefineSprite (chid: 2408, cls: AQWorlds.mcSkel)
Exported frame 906/1837 DefineSprite (chid: 2408, cls: AQWorlds.mcSkel)
Exported frame 907/1837 DefineSprite (chid: 2408, cls: AQWorlds.mcSkel)
Exported frame 908/1837 DefineSprite (chid: 2408, cls: AQWorlds.mcSkel)
Exported frame 909/1837 DefineSprite (chid: 2408, cls: AQWorlds.mcSkel)
Exported frame 910/1837 DefineSprite (chid: 2408, cls: AQWorlds.mcSkel)
Exported frame 911/1837 DefineSprite (chid: 2408, cls: AQWorlds.mcSkel)
Exported frame 912/1837 DefineSprite (chid: 2408, cls: AQWorlds.mcSkel)
Exported frame 913/1837 DefineSprite (chid: 2408, cls: AQWorlds.mcSkel)
Exported frame 914/1837 DefineSprite (chid: 2408, cls: AQWorlds.mcSkel)
Exported frame 915/1837 DefineSprite (chid: 2408, cls: AQWorlds.mcSkel)
Exported frame 916/1837 DefineSprite (chid: 2408, cls: AQWorlds.mcSkel)
Exported frame 917/1837 DefineSprite (chid: 2408, cls: AQWorlds.mcSkel)
Exported frame 918/1837 DefineSprite (chid: 2408, cls: AQWorlds.mcSkel)
Exported frame 919/1837 DefineSprite (chid: 2408, cls: AQWorlds.mcSkel)
Exported frame 920/1837 DefineSprite (chid: 2408, cls: AQWorlds.mcSkel)
Exported frame 921/1837 DefineSprite (chid: 2408, cls: AQWorlds.mcSkel)
Exported frame 922/1837 DefineSprite (chid: 2408, cls: AQWorlds.mcSkel)
Exported frame 923/1837 DefineSprite (chid: 2408, cls: AQWorlds.mcSkel)
Exported frame 924/1837 DefineSprite (chid: 2408, cls: AQWorlds.mcSkel)
Exported frame 925/1837 DefineSprite (chid: 2408, cls: AQWorlds.mcSkel)
Exported frame 926/1837 DefineSprite (chid: 2408, cls: AQWorlds.mcSkel)
Exported frame 927/1837 DefineSprite (chid: 2408, cls: AQWorlds.mcSkel)
Exported frame 928/1837 DefineSprite (chid: 2408, cls: AQWorlds.mcSkel)
Exported frame 929/1837 DefineSprite (chid: 2408, cls: AQWorlds.mcSkel)
Exported frame 930/1837 DefineSprite (chid: 2408, cls: AQWorlds.mcSkel)
Exported frame 931/1837 DefineSprite (chid: 2408, cls: AQWorlds.mcSkel)
Exported frame 932/1837 DefineSprite (chid: 2408, cls: AQWorlds.mcSkel)
Exported frame 933/1837 DefineSprite (chid: 2408, cls: AQWorlds.mcSkel)
Exported frame 934/1837 DefineSprite (chid: 2408, cls: AQWorlds.mcSkel)
Exported frame 935/1837 DefineSprite (chid: 2408, cls: AQWorlds.mcSkel)
Exported frame 936/1837 DefineSprite (chid: 2408, cls: AQWorlds.mcSkel)
Exported frame 937/1837 DefineSprite (chid: 2408, cls: AQWorlds.mcSkel)
Exported frame 938/1837 DefineSprite (chid: 2408, cls: AQWorlds.mcSkel)
Exported frame 939/1837 DefineSprite (chid: 2408, cls: AQWorlds.mcSkel)
Exported frame 940/1837 DefineSprite (chid: 2408, cls: AQWorlds.mcSkel)
Exported frame 941/1837 DefineSprite (chid: 2408, cls: AQWorlds.mcSkel)
Exported frame 942/1837 DefineSprite (chid: 2408, cls: AQWorlds.mcSkel)
Exported frame 943/1837 DefineSprite (chid: 2408, cls: AQWorlds.mcSkel)
Exported frame 944/1837 DefineSprite (chid: 2408, cls: AQWorlds.mcSkel)
Exported frame 945/1837 DefineSprite (chid: 2408, cls: AQWorlds.mcSkel)
Exported frame 946/1837 DefineSprite (chid: 2408, cls: AQWorlds.mcSkel)
Exported frame 947/1837 DefineSprite (chid: 2408, cls: AQWorlds.mcSkel)
Exported frame 948/1837 DefineSprite (chid: 2408, cls: AQWorlds.mcSkel)
Exported frame 949/1837 DefineSprite (chid: 2408, cls: AQWorlds.mcSkel)
Exported frame 950/1837 DefineSprite (chid: 2408, cls: AQWorlds.mcSkel)
Exported frame 951/1837 DefineSprite (chid: 2408, cls: AQWorlds.mcSkel)
Exported frame 952/1837 DefineSprite (chid: 2408, cls: AQWorlds.mcSkel)
Exported frame 953/1837 DefineSprite (chid: 2408, cls: AQWorlds.mcSkel)
Exported frame 954/1837 DefineSprite (chid: 2408, cls: AQWorlds.mcSkel)
Exported frame 955/1837 DefineSprite (chid: 2408, cls: AQWorlds.mcSkel)
Exported frame 956/1837 DefineSprite (chid: 2408, cls: AQWorlds.mcSkel)
Exported frame 957/1837 DefineSprite (chid: 2408, cls: AQWorlds.mcSkel)
Exported frame 958/1837 DefineSprite (chid: 2408, cls: AQWorlds.mcSkel)
Exported frame 959/1837 DefineSprite (chid: 2408, cls: AQWorlds.mcSkel)
Exported frame 960/1837 DefineSprite (chid: 2408, cls: AQWorlds.mcSkel)
Exported frame 961/1837 DefineSprite (chid: 2408, cls: AQWorlds.mcSkel)
Exported frame 962/1837 DefineSprite (chid: 2408, cls: AQWorlds.mcSkel)
Exported frame 963/1837 DefineSprite (chid: 2408, cls: AQWorlds.mcSkel)
Exported frame 964/1837 DefineSprite (chid: 2408, cls: AQWorlds.mcSkel)
Exported frame 965/1837 DefineSprite (chid: 2408, cls: AQWorlds.mcSkel)
Exported frame 966/1837 DefineSprite (chid: 2408, cls: AQWorlds.mcSkel)
Exported frame 967/1837 DefineSprite (chid: 2408, cls: AQWorlds.mcSkel)
Exported frame 968/1837 DefineSprite (chid: 2408, cls: AQWorlds.mcSkel)
Exported frame 969/1837 DefineSprite (chid: 2408, cls: AQWorlds.mcSkel)
Exported frame 970/1837 DefineSprite (chid: 2408, cls: AQWorlds.mcSkel)
Exported frame 971/1837 DefineSprite (chid: 2408, cls: AQWorlds.mcSkel)
Exported frame 972/1837 DefineSprite (chid: 2408, cls: AQWorlds.mcSkel)
Exported frame 973/1837 DefineSprite (chid: 2408, cls: AQWorlds.mcSkel)
Exported frame 974/1837 DefineSprite (chid: 2408, cls: AQWorlds.mcSkel)
Exported frame 975/1837 DefineSprite (chid: 2408, cls: AQWorlds.mcSkel)
Exported frame 976/1837 DefineSprite (chid: 2408, cls: AQWorlds.mcSkel)
Exported frame 977/1837 DefineSprite (chid: 2408, cls: AQWorlds.mcSkel)
Exported frame 978/1837 DefineSprite (chid: 2408, cls: AQWorlds.mcSkel)
Exported frame 979/1837 DefineSprite (chid: 2408, cls: AQWorlds.mcSkel)
Exported frame 980/1837 DefineSprite (chid: 2408, cls: AQWorlds.mcSkel)
Exported frame 981/1837 DefineSprite (chid: 2408, cls: AQWorlds.mcSkel)
Exported frame 982/1837 DefineSprite (chid: 2408, cls: AQWorlds.mcSkel)
Exported frame 983/1837 DefineSprite (chid: 2408, cls: AQWorlds.mcSkel)
Exported frame 984/1837 DefineSprite (chid: 2408, cls: AQWorlds.mcSkel)
Exported frame 985/1837 DefineSprite (chid: 2408, cls: AQWorlds.mcSkel)
Exported frame 986/1837 DefineSprite (chid: 2408, cls: AQWorlds.mcSkel)
Exported frame 987/1837 DefineSprite (chid: 2408, cls: AQWorlds.mcSkel)
Exported frame 988/1837 DefineSprite (chid: 2408, cls: AQWorlds.mcSkel)
Exported frame 989/1837 DefineSprite (chid: 2408, cls: AQWorlds.mcSkel)
Exported frame 990/1837 DefineSprite (chid: 2408, cls: AQWorlds.mcSkel)
Exported frame 991/1837 DefineSprite (chid: 2408, cls: AQWorlds.mcSkel)
Exported frame 992/1837 DefineSprite (chid: 2408, cls: AQWorlds.mcSkel)
Exported frame 993/1837 DefineSprite (chid: 2408, cls: AQWorlds.mcSkel)
Exported frame 994/1837 DefineSprite (chid: 2408, cls: AQWorlds.mcSkel)
Exported frame 995/1837 DefineSprite (chid: 2408, cls: AQWorlds.mcSkel)
Exported frame 996/1837 DefineSprite (chid: 2408, cls: AQWorlds.mcSkel)
Exported frame 997/1837 DefineSprite (chid: 2408, cls: AQWorlds.mcSkel)
Exported frame 998/1837 DefineSprite (chid: 2408, cls: AQWorlds.mcSkel)
Exported frame 999/1837 DefineSprite (chid: 2408, cls: AQWorlds.mcSkel)
Exported frame 1000/1837 DefineSprite (chid: 2408, cls: AQWorlds.mcSkel)
Exported frame 1001/1837 DefineSprite (chid: 2408, cls: AQWorlds.mcSkel)
Exported frame 1002/1837 DefineSprite (chid: 2408, cls: AQWorlds.mcSkel)
Exported frame 1003/1837 DefineSprite (chid: 2408, cls: AQWorlds.mcSkel)
Exported frame 1004/1837 DefineSprite (chid: 2408, cls: AQWorlds.mcSkel)
Exported frame 1005/1837 DefineSprite (chid: 2408, cls: AQWorlds.mcSkel)
Exported frame 1006/1837 DefineSprite (chid: 2408, cls: AQWorlds.mcSkel)
Exported frame 1007/1837 DefineSprite (chid: 2408, cls: AQWorlds.mcSkel)
Exported frame 1008/1837 DefineSprite (chid: 2408, cls: AQWorlds.mcSkel)
Exported frame 1009/1837 DefineSprite (chid: 2408, cls: AQWorlds.mcSkel)
Exported frame 1010/1837 DefineSprite (chid: 2408, cls: AQWorlds.mcSkel)
Exported frame 1011/1837 DefineSprite (chid: 2408, cls: AQWorlds.mcSkel)
Exported frame 1012/1837 DefineSprite (chid: 2408, cls: AQWorlds.mcSkel)
Exported frame 1013/1837 DefineSprite (chid: 2408, cls: AQWorlds.mcSkel)
Exported frame 1014/1837 DefineSprite (chid: 2408, cls: AQWorlds.mcSkel)
Exported frame 1015/1837 DefineSprite (chid: 2408, cls: AQWorlds.mcSkel)
Exported frame 1016/1837 DefineSprite (chid: 2408, cls: AQWorlds.mcSkel)
Exported frame 1017/1837 DefineSprite (chid: 2408, cls: AQWorlds.mcSkel)
Exported frame 1018/1837 DefineSprite (chid: 2408, cls: AQWorlds.mcSkel)
Exported frame 1019/1837 DefineSprite (chid: 2408, cls: AQWorlds.mcSkel)
Exported frame 1020/1837 DefineSprite (chid: 2408, cls: AQWorlds.mcSkel)
Exported frame 1021/1837 DefineSprite (chid: 2408, cls: AQWorlds.mcSkel)
Exported frame 1022/1837 DefineSprite (chid: 2408, cls: AQWorlds.mcSkel)
Exported frame 1023/1837 DefineSprite (chid: 2408, cls: AQWorlds.mcSkel)
Exported frame 1024/1837 DefineSprite (chid: 2408, cls: AQWorlds.mcSkel)
Exported frame 1025/1837 DefineSprite (chid: 2408, cls: AQWorlds.mcSkel)
Exported frame 1026/1837 DefineSprite (chid: 2408, cls: AQWorlds.mcSkel)
Exported frame 1027/1837 DefineSprite (chid: 2408, cls: AQWorlds.mcSkel)
Exported frame 1028/1837 DefineSprite (chid: 2408, cls: AQWorlds.mcSkel)
Exported frame 1029/1837 DefineSprite (chid: 2408, cls: AQWorlds.mcSkel)
Exported frame 1030/1837 DefineSprite (chid: 2408, cls: AQWorlds.mcSkel)
Exported frame 1031/1837 DefineSprite (chid: 2408, cls: AQWorlds.mcSkel)
Exported frame 1032/1837 DefineSprite (chid: 2408, cls: AQWorlds.mcSkel)
Exported frame 1033/1837 DefineSprite (chid: 2408, cls: AQWorlds.mcSkel)
Exported frame 1034/1837 DefineSprite (chid: 2408, cls: AQWorlds.mcSkel)
Exported frame 1035/1837 DefineSprite (chid: 2408, cls: AQWorlds.mcSkel)
Exported frame 1036/1837 DefineSprite (chid: 2408, cls: AQWorlds.mcSkel)
Exported frame 1037/1837 DefineSprite (chid: 2408, cls: AQWorlds.mcSkel)
Exported frame 1038/1837 DefineSprite (chid: 2408, cls: AQWorlds.mcSkel)
Exported frame 1039/1837 DefineSprite (chid: 2408, cls: AQWorlds.mcSkel)
Exported frame 1040/1837 DefineSprite (chid: 2408, cls: AQWorlds.mcSkel)
Exported frame 1041/1837 DefineSprite (chid: 2408, cls: AQWorlds.mcSkel)
Exported frame 1042/1837 DefineSprite (chid: 2408, cls: AQWorlds.mcSkel)
Exported frame 1043/1837 DefineSprite (chid: 2408, cls: AQWorlds.mcSkel)
Exported frame 1044/1837 DefineSprite (chid: 2408, cls: AQWorlds.mcSkel)
Exported frame 1045/1837 DefineSprite (chid: 2408, cls: AQWorlds.mcSkel)
Exported frame 1046/1837 DefineSprite (chid: 2408, cls: AQWorlds.mcSkel)
Exported frame 1047/1837 DefineSprite (chid: 2408, cls: AQWorlds.mcSkel)
Exported frame 1048/1837 DefineSprite (chid: 2408, cls: AQWorlds.mcSkel)
Exported frame 1049/1837 DefineSprite (chid: 2408, cls: AQWorlds.mcSkel)
Exported frame 1050/1837 DefineSprite (chid: 2408, cls: AQWorlds.mcSkel)
Exported frame 1051/1837 DefineSprite (chid: 2408, cls: AQWorlds.mcSkel)
Exported frame 1052/1837 DefineSprite (chid: 2408, cls: AQWorlds.mcSkel)
Exported frame 1053/1837 DefineSprite (chid: 2408, cls: AQWorlds.mcSkel)
Exported frame 1054/1837 DefineSprite (chid: 2408, cls: AQWorlds.mcSkel)
Exported frame 1055/1837 DefineSprite (chid: 2408, cls: AQWorlds.mcSkel)
Exported frame 1056/1837 DefineSprite (chid: 2408, cls: AQWorlds.mcSkel)
Exported frame 1057/1837 DefineSprite (chid: 2408, cls: AQWorlds.mcSkel)
Exported frame 1058/1837 DefineSprite (chid: 2408, cls: AQWorlds.mcSkel)
Exported frame 1059/1837 DefineSprite (chid: 2408, cls: AQWorlds.mcSkel)
Exported frame 1060/1837 DefineSprite (chid: 2408, cls: AQWorlds.mcSkel)
Exported frame 1061/1837 DefineSprite (chid: 2408, cls: AQWorlds.mcSkel)
Exported frame 1062/1837 DefineSprite (chid: 2408, cls: AQWorlds.mcSkel)
Exported frame 1063/1837 DefineSprite (chid: 2408, cls: AQWorlds.mcSkel)
Exported frame 1064/1837 DefineSprite (chid: 2408, cls: AQWorlds.mcSkel)
Exported frame 1065/1837 DefineSprite (chid: 2408, cls: AQWorlds.mcSkel)
Exported frame 1066/1837 DefineSprite (chid: 2408, cls: AQWorlds.mcSkel)
Exported frame 1067/1837 DefineSprite (chid: 2408, cls: AQWorlds.mcSkel)
Exported frame 1068/1837 DefineSprite (chid: 2408, cls: AQWorlds.mcSkel)
Exported frame 1069/1837 DefineSprite (chid: 2408, cls: AQWorlds.mcSkel)
Exported frame 1070/1837 DefineSprite (chid: 2408, cls: AQWorlds.mcSkel)
Exported frame 1071/1837 DefineSprite (chid: 2408, cls: AQWorlds.mcSkel)
Exported frame 1072/1837 DefineSprite (chid: 2408, cls: AQWorlds.mcSkel)
Exported frame 1073/1837 DefineSprite (chid: 2408, cls: AQWorlds.mcSkel)
Exported frame 1074/1837 DefineSprite (chid: 2408, cls: AQWorlds.mcSkel)
Exported frame 1075/1837 DefineSprite (chid: 2408, cls: AQWorlds.mcSkel)
Exported frame 1076/1837 DefineSprite (chid: 2408, cls: AQWorlds.mcSkel)
Exported frame 1077/1837 DefineSprite (chid: 2408, cls: AQWorlds.mcSkel)
Exported frame 1078/1837 DefineSprite (chid: 2408, cls: AQWorlds.mcSkel)
Exported frame 1079/1837 DefineSprite (chid: 2408, cls: AQWorlds.mcSkel)
Exported frame 1080/1837 DefineSprite (chid: 2408, cls: AQWorlds.mcSkel)
Exported frame 1081/1837 DefineSprite (chid: 2408, cls: AQWorlds.mcSkel)
Exported frame 1082/1837 DefineSprite (chid: 2408, cls: AQWorlds.mcSkel)
Exported frame 1083/1837 DefineSprite (chid: 2408, cls: AQWorlds.mcSkel)
Exported frame 1084/1837 DefineSprite (chid: 2408, cls: AQWorlds.mcSkel)
Exported frame 1085/1837 DefineSprite (chid: 2408, cls: AQWorlds.mcSkel)
Exported frame 1086/1837 DefineSprite (chid: 2408, cls: AQWorlds.mcSkel)
Exported frame 1087/1837 DefineSprite (chid: 2408, cls: AQWorlds.mcSkel)
Exported frame 1088/1837 DefineSprite (chid: 2408, cls: AQWorlds.mcSkel)
Exported frame 1089/1837 DefineSprite (chid: 2408, cls: AQWorlds.mcSkel)
Exported frame 1090/1837 DefineSprite (chid: 2408, cls: AQWorlds.mcSkel)
Exported frame 1091/1837 DefineSprite (chid: 2408, cls: AQWorlds.mcSkel)
Exported frame 1092/1837 DefineSprite (chid: 2408, cls: AQWorlds.mcSkel)
Exported frame 1093/1837 DefineSprite (chid: 2408, cls: AQWorlds.mcSkel)
Exported frame 1094/1837 DefineSprite (chid: 2408, cls: AQWorlds.mcSkel)
Exported frame 1095/1837 DefineSprite (chid: 2408, cls: AQWorlds.mcSkel)
Exported frame 1096/1837 DefineSprite (chid: 2408, cls: AQWorlds.mcSkel)
Exported frame 1097/1837 DefineSprite (chid: 2408, cls: AQWorlds.mcSkel)
Exported frame 1098/1837 DefineSprite (chid: 2408, cls: AQWorlds.mcSkel)
Exported frame 1099/1837 DefineSprite (chid: 2408, cls: AQWorlds.mcSkel)
Exported frame 1100/1837 DefineSprite (chid: 2408, cls: AQWorlds.mcSkel)
Exported frame 1101/1837 DefineSprite (chid: 2408, cls: AQWorlds.mcSkel)
Exported frame 1102/1837 DefineSprite (chid: 2408, cls: AQWorlds.mcSkel)
Exported frame 1103/1837 DefineSprite (chid: 2408, cls: AQWorlds.mcSkel)
Exported frame 1104/1837 DefineSprite (chid: 2408, cls: AQWorlds.mcSkel)
Exported frame 1105/1837 DefineSprite (chid: 2408, cls: AQWorlds.mcSkel)
Exported frame 1106/1837 DefineSprite (chid: 2408, cls: AQWorlds.mcSkel)
Exported frame 1107/1837 DefineSprite (chid: 2408, cls: AQWorlds.mcSkel)
Exported frame 1108/1837 DefineSprite (chid: 2408, cls: AQWorlds.mcSkel)
Exported frame 1109/1837 DefineSprite (chid: 2408, cls: AQWorlds.mcSkel)
Exported frame 1110/1837 DefineSprite (chid: 2408, cls: AQWorlds.mcSkel)
Exported frame 1111/1837 DefineSprite (chid: 2408, cls: AQWorlds.mcSkel)
Exported frame 1112/1837 DefineSprite (chid: 2408, cls: AQWorlds.mcSkel)
Exported frame 1113/1837 DefineSprite (chid: 2408, cls: AQWorlds.mcSkel)
Exported frame 1114/1837 DefineSprite (chid: 2408, cls: AQWorlds.mcSkel)
Exported frame 1115/1837 DefineSprite (chid: 2408, cls: AQWorlds.mcSkel)
Exported frame 1116/1837 DefineSprite (chid: 2408, cls: AQWorlds.mcSkel)
Exported frame 1117/1837 DefineSprite (chid: 2408, cls: AQWorlds.mcSkel)
Exported frame 1118/1837 DefineSprite (chid: 2408, cls: AQWorlds.mcSkel)
Exported frame 1119/1837 DefineSprite (chid: 2408, cls: AQWorlds.mcSkel)
Exported frame 1120/1837 DefineSprite (chid: 2408, cls: AQWorlds.mcSkel)
Exported frame 1121/1837 DefineSprite (chid: 2408, cls: AQWorlds.mcSkel)
Exported frame 1122/1837 DefineSprite (chid: 2408, cls: AQWorlds.mcSkel)
Exported frame 1123/1837 DefineSprite (chid: 2408, cls: AQWorlds.mcSkel)
Exported frame 1124/1837 DefineSprite (chid: 2408, cls: AQWorlds.mcSkel)
Exported frame 1125/1837 DefineSprite (chid: 2408, cls: AQWorlds.mcSkel)
Exported frame 1126/1837 DefineSprite (chid: 2408, cls: AQWorlds.mcSkel)
Exported frame 1127/1837 DefineSprite (chid: 2408, cls: AQWorlds.mcSkel)
Exported frame 1128/1837 DefineSprite (chid: 2408, cls: AQWorlds.mcSkel)
Exported frame 1129/1837 DefineSprite (chid: 2408, cls: AQWorlds.mcSkel)
Exported frame 1130/1837 DefineSprite (chid: 2408, cls: AQWorlds.mcSkel)
Exported frame 1131/1837 DefineSprite (chid: 2408, cls: AQWorlds.mcSkel)
Exported frame 1132/1837 DefineSprite (chid: 2408, cls: AQWorlds.mcSkel)
Exported frame 1133/1837 DefineSprite (chid: 2408, cls: AQWorlds.mcSkel)
Exported frame 1134/1837 DefineSprite (chid: 2408, cls: AQWorlds.mcSkel)
Exported frame 1135/1837 DefineSprite (chid: 2408, cls: AQWorlds.mcSkel)
Exported frame 1136/1837 DefineSprite (chid: 2408, cls: AQWorlds.mcSkel)
Exported frame 1137/1837 DefineSprite (chid: 2408, cls: AQWorlds.mcSkel)
Exported frame 1138/1837 DefineSprite (chid: 2408, cls: AQWorlds.mcSkel)
Exported frame 1139/1837 DefineSprite (chid: 2408, cls: AQWorlds.mcSkel)
Exported frame 1140/1837 DefineSprite (chid: 2408, cls: AQWorlds.mcSkel)
Exported frame 1141/1837 DefineSprite (chid: 2408, cls: AQWorlds.mcSkel)
Exported frame 1142/1837 DefineSprite (chid: 2408, cls: AQWorlds.mcSkel)
Exported frame 1143/1837 DefineSprite (chid: 2408, cls: AQWorlds.mcSkel)
Exported frame 1144/1837 DefineSprite (chid: 2408, cls: AQWorlds.mcSkel)
Exported frame 1145/1837 DefineSprite (chid: 2408, cls: AQWorlds.mcSkel)
Exported frame 1146/1837 DefineSprite (chid: 2408, cls: AQWorlds.mcSkel)
Exported frame 1147/1837 DefineSprite (chid: 2408, cls: AQWorlds.mcSkel)
Exported frame 1148/1837 DefineSprite (chid: 2408, cls: AQWorlds.mcSkel)
Exported frame 1149/1837 DefineSprite (chid: 2408, cls: AQWorlds.mcSkel)
Exported frame 1150/1837 DefineSprite (chid: 2408, cls: AQWorlds.mcSkel)
Exported frame 1151/1837 DefineSprite (chid: 2408, cls: AQWorlds.mcSkel)
Exported frame 1152/1837 DefineSprite (chid: 2408, cls: AQWorlds.mcSkel)
Exported frame 1153/1837 DefineSprite (chid: 2408, cls: AQWorlds.mcSkel)
Exported frame 1154/1837 DefineSprite (chid: 2408, cls: AQWorlds.mcSkel)
Exported frame 1155/1837 DefineSprite (chid: 2408, cls: AQWorlds.mcSkel)
Exported frame 1156/1837 DefineSprite (chid: 2408, cls: AQWorlds.mcSkel)
Exported frame 1157/1837 DefineSprite (chid: 2408, cls: AQWorlds.mcSkel)
Exported frame 1158/1837 DefineSprite (chid: 2408, cls: AQWorlds.mcSkel)
Exported frame 1159/1837 DefineSprite (chid: 2408, cls: AQWorlds.mcSkel)
Exported frame 1160/1837 DefineSprite (chid: 2408, cls: AQWorlds.mcSkel)
Exported frame 1161/1837 DefineSprite (chid: 2408, cls: AQWorlds.mcSkel)
Exported frame 1162/1837 DefineSprite (chid: 2408, cls: AQWorlds.mcSkel)
Exported frame 1163/1837 DefineSprite (chid: 2408, cls: AQWorlds.mcSkel)
Exported frame 1164/1837 DefineSprite (chid: 2408, cls: AQWorlds.mcSkel)
Exported frame 1165/1837 DefineSprite (chid: 2408, cls: AQWorlds.mcSkel)
Exported frame 1166/1837 DefineSprite (chid: 2408, cls: AQWorlds.mcSkel)
Exported frame 1167/1837 DefineSprite (chid: 2408, cls: AQWorlds.mcSkel)
Exported frame 1168/1837 DefineSprite (chid: 2408, cls: AQWorlds.mcSkel)
Exported frame 1169/1837 DefineSprite (chid: 2408, cls: AQWorlds.mcSkel)
Exported frame 1170/1837 DefineSprite (chid: 2408, cls: AQWorlds.mcSkel)
Exported frame 1171/1837 DefineSprite (chid: 2408, cls: AQWorlds.mcSkel)
Exported frame 1172/1837 DefineSprite (chid: 2408, cls: AQWorlds.mcSkel)
Exported frame 1173/1837 DefineSprite (chid: 2408, cls: AQWorlds.mcSkel)
Exported frame 1174/1837 DefineSprite (chid: 2408, cls: AQWorlds.mcSkel)
Exported frame 1175/1837 DefineSprite (chid: 2408, cls: AQWorlds.mcSkel)
Exported frame 1176/1837 DefineSprite (chid: 2408, cls: AQWorlds.mcSkel)
Exported frame 1177/1837 DefineSprite (chid: 2408, cls: AQWorlds.mcSkel)
Exported frame 1178/1837 DefineSprite (chid: 2408, cls: AQWorlds.mcSkel)
Exported frame 1179/1837 DefineSprite (chid: 2408, cls: AQWorlds.mcSkel)
Exported frame 1180/1837 DefineSprite (chid: 2408, cls: AQWorlds.mcSkel)
Exported frame 1181/1837 DefineSprite (chid: 2408, cls: AQWorlds.mcSkel)
Exported frame 1182/1837 DefineSprite (chid: 2408, cls: AQWorlds.mcSkel)
Exported frame 1183/1837 DefineSprite (chid: 2408, cls: AQWorlds.mcSkel)
Exported frame 1184/1837 DefineSprite (chid: 2408, cls: AQWorlds.mcSkel)
Exported frame 1185/1837 DefineSprite (chid: 2408, cls: AQWorlds.mcSkel)
Exported frame 1186/1837 DefineSprite (chid: 2408, cls: AQWorlds.mcSkel)
Exported frame 1187/1837 DefineSprite (chid: 2408, cls: AQWorlds.mcSkel)
Exported frame 1188/1837 DefineSprite (chid: 2408, cls: AQWorlds.mcSkel)
Exported frame 1189/1837 DefineSprite (chid: 2408, cls: AQWorlds.mcSkel)
Exported frame 1190/1837 DefineSprite (chid: 2408, cls: AQWorlds.mcSkel)
Exported frame 1191/1837 DefineSprite (chid: 2408, cls: AQWorlds.mcSkel)
Exported frame 1192/1837 DefineSprite (chid: 2408, cls: AQWorlds.mcSkel)
Exported frame 1193/1837 DefineSprite (chid: 2408, cls: AQWorlds.mcSkel)
Exported frame 1194/1837 DefineSprite (chid: 2408, cls: AQWorlds.mcSkel)
Exported frame 1195/1837 DefineSprite (chid: 2408, cls: AQWorlds.mcSkel)
Exported frame 1196/1837 DefineSprite (chid: 2408, cls: AQWorlds.mcSkel)
Exported frame 1197/1837 DefineSprite (chid: 2408, cls: AQWorlds.mcSkel)
Exported frame 1198/1837 DefineSprite (chid: 2408, cls: AQWorlds.mcSkel)
Exported frame 1199/1837 DefineSprite (chid: 2408, cls: AQWorlds.mcSkel)
Exported frame 1200/1837 DefineSprite (chid: 2408, cls: AQWorlds.mcSkel)
Exported frame 1201/1837 DefineSprite (chid: 2408, cls: AQWorlds.mcSkel)
Exported frame 1202/1837 DefineSprite (chid: 2408, cls: AQWorlds.mcSkel)
Exported frame 1203/1837 DefineSprite (chid: 2408, cls: AQWorlds.mcSkel)
Exported frame 1204/1837 DefineSprite (chid: 2408, cls: AQWorlds.mcSkel)
Exported frame 1205/1837 DefineSprite (chid: 2408, cls: AQWorlds.mcSkel)
Exported frame 1206/1837 DefineSprite (chid: 2408, cls: AQWorlds.mcSkel)
Exported frame 1207/1837 DefineSprite (chid: 2408, cls: AQWorlds.mcSkel)
Exported frame 1208/1837 DefineSprite (chid: 2408, cls: AQWorlds.mcSkel)
Exported frame 1209/1837 DefineSprite (chid: 2408, cls: AQWorlds.mcSkel)
Exported frame 1210/1837 DefineSprite (chid: 2408, cls: AQWorlds.mcSkel)
Exported frame 1211/1837 DefineSprite (chid: 2408, cls: AQWorlds.mcSkel)
Exported frame 1212/1837 DefineSprite (chid: 2408, cls: AQWorlds.mcSkel)
Exported frame 1213/1837 DefineSprite (chid: 2408, cls: AQWorlds.mcSkel)
Exported frame 1214/1837 DefineSprite (chid: 2408, cls: AQWorlds.mcSkel)
Exported frame 1215/1837 DefineSprite (chid: 2408, cls: AQWorlds.mcSkel)
Exported frame 1216/1837 DefineSprite (chid: 2408, cls: AQWorlds.mcSkel)
Exported frame 1217/1837 DefineSprite (chid: 2408, cls: AQWorlds.mcSkel)
Exported frame 1218/1837 DefineSprite (chid: 2408, cls: AQWorlds.mcSkel)
Exported frame 1219/1837 DefineSprite (chid: 2408, cls: AQWorlds.mcSkel)
Exported frame 1220/1837 DefineSprite (chid: 2408, cls: AQWorlds.mcSkel)
Exported frame 1221/1837 DefineSprite (chid: 2408, cls: AQWorlds.mcSkel)
Exported frame 1222/1837 DefineSprite (chid: 2408, cls: AQWorlds.mcSkel)
Exported frame 1223/1837 DefineSprite (chid: 2408, cls: AQWorlds.mcSkel)
Exported frame 1224/1837 DefineSprite (chid: 2408, cls: AQWorlds.mcSkel)
Exported frame 1225/1837 DefineSprite (chid: 2408, cls: AQWorlds.mcSkel)
Exported frame 1226/1837 DefineSprite (chid: 2408, cls: AQWorlds.mcSkel)
Exported frame 1227/1837 DefineSprite (chid: 2408, cls: AQWorlds.mcSkel)
Exported frame 1228/1837 DefineSprite (chid: 2408, cls: AQWorlds.mcSkel)
Exported frame 1229/1837 DefineSprite (chid: 2408, cls: AQWorlds.mcSkel)
Exported frame 1230/1837 DefineSprite (chid: 2408, cls: AQWorlds.mcSkel)
Exported frame 1231/1837 DefineSprite (chid: 2408, cls: AQWorlds.mcSkel)
Exported frame 1232/1837 DefineSprite (chid: 2408, cls: AQWorlds.mcSkel)
Exported frame 1233/1837 DefineSprite (chid: 2408, cls: AQWorlds.mcSkel)
Exported frame 1234/1837 DefineSprite (chid: 2408, cls: AQWorlds.mcSkel)
Exported frame 1235/1837 DefineSprite (chid: 2408, cls: AQWorlds.mcSkel)
Exported frame 1236/1837 DefineSprite (chid: 2408, cls: AQWorlds.mcSkel)
Exported frame 1237/1837 DefineSprite (chid: 2408, cls: AQWorlds.mcSkel)
Exported frame 1238/1837 DefineSprite (chid: 2408, cls: AQWorlds.mcSkel)
Exported frame 1239/1837 DefineSprite (chid: 2408, cls: AQWorlds.mcSkel)
Exported frame 1240/1837 DefineSprite (chid: 2408, cls: AQWorlds.mcSkel)
Exported frame 1241/1837 DefineSprite (chid: 2408, cls: AQWorlds.mcSkel)
Exported frame 1242/1837 DefineSprite (chid: 2408, cls: AQWorlds.mcSkel)
Exported frame 1243/1837 DefineSprite (chid: 2408, cls: AQWorlds.mcSkel)
Exported frame 1244/1837 DefineSprite (chid: 2408, cls: AQWorlds.mcSkel)
Exported frame 1245/1837 DefineSprite (chid: 2408, cls: AQWorlds.mcSkel)
Exported frame 1246/1837 DefineSprite (chid: 2408, cls: AQWorlds.mcSkel)
Exported frame 1247/1837 DefineSprite (chid: 2408, cls: AQWorlds.mcSkel)
Exported frame 1248/1837 DefineSprite (chid: 2408, cls: AQWorlds.mcSkel)
Exported frame 1249/1837 DefineSprite (chid: 2408, cls: AQWorlds.mcSkel)
Exported frame 1250/1837 DefineSprite (chid: 2408, cls: AQWorlds.mcSkel)
Exported frame 1251/1837 DefineSprite (chid: 2408, cls: AQWorlds.mcSkel)
Exported frame 1252/1837 DefineSprite (chid: 2408, cls: AQWorlds.mcSkel)
Exported frame 1253/1837 DefineSprite (chid: 2408, cls: AQWorlds.mcSkel)
Exported frame 1254/1837 DefineSprite (chid: 2408, cls: AQWorlds.mcSkel)
Exported frame 1255/1837 DefineSprite (chid: 2408, cls: AQWorlds.mcSkel)
Exported frame 1256/1837 DefineSprite (chid: 2408, cls: AQWorlds.mcSkel)
Exported frame 1257/1837 DefineSprite (chid: 2408, cls: AQWorlds.mcSkel)
Exported frame 1258/1837 DefineSprite (chid: 2408, cls: AQWorlds.mcSkel)
Exported frame 1259/1837 DefineSprite (chid: 2408, cls: AQWorlds.mcSkel)
Exported frame 1260/1837 DefineSprite (chid: 2408, cls: AQWorlds.mcSkel)
Exported frame 1261/1837 DefineSprite (chid: 2408, cls: AQWorlds.mcSkel)
Exported frame 1262/1837 DefineSprite (chid: 2408, cls: AQWorlds.mcSkel)
Exported frame 1263/1837 DefineSprite (chid: 2408, cls: AQWorlds.mcSkel)
Exported frame 1264/1837 DefineSprite (chid: 2408, cls: AQWorlds.mcSkel)
Exported frame 1265/1837 DefineSprite (chid: 2408, cls: AQWorlds.mcSkel)
Exported frame 1266/1837 DefineSprite (chid: 2408, cls: AQWorlds.mcSkel)
Exported frame 1267/1837 DefineSprite (chid: 2408, cls: AQWorlds.mcSkel)
Exported frame 1268/1837 DefineSprite (chid: 2408, cls: AQWorlds.mcSkel)
Exported frame 1269/1837 DefineSprite (chid: 2408, cls: AQWorlds.mcSkel)
Exported frame 1270/1837 DefineSprite (chid: 2408, cls: AQWorlds.mcSkel)
Exported frame 1271/1837 DefineSprite (chid: 2408, cls: AQWorlds.mcSkel)
Exported frame 1272/1837 DefineSprite (chid: 2408, cls: AQWorlds.mcSkel)
Exported frame 1273/1837 DefineSprite (chid: 2408, cls: AQWorlds.mcSkel)
Exported frame 1274/1837 DefineSprite (chid: 2408, cls: AQWorlds.mcSkel)
Exported frame 1275/1837 DefineSprite (chid: 2408, cls: AQWorlds.mcSkel)
Exported frame 1276/1837 DefineSprite (chid: 2408, cls: AQWorlds.mcSkel)
Exported frame 1277/1837 DefineSprite (chid: 2408, cls: AQWorlds.mcSkel)
Exported frame 1278/1837 DefineSprite (chid: 2408, cls: AQWorlds.mcSkel)
Exported frame 1279/1837 DefineSprite (chid: 2408, cls: AQWorlds.mcSkel)
Exported frame 1280/1837 DefineSprite (chid: 2408, cls: AQWorlds.mcSkel)
Exported frame 1281/1837 DefineSprite (chid: 2408, cls: AQWorlds.mcSkel)
Exported frame 1282/1837 DefineSprite (chid: 2408, cls: AQWorlds.mcSkel)
Exported frame 1283/1837 DefineSprite (chid: 2408, cls: AQWorlds.mcSkel)
Exported frame 1284/1837 DefineSprite (chid: 2408, cls: AQWorlds.mcSkel)
Exported frame 1285/1837 DefineSprite (chid: 2408, cls: AQWorlds.mcSkel)
Exported frame 1286/1837 DefineSprite (chid: 2408, cls: AQWorlds.mcSkel)
Exported frame 1287/1837 DefineSprite (chid: 2408, cls: AQWorlds.mcSkel)
Exported frame 1288/1837 DefineSprite (chid: 2408, cls: AQWorlds.mcSkel)
Exported frame 1289/1837 DefineSprite (chid: 2408, cls: AQWorlds.mcSkel)
Exported frame 1290/1837 DefineSprite (chid: 2408, cls: AQWorlds.mcSkel)
Exported frame 1291/1837 DefineSprite (chid: 2408, cls: AQWorlds.mcSkel)
Exported frame 1292/1837 DefineSprite (chid: 2408, cls: AQWorlds.mcSkel)
Exported frame 1293/1837 DefineSprite (chid: 2408, cls: AQWorlds.mcSkel)
Exported frame 1294/1837 DefineSprite (chid: 2408, cls: AQWorlds.mcSkel)
Exported frame 1295/1837 DefineSprite (chid: 2408, cls: AQWorlds.mcSkel)
Exported frame 1296/1837 DefineSprite (chid: 2408, cls: AQWorlds.mcSkel)
Exported frame 1297/1837 DefineSprite (chid: 2408, cls: AQWorlds.mcSkel)
Exported frame 1298/1837 DefineSprite (chid: 2408, cls: AQWorlds.mcSkel)
Exported frame 1299/1837 DefineSprite (chid: 2408, cls: AQWorlds.mcSkel)
Exported frame 1300/1837 DefineSprite (chid: 2408, cls: AQWorlds.mcSkel)
Exported frame 1301/1837 DefineSprite (chid: 2408, cls: AQWorlds.mcSkel)
Exported frame 1302/1837 DefineSprite (chid: 2408, cls: AQWorlds.mcSkel)
Exported frame 1303/1837 DefineSprite (chid: 2408, cls: AQWorlds.mcSkel)
Exported frame 1304/1837 DefineSprite (chid: 2408, cls: AQWorlds.mcSkel)
Exported frame 1305/1837 DefineSprite (chid: 2408, cls: AQWorlds.mcSkel)
Exported frame 1306/1837 DefineSprite (chid: 2408, cls: AQWorlds.mcSkel)
Exported frame 1307/1837 DefineSprite (chid: 2408, cls: AQWorlds.mcSkel)
Exported frame 1308/1837 DefineSprite (chid: 2408, cls: AQWorlds.mcSkel)
Exported frame 1309/1837 DefineSprite (chid: 2408, cls: AQWorlds.mcSkel)
Exported frame 1310/1837 DefineSprite (chid: 2408, cls: AQWorlds.mcSkel)
Exported frame 1311/1837 DefineSprite (chid: 2408, cls: AQWorlds.mcSkel)
Exported frame 1312/1837 DefineSprite (chid: 2408, cls: AQWorlds.mcSkel)
Exported frame 1313/1837 DefineSprite (chid: 2408, cls: AQWorlds.mcSkel)
Exported frame 1314/1837 DefineSprite (chid: 2408, cls: AQWorlds.mcSkel)
Exported frame 1315/1837 DefineSprite (chid: 2408, cls: AQWorlds.mcSkel)
Exported frame 1316/1837 DefineSprite (chid: 2408, cls: AQWorlds.mcSkel)
Exported frame 1317/1837 DefineSprite (chid: 2408, cls: AQWorlds.mcSkel)
Exported frame 1318/1837 DefineSprite (chid: 2408, cls: AQWorlds.mcSkel)
Exported frame 1319/1837 DefineSprite (chid: 2408, cls: AQWorlds.mcSkel)
Exported frame 1320/1837 DefineSprite (chid: 2408, cls: AQWorlds.mcSkel)
Exported frame 1321/1837 DefineSprite (chid: 2408, cls: AQWorlds.mcSkel)
Exported frame 1322/1837 DefineSprite (chid: 2408, cls: AQWorlds.mcSkel)
Exported frame 1323/1837 DefineSprite (chid: 2408, cls: AQWorlds.mcSkel)
Exported frame 1324/1837 DefineSprite (chid: 2408, cls: AQWorlds.mcSkel)
Exported frame 1325/1837 DefineSprite (chid: 2408, cls: AQWorlds.mcSkel)
Exported frame 1326/1837 DefineSprite (chid: 2408, cls: AQWorlds.mcSkel)
Exported frame 1327/1837 DefineSprite (chid: 2408, cls: AQWorlds.mcSkel)
Exported frame 1328/1837 DefineSprite (chid: 2408, cls: AQWorlds.mcSkel)
Exported frame 1329/1837 DefineSprite (chid: 2408, cls: AQWorlds.mcSkel)
Exported frame 1330/1837 DefineSprite (chid: 2408, cls: AQWorlds.mcSkel)
Exported frame 1331/1837 DefineSprite (chid: 2408, cls: AQWorlds.mcSkel)
Exported frame 1332/1837 DefineSprite (chid: 2408, cls: AQWorlds.mcSkel)
Exported frame 1333/1837 DefineSprite (chid: 2408, cls: AQWorlds.mcSkel)
Exported frame 1334/1837 DefineSprite (chid: 2408, cls: AQWorlds.mcSkel)
Exported frame 1335/1837 DefineSprite (chid: 2408, cls: AQWorlds.mcSkel)
Exported frame 1336/1837 DefineSprite (chid: 2408, cls: AQWorlds.mcSkel)
Exported frame 1337/1837 DefineSprite (chid: 2408, cls: AQWorlds.mcSkel)
Exported frame 1338/1837 DefineSprite (chid: 2408, cls: AQWorlds.mcSkel)
Exported frame 1339/1837 DefineSprite (chid: 2408, cls: AQWorlds.mcSkel)
Exported frame 1340/1837 DefineSprite (chid: 2408, cls: AQWorlds.mcSkel)
Exported frame 1341/1837 DefineSprite (chid: 2408, cls: AQWorlds.mcSkel)
Exported frame 1342/1837 DefineSprite (chid: 2408, cls: AQWorlds.mcSkel)
Exported frame 1343/1837 DefineSprite (chid: 2408, cls: AQWorlds.mcSkel)
Exported frame 1344/1837 DefineSprite (chid: 2408, cls: AQWorlds.mcSkel)
Exported frame 1345/1837 DefineSprite (chid: 2408, cls: AQWorlds.mcSkel)
Exported frame 1346/1837 DefineSprite (chid: 2408, cls: AQWorlds.mcSkel)
Exported frame 1347/1837 DefineSprite (chid: 2408, cls: AQWorlds.mcSkel)
Exported frame 1348/1837 DefineSprite (chid: 2408, cls: AQWorlds.mcSkel)
Exported frame 1349/1837 DefineSprite (chid: 2408, cls: AQWorlds.mcSkel)
Exported frame 1350/1837 DefineSprite (chid: 2408, cls: AQWorlds.mcSkel)
Exported frame 1351/1837 DefineSprite (chid: 2408, cls: AQWorlds.mcSkel)
Exported frame 1352/1837 DefineSprite (chid: 2408, cls: AQWorlds.mcSkel)
Exported frame 1353/1837 DefineSprite (chid: 2408, cls: AQWorlds.mcSkel)
Exported frame 1354/1837 DefineSprite (chid: 2408, cls: AQWorlds.mcSkel)
Exported frame 1355/1837 DefineSprite (chid: 2408, cls: AQWorlds.mcSkel)
Exported frame 1356/1837 DefineSprite (chid: 2408, cls: AQWorlds.mcSkel)
Exported frame 1357/1837 DefineSprite (chid: 2408, cls: AQWorlds.mcSkel)
Exported frame 1358/1837 DefineSprite (chid: 2408, cls: AQWorlds.mcSkel)
Exported frame 1359/1837 DefineSprite (chid: 2408, cls: AQWorlds.mcSkel)
Exported frame 1360/1837 DefineSprite (chid: 2408, cls: AQWorlds.mcSkel)
Exported frame 1361/1837 DefineSprite (chid: 2408, cls: AQWorlds.mcSkel)
Exported frame 1362/1837 DefineSprite (chid: 2408, cls: AQWorlds.mcSkel)
Exported frame 1363/1837 DefineSprite (chid: 2408, cls: AQWorlds.mcSkel)
Exported frame 1364/1837 DefineSprite (chid: 2408, cls: AQWorlds.mcSkel)
Exported frame 1365/1837 DefineSprite (chid: 2408, cls: AQWorlds.mcSkel)
Exported frame 1366/1837 DefineSprite (chid: 2408, cls: AQWorlds.mcSkel)
Exported frame 1367/1837 DefineSprite (chid: 2408, cls: AQWorlds.mcSkel)
Exported frame 1368/1837 DefineSprite (chid: 2408, cls: AQWorlds.mcSkel)
Exported frame 1369/1837 DefineSprite (chid: 2408, cls: AQWorlds.mcSkel)
Exported frame 1370/1837 DefineSprite (chid: 2408, cls: AQWorlds.mcSkel)
Exported frame 1371/1837 DefineSprite (chid: 2408, cls: AQWorlds.mcSkel)
Exported frame 1372/1837 DefineSprite (chid: 2408, cls: AQWorlds.mcSkel)
Exported frame 1373/1837 DefineSprite (chid: 2408, cls: AQWorlds.mcSkel)
Exported frame 1374/1837 DefineSprite (chid: 2408, cls: AQWorlds.mcSkel)
Exported frame 1375/1837 DefineSprite (chid: 2408, cls: AQWorlds.mcSkel)
Exported frame 1376/1837 DefineSprite (chid: 2408, cls: AQWorlds.mcSkel)
Exported frame 1377/1837 DefineSprite (chid: 2408, cls: AQWorlds.mcSkel)
Exported frame 1378/1837 DefineSprite (chid: 2408, cls: AQWorlds.mcSkel)
Exported frame 1379/1837 DefineSprite (chid: 2408, cls: AQWorlds.mcSkel)
Exported frame 1380/1837 DefineSprite (chid: 2408, cls: AQWorlds.mcSkel)
Exported frame 1381/1837 DefineSprite (chid: 2408, cls: AQWorlds.mcSkel)
Exported frame 1382/1837 DefineSprite (chid: 2408, cls: AQWorlds.mcSkel)
Exported frame 1383/1837 DefineSprite (chid: 2408, cls: AQWorlds.mcSkel)
Exported frame 1384/1837 DefineSprite (chid: 2408, cls: AQWorlds.mcSkel)
Exported frame 1385/1837 DefineSprite (chid: 2408, cls: AQWorlds.mcSkel)
Exported frame 1386/1837 DefineSprite (chid: 2408, cls: AQWorlds.mcSkel)
Exported frame 1387/1837 DefineSprite (chid: 2408, cls: AQWorlds.mcSkel)
Exported frame 1388/1837 DefineSprite (chid: 2408, cls: AQWorlds.mcSkel)
Exported frame 1389/1837 DefineSprite (chid: 2408, cls: AQWorlds.mcSkel)
Exported frame 1390/1837 DefineSprite (chid: 2408, cls: AQWorlds.mcSkel)
Exported frame 1391/1837 DefineSprite (chid: 2408, cls: AQWorlds.mcSkel)
Exported frame 1392/1837 DefineSprite (chid: 2408, cls: AQWorlds.mcSkel)
Exported frame 1393/1837 DefineSprite (chid: 2408, cls: AQWorlds.mcSkel)
Exported frame 1394/1837 DefineSprite (chid: 2408, cls: AQWorlds.mcSkel)
Exported frame 1395/1837 DefineSprite (chid: 2408, cls: AQWorlds.mcSkel)
Exported frame 1396/1837 DefineSprite (chid: 2408, cls: AQWorlds.mcSkel)
Exported frame 1397/1837 DefineSprite (chid: 2408, cls: AQWorlds.mcSkel)
Exported frame 1398/1837 DefineSprite (chid: 2408, cls: AQWorlds.mcSkel)
Exported frame 1399/1837 DefineSprite (chid: 2408, cls: AQWorlds.mcSkel)
Exported frame 1400/1837 DefineSprite (chid: 2408, cls: AQWorlds.mcSkel)
Exported frame 1401/1837 DefineSprite (chid: 2408, cls: AQWorlds.mcSkel)
Exported frame 1402/1837 DefineSprite (chid: 2408, cls: AQWorlds.mcSkel)
Exported frame 1403/1837 DefineSprite (chid: 2408, cls: AQWorlds.mcSkel)
Exported frame 1404/1837 DefineSprite (chid: 2408, cls: AQWorlds.mcSkel)
Exported frame 1405/1837 DefineSprite (chid: 2408, cls: AQWorlds.mcSkel)
Exported frame 1406/1837 DefineSprite (chid: 2408, cls: AQWorlds.mcSkel)
Exported frame 1407/1837 DefineSprite (chid: 2408, cls: AQWorlds.mcSkel)
Exported frame 1408/1837 DefineSprite (chid: 2408, cls: AQWorlds.mcSkel)
Exported frame 1409/1837 DefineSprite (chid: 2408, cls: AQWorlds.mcSkel)
Exported frame 1410/1837 DefineSprite (chid: 2408, cls: AQWorlds.mcSkel)
Exported frame 1411/1837 DefineSprite (chid: 2408, cls: AQWorlds.mcSkel)
Exported frame 1412/1837 DefineSprite (chid: 2408, cls: AQWorlds.mcSkel)
Exported frame 1413/1837 DefineSprite (chid: 2408, cls: AQWorlds.mcSkel)
Exported frame 1414/1837 DefineSprite (chid: 2408, cls: AQWorlds.mcSkel)
Exported frame 1415/1837 DefineSprite (chid: 2408, cls: AQWorlds.mcSkel)
Exported frame 1416/1837 DefineSprite (chid: 2408, cls: AQWorlds.mcSkel)
Exported frame 1417/1837 DefineSprite (chid: 2408, cls: AQWorlds.mcSkel)
Exported frame 1418/1837 DefineSprite (chid: 2408, cls: AQWorlds.mcSkel)
Exported frame 1419/1837 DefineSprite (chid: 2408, cls: AQWorlds.mcSkel)
Exported frame 1420/1837 DefineSprite (chid: 2408, cls: AQWorlds.mcSkel)
Exported frame 1421/1837 DefineSprite (chid: 2408, cls: AQWorlds.mcSkel)
Exported frame 1422/1837 DefineSprite (chid: 2408, cls: AQWorlds.mcSkel)
Exported frame 1423/1837 DefineSprite (chid: 2408, cls: AQWorlds.mcSkel)
Exported frame 1424/1837 DefineSprite (chid: 2408, cls: AQWorlds.mcSkel)
Exported frame 1425/1837 DefineSprite (chid: 2408, cls: AQWorlds.mcSkel)
Exported frame 1426/1837 DefineSprite (chid: 2408, cls: AQWorlds.mcSkel)
Exported frame 1427/1837 DefineSprite (chid: 2408, cls: AQWorlds.mcSkel)
Exported frame 1428/1837 DefineSprite (chid: 2408, cls: AQWorlds.mcSkel)
Exported frame 1429/1837 DefineSprite (chid: 2408, cls: AQWorlds.mcSkel)
Exported frame 1430/1837 DefineSprite (chid: 2408, cls: AQWorlds.mcSkel)
Exported frame 1431/1837 DefineSprite (chid: 2408, cls: AQWorlds.mcSkel)
Exported frame 1432/1837 DefineSprite (chid: 2408, cls: AQWorlds.mcSkel)
Exported frame 1433/1837 DefineSprite (chid: 2408, cls: AQWorlds.mcSkel)
Exported frame 1434/1837 DefineSprite (chid: 2408, cls: AQWorlds.mcSkel)
Exported frame 1435/1837 DefineSprite (chid: 2408, cls: AQWorlds.mcSkel)
Exported frame 1436/1837 DefineSprite (chid: 2408, cls: AQWorlds.mcSkel)
Exported frame 1437/1837 DefineSprite (chid: 2408, cls: AQWorlds.mcSkel)
Exported frame 1438/1837 DefineSprite (chid: 2408, cls: AQWorlds.mcSkel)
Exported frame 1439/1837 DefineSprite (chid: 2408, cls: AQWorlds.mcSkel)
Exported frame 1440/1837 DefineSprite (chid: 2408, cls: AQWorlds.mcSkel)
Exported frame 1441/1837 DefineSprite (chid: 2408, cls: AQWorlds.mcSkel)
Exported frame 1442/1837 DefineSprite (chid: 2408, cls: AQWorlds.mcSkel)
Exported frame 1443/1837 DefineSprite (chid: 2408, cls: AQWorlds.mcSkel)
Exported frame 1444/1837 DefineSprite (chid: 2408, cls: AQWorlds.mcSkel)
Exported frame 1445/1837 DefineSprite (chid: 2408, cls: AQWorlds.mcSkel)
Exported frame 1446/1837 DefineSprite (chid: 2408, cls: AQWorlds.mcSkel)
Exported frame 1447/1837 DefineSprite (chid: 2408, cls: AQWorlds.mcSkel)
Exported frame 1448/1837 DefineSprite (chid: 2408, cls: AQWorlds.mcSkel)
Exported frame 1449/1837 DefineSprite (chid: 2408, cls: AQWorlds.mcSkel)
Exported frame 1450/1837 DefineSprite (chid: 2408, cls: AQWorlds.mcSkel)
Exported frame 1451/1837 DefineSprite (chid: 2408, cls: AQWorlds.mcSkel)
Exported frame 1452/1837 DefineSprite (chid: 2408, cls: AQWorlds.mcSkel)
Exported frame 1453/1837 DefineSprite (chid: 2408, cls: AQWorlds.mcSkel)
Exported frame 1454/1837 DefineSprite (chid: 2408, cls: AQWorlds.mcSkel)
Exported frame 1455/1837 DefineSprite (chid: 2408, cls: AQWorlds.mcSkel)
Exported frame 1456/1837 DefineSprite (chid: 2408, cls: AQWorlds.mcSkel)
Exported frame 1457/1837 DefineSprite (chid: 2408, cls: AQWorlds.mcSkel)
Exported frame 1458/1837 DefineSprite (chid: 2408, cls: AQWorlds.mcSkel)
Exported frame 1459/1837 DefineSprite (chid: 2408, cls: AQWorlds.mcSkel)
Exported frame 1460/1837 DefineSprite (chid: 2408, cls: AQWorlds.mcSkel)
Exported frame 1461/1837 DefineSprite (chid: 2408, cls: AQWorlds.mcSkel)
Exported frame 1462/1837 DefineSprite (chid: 2408, cls: AQWorlds.mcSkel)
Exported frame 1463/1837 DefineSprite (chid: 2408, cls: AQWorlds.mcSkel)
Exported frame 1464/1837 DefineSprite (chid: 2408, cls: AQWorlds.mcSkel)
Exported frame 1465/1837 DefineSprite (chid: 2408, cls: AQWorlds.mcSkel)
Exported frame 1466/1837 DefineSprite (chid: 2408, cls: AQWorlds.mcSkel)
Exported frame 1467/1837 DefineSprite (chid: 2408, cls: AQWorlds.mcSkel)
Exported frame 1468/1837 DefineSprite (chid: 2408, cls: AQWorlds.mcSkel)
Exported frame 1469/1837 DefineSprite (chid: 2408, cls: AQWorlds.mcSkel)
Exported frame 1470/1837 DefineSprite (chid: 2408, cls: AQWorlds.mcSkel)
Exported frame 1471/1837 DefineSprite (chid: 2408, cls: AQWorlds.mcSkel)
Exported frame 1472/1837 DefineSprite (chid: 2408, cls: AQWorlds.mcSkel)
Exported frame 1473/1837 DefineSprite (chid: 2408, cls: AQWorlds.mcSkel)
Exported frame 1474/1837 DefineSprite (chid: 2408, cls: AQWorlds.mcSkel)
Exported frame 1475/1837 DefineSprite (chid: 2408, cls: AQWorlds.mcSkel)
Exported frame 1476/1837 DefineSprite (chid: 2408, cls: AQWorlds.mcSkel)
Exported frame 1477/1837 DefineSprite (chid: 2408, cls: AQWorlds.mcSkel)
Exported frame 1478/1837 DefineSprite (chid: 2408, cls: AQWorlds.mcSkel)
Exported frame 1479/1837 DefineSprite (chid: 2408, cls: AQWorlds.mcSkel)
Exported frame 1480/1837 DefineSprite (chid: 2408, cls: AQWorlds.mcSkel)
Exported frame 1481/1837 DefineSprite (chid: 2408, cls: AQWorlds.mcSkel)
Exported frame 1482/1837 DefineSprite (chid: 2408, cls: AQWorlds.mcSkel)
Exported frame 1483/1837 DefineSprite (chid: 2408, cls: AQWorlds.mcSkel)
Exported frame 1484/1837 DefineSprite (chid: 2408, cls: AQWorlds.mcSkel)
Exported frame 1485/1837 DefineSprite (chid: 2408, cls: AQWorlds.mcSkel)
Exported frame 1486/1837 DefineSprite (chid: 2408, cls: AQWorlds.mcSkel)
Exported frame 1487/1837 DefineSprite (chid: 2408, cls: AQWorlds.mcSkel)
Exported frame 1488/1837 DefineSprite (chid: 2408, cls: AQWorlds.mcSkel)
Exported frame 1489/1837 DefineSprite (chid: 2408, cls: AQWorlds.mcSkel)
Exported frame 1490/1837 DefineSprite (chid: 2408, cls: AQWorlds.mcSkel)
Exported frame 1491/1837 DefineSprite (chid: 2408, cls: AQWorlds.mcSkel)
Exported frame 1492/1837 DefineSprite (chid: 2408, cls: AQWorlds.mcSkel)
Exported frame 1493/1837 DefineSprite (chid: 2408, cls: AQWorlds.mcSkel)
Exported frame 1494/1837 DefineSprite (chid: 2408, cls: AQWorlds.mcSkel)
Exported frame 1495/1837 DefineSprite (chid: 2408, cls: AQWorlds.mcSkel)
Exported frame 1496/1837 DefineSprite (chid: 2408, cls: AQWorlds.mcSkel)
Exported frame 1497/1837 DefineSprite (chid: 2408, cls: AQWorlds.mcSkel)
Exported frame 1498/1837 DefineSprite (chid: 2408, cls: AQWorlds.mcSkel)
Exported frame 1499/1837 DefineSprite (chid: 2408, cls: AQWorlds.mcSkel)
Exported frame 1500/1837 DefineSprite (chid: 2408, cls: AQWorlds.mcSkel)
Exported frame 1501/1837 DefineSprite (chid: 2408, cls: AQWorlds.mcSkel)
Exported frame 1502/1837 DefineSprite (chid: 2408, cls: AQWorlds.mcSkel)
Exported frame 1503/1837 DefineSprite (chid: 2408, cls: AQWorlds.mcSkel)
Exported frame 1504/1837 DefineSprite (chid: 2408, cls: AQWorlds.mcSkel)
Exported frame 1505/1837 DefineSprite (chid: 2408, cls: AQWorlds.mcSkel)
Exported frame 1506/1837 DefineSprite (chid: 2408, cls: AQWorlds.mcSkel)
Exported frame 1507/1837 DefineSprite (chid: 2408, cls: AQWorlds.mcSkel)
Exported frame 1508/1837 DefineSprite (chid: 2408, cls: AQWorlds.mcSkel)
Exported frame 1509/1837 DefineSprite (chid: 2408, cls: AQWorlds.mcSkel)
Exported frame 1510/1837 DefineSprite (chid: 2408, cls: AQWorlds.mcSkel)
Exported frame 1511/1837 DefineSprite (chid: 2408, cls: AQWorlds.mcSkel)
Exported frame 1512/1837 DefineSprite (chid: 2408, cls: AQWorlds.mcSkel)
Exported frame 1513/1837 DefineSprite (chid: 2408, cls: AQWorlds.mcSkel)
Exported frame 1514/1837 DefineSprite (chid: 2408, cls: AQWorlds.mcSkel)
Exported frame 1515/1837 DefineSprite (chid: 2408, cls: AQWorlds.mcSkel)
Exported frame 1516/1837 DefineSprite (chid: 2408, cls: AQWorlds.mcSkel)
Exported frame 1517/1837 DefineSprite (chid: 2408, cls: AQWorlds.mcSkel)
Exported frame 1518/1837 DefineSprite (chid: 2408, cls: AQWorlds.mcSkel)
Exported frame 1519/1837 DefineSprite (chid: 2408, cls: AQWorlds.mcSkel)
Exported frame 1520/1837 DefineSprite (chid: 2408, cls: AQWorlds.mcSkel)
Exported frame 1521/1837 DefineSprite (chid: 2408, cls: AQWorlds.mcSkel)
Exported frame 1522/1837 DefineSprite (chid: 2408, cls: AQWorlds.mcSkel)
Exported frame 1523/1837 DefineSprite (chid: 2408, cls: AQWorlds.mcSkel)
Exported frame 1524/1837 DefineSprite (chid: 2408, cls: AQWorlds.mcSkel)
Exported frame 1525/1837 DefineSprite (chid: 2408, cls: AQWorlds.mcSkel)
Exported frame 1526/1837 DefineSprite (chid: 2408, cls: AQWorlds.mcSkel)
Exported frame 1527/1837 DefineSprite (chid: 2408, cls: AQWorlds.mcSkel)
Exported frame 1528/1837 DefineSprite (chid: 2408, cls: AQWorlds.mcSkel)
Exported frame 1529/1837 DefineSprite (chid: 2408, cls: AQWorlds.mcSkel)
Exported frame 1530/1837 DefineSprite (chid: 2408, cls: AQWorlds.mcSkel)
Exported frame 1531/1837 DefineSprite (chid: 2408, cls: AQWorlds.mcSkel)
Exported frame 1532/1837 DefineSprite (chid: 2408, cls: AQWorlds.mcSkel)
Exported frame 1533/1837 DefineSprite (chid: 2408, cls: AQWorlds.mcSkel)
Exported frame 1534/1837 DefineSprite (chid: 2408, cls: AQWorlds.mcSkel)
Exported frame 1535/1837 DefineSprite (chid: 2408, cls: AQWorlds.mcSkel)
Exported frame 1536/1837 DefineSprite (chid: 2408, cls: AQWorlds.mcSkel)
Exported frame 1537/1837 DefineSprite (chid: 2408, cls: AQWorlds.mcSkel)
Exported frame 1538/1837 DefineSprite (chid: 2408, cls: AQWorlds.mcSkel)
Exported frame 1539/1837 DefineSprite (chid: 2408, cls: AQWorlds.mcSkel)
Exported frame 1540/1837 DefineSprite (chid: 2408, cls: AQWorlds.mcSkel)
Exported frame 1541/1837 DefineSprite (chid: 2408, cls: AQWorlds.mcSkel)
Exported frame 1542/1837 DefineSprite (chid: 2408, cls: AQWorlds.mcSkel)
Exported frame 1543/1837 DefineSprite (chid: 2408, cls: AQWorlds.mcSkel)
Exported frame 1544/1837 DefineSprite (chid: 2408, cls: AQWorlds.mcSkel)
Exported frame 1545/1837 DefineSprite (chid: 2408, cls: AQWorlds.mcSkel)
Exported frame 1546/1837 DefineSprite (chid: 2408, cls: AQWorlds.mcSkel)
Exported frame 1547/1837 DefineSprite (chid: 2408, cls: AQWorlds.mcSkel)
Exported frame 1548/1837 DefineSprite (chid: 2408, cls: AQWorlds.mcSkel)
Exported frame 1549/1837 DefineSprite (chid: 2408, cls: AQWorlds.mcSkel)
Exported frame 1550/1837 DefineSprite (chid: 2408, cls: AQWorlds.mcSkel)
Exported frame 1551/1837 DefineSprite (chid: 2408, cls: AQWorlds.mcSkel)
Exported frame 1552/1837 DefineSprite (chid: 2408, cls: AQWorlds.mcSkel)
Exported frame 1553/1837 DefineSprite (chid: 2408, cls: AQWorlds.mcSkel)
Exported frame 1554/1837 DefineSprite (chid: 2408, cls: AQWorlds.mcSkel)
Exported frame 1555/1837 DefineSprite (chid: 2408, cls: AQWorlds.mcSkel)
Exported frame 1556/1837 DefineSprite (chid: 2408, cls: AQWorlds.mcSkel)
Exported frame 1557/1837 DefineSprite (chid: 2408, cls: AQWorlds.mcSkel)
Exported frame 1558/1837 DefineSprite (chid: 2408, cls: AQWorlds.mcSkel)
Exported frame 1559/1837 DefineSprite (chid: 2408, cls: AQWorlds.mcSkel)
Exported frame 1560/1837 DefineSprite (chid: 2408, cls: AQWorlds.mcSkel)
Exported frame 1561/1837 DefineSprite (chid: 2408, cls: AQWorlds.mcSkel)
Exported frame 1562/1837 DefineSprite (chid: 2408, cls: AQWorlds.mcSkel)
Exported frame 1563/1837 DefineSprite (chid: 2408, cls: AQWorlds.mcSkel)
Exported frame 1564/1837 DefineSprite (chid: 2408, cls: AQWorlds.mcSkel)
Exported frame 1565/1837 DefineSprite (chid: 2408, cls: AQWorlds.mcSkel)
Exported frame 1566/1837 DefineSprite (chid: 2408, cls: AQWorlds.mcSkel)
Exported frame 1567/1837 DefineSprite (chid: 2408, cls: AQWorlds.mcSkel)
Exported frame 1568/1837 DefineSprite (chid: 2408, cls: AQWorlds.mcSkel)
Exported frame 1569/1837 DefineSprite (chid: 2408, cls: AQWorlds.mcSkel)
Exported frame 1570/1837 DefineSprite (chid: 2408, cls: AQWorlds.mcSkel)
Exported frame 1571/1837 DefineSprite (chid: 2408, cls: AQWorlds.mcSkel)
Exported frame 1572/1837 DefineSprite (chid: 2408, cls: AQWorlds.mcSkel)
Exported frame 1573/1837 DefineSprite (chid: 2408, cls: AQWorlds.mcSkel)
Exported frame 1574/1837 DefineSprite (chid: 2408, cls: AQWorlds.mcSkel)
Exported frame 1575/1837 DefineSprite (chid: 2408, cls: AQWorlds.mcSkel)
Exported frame 1576/1837 DefineSprite (chid: 2408, cls: AQWorlds.mcSkel)
Exported frame 1577/1837 DefineSprite (chid: 2408, cls: AQWorlds.mcSkel)
Exported frame 1578/1837 DefineSprite (chid: 2408, cls: AQWorlds.mcSkel)
Exported frame 1579/1837 DefineSprite (chid: 2408, cls: AQWorlds.mcSkel)
Exported frame 1580/1837 DefineSprite (chid: 2408, cls: AQWorlds.mcSkel)
Exported frame 1581/1837 DefineSprite (chid: 2408, cls: AQWorlds.mcSkel)
Exported frame 1582/1837 DefineSprite (chid: 2408, cls: AQWorlds.mcSkel)
Exported frame 1583/1837 DefineSprite (chid: 2408, cls: AQWorlds.mcSkel)
Exported frame 1584/1837 DefineSprite (chid: 2408, cls: AQWorlds.mcSkel)
Exported frame 1585/1837 DefineSprite (chid: 2408, cls: AQWorlds.mcSkel)
Exported frame 1586/1837 DefineSprite (chid: 2408, cls: AQWorlds.mcSkel)
Exported frame 1587/1837 DefineSprite (chid: 2408, cls: AQWorlds.mcSkel)
Exported frame 1588/1837 DefineSprite (chid: 2408, cls: AQWorlds.mcSkel)
Exported frame 1589/1837 DefineSprite (chid: 2408, cls: AQWorlds.mcSkel)
Exported frame 1590/1837 DefineSprite (chid: 2408, cls: AQWorlds.mcSkel)
Exported frame 1591/1837 DefineSprite (chid: 2408, cls: AQWorlds.mcSkel)
Exported frame 1592/1837 DefineSprite (chid: 2408, cls: AQWorlds.mcSkel)
Exported frame 1593/1837 DefineSprite (chid: 2408, cls: AQWorlds.mcSkel)
Exported frame 1594/1837 DefineSprite (chid: 2408, cls: AQWorlds.mcSkel)
Exported frame 1595/1837 DefineSprite (chid: 2408, cls: AQWorlds.mcSkel)
Exported frame 1596/1837 DefineSprite (chid: 2408, cls: AQWorlds.mcSkel)
Exported frame 1597/1837 DefineSprite (chid: 2408, cls: AQWorlds.mcSkel)
Exported frame 1598/1837 DefineSprite (chid: 2408, cls: AQWorlds.mcSkel)
Exported frame 1599/1837 DefineSprite (chid: 2408, cls: AQWorlds.mcSkel)
Exported frame 1600/1837 DefineSprite (chid: 2408, cls: AQWorlds.mcSkel)
Exported frame 1601/1837 DefineSprite (chid: 2408, cls: AQWorlds.mcSkel)
Exported frame 1602/1837 DefineSprite (chid: 2408, cls: AQWorlds.mcSkel)
Exported frame 1603/1837 DefineSprite (chid: 2408, cls: AQWorlds.mcSkel)
Exported frame 1604/1837 DefineSprite (chid: 2408, cls: AQWorlds.mcSkel)
Exported frame 1605/1837 DefineSprite (chid: 2408, cls: AQWorlds.mcSkel)
Exported frame 1606/1837 DefineSprite (chid: 2408, cls: AQWorlds.mcSkel)
Exported frame 1607/1837 DefineSprite (chid: 2408, cls: AQWorlds.mcSkel)
Exported frame 1608/1837 DefineSprite (chid: 2408, cls: AQWorlds.mcSkel)
Exported frame 1609/1837 DefineSprite (chid: 2408, cls: AQWorlds.mcSkel)
Exported frame 1610/1837 DefineSprite (chid: 2408, cls: AQWorlds.mcSkel)
Exported frame 1611/1837 DefineSprite (chid: 2408, cls: AQWorlds.mcSkel)
Exported frame 1612/1837 DefineSprite (chid: 2408, cls: AQWorlds.mcSkel)
Exported frame 1613/1837 DefineSprite (chid: 2408, cls: AQWorlds.mcSkel)
Exported frame 1614/1837 DefineSprite (chid: 2408, cls: AQWorlds.mcSkel)
Exported frame 1615/1837 DefineSprite (chid: 2408, cls: AQWorlds.mcSkel)
Exported frame 1616/1837 DefineSprite (chid: 2408, cls: AQWorlds.mcSkel)
Exported frame 1617/1837 DefineSprite (chid: 2408, cls: AQWorlds.mcSkel)
Exported frame 1618/1837 DefineSprite (chid: 2408, cls: AQWorlds.mcSkel)
Exported frame 1619/1837 DefineSprite (chid: 2408, cls: AQWorlds.mcSkel)
Exported frame 1620/1837 DefineSprite (chid: 2408, cls: AQWorlds.mcSkel)
Exported frame 1621/1837 DefineSprite (chid: 2408, cls: AQWorlds.mcSkel)
Exported frame 1622/1837 DefineSprite (chid: 2408, cls: AQWorlds.mcSkel)
Exported frame 1623/1837 DefineSprite (chid: 2408, cls: AQWorlds.mcSkel)
Exported frame 1624/1837 DefineSprite (chid: 2408, cls: AQWorlds.mcSkel)
Exported frame 1625/1837 DefineSprite (chid: 2408, cls: AQWorlds.mcSkel)
Exported frame 1626/1837 DefineSprite (chid: 2408, cls: AQWorlds.mcSkel)
Exported frame 1627/1837 DefineSprite (chid: 2408, cls: AQWorlds.mcSkel)
Exported frame 1628/1837 DefineSprite (chid: 2408, cls: AQWorlds.mcSkel)
Exported frame 1629/1837 DefineSprite (chid: 2408, cls: AQWorlds.mcSkel)
Exported frame 1630/1837 DefineSprite (chid: 2408, cls: AQWorlds.mcSkel)
Exported frame 1631/1837 DefineSprite (chid: 2408, cls: AQWorlds.mcSkel)
Exported frame 1632/1837 DefineSprite (chid: 2408, cls: AQWorlds.mcSkel)
Exported frame 1633/1837 DefineSprite (chid: 2408, cls: AQWorlds.mcSkel)
Exported frame 1634/1837 DefineSprite (chid: 2408, cls: AQWorlds.mcSkel)
Exported frame 1635/1837 DefineSprite (chid: 2408, cls: AQWorlds.mcSkel)
Exported frame 1636/1837 DefineSprite (chid: 2408, cls: AQWorlds.mcSkel)
Exported frame 1637/1837 DefineSprite (chid: 2408, cls: AQWorlds.mcSkel)
Exported frame 1638/1837 DefineSprite (chid: 2408, cls: AQWorlds.mcSkel)
Exported frame 1639/1837 DefineSprite (chid: 2408, cls: AQWorlds.mcSkel)
Exported frame 1640/1837 DefineSprite (chid: 2408, cls: AQWorlds.mcSkel)
Exported frame 1641/1837 DefineSprite (chid: 2408, cls: AQWorlds.mcSkel)
Exported frame 1642/1837 DefineSprite (chid: 2408, cls: AQWorlds.mcSkel)
Exported frame 1643/1837 DefineSprite (chid: 2408, cls: AQWorlds.mcSkel)
Exported frame 1644/1837 DefineSprite (chid: 2408, cls: AQWorlds.mcSkel)
Exported frame 1645/1837 DefineSprite (chid: 2408, cls: AQWorlds.mcSkel)
Exported frame 1646/1837 DefineSprite (chid: 2408, cls: AQWorlds.mcSkel)
Exported frame 1647/1837 DefineSprite (chid: 2408, cls: AQWorlds.mcSkel)
Exported frame 1648/1837 DefineSprite (chid: 2408, cls: AQWorlds.mcSkel)
Exported frame 1649/1837 DefineSprite (chid: 2408, cls: AQWorlds.mcSkel)
Exported frame 1650/1837 DefineSprite (chid: 2408, cls: AQWorlds.mcSkel)
Exported frame 1651/1837 DefineSprite (chid: 2408, cls: AQWorlds.mcSkel)
Exported frame 1652/1837 DefineSprite (chid: 2408, cls: AQWorlds.mcSkel)
Exported frame 1653/1837 DefineSprite (chid: 2408, cls: AQWorlds.mcSkel)
Exported frame 1654/1837 DefineSprite (chid: 2408, cls: AQWorlds.mcSkel)
Exported frame 1655/1837 DefineSprite (chid: 2408, cls: AQWorlds.mcSkel)
Exported frame 1656/1837 DefineSprite (chid: 2408, cls: AQWorlds.mcSkel)
Exported frame 1657/1837 DefineSprite (chid: 2408, cls: AQWorlds.mcSkel)
Exported frame 1658/1837 DefineSprite (chid: 2408, cls: AQWorlds.mcSkel)
Exported frame 1659/1837 DefineSprite (chid: 2408, cls: AQWorlds.mcSkel)
Exported frame 1660/1837 DefineSprite (chid: 2408, cls: AQWorlds.mcSkel)
Exported frame 1661/1837 DefineSprite (chid: 2408, cls: AQWorlds.mcSkel)
Exported frame 1662/1837 DefineSprite (chid: 2408, cls: AQWorlds.mcSkel)
Exported frame 1663/1837 DefineSprite (chid: 2408, cls: AQWorlds.mcSkel)
Exported frame 1664/1837 DefineSprite (chid: 2408, cls: AQWorlds.mcSkel)
Exported frame 1665/1837 DefineSprite (chid: 2408, cls: AQWorlds.mcSkel)
Exported frame 1666/1837 DefineSprite (chid: 2408, cls: AQWorlds.mcSkel)
Exported frame 1667/1837 DefineSprite (chid: 2408, cls: AQWorlds.mcSkel)
Exported frame 1668/1837 DefineSprite (chid: 2408, cls: AQWorlds.mcSkel)
Exported frame 1669/1837 DefineSprite (chid: 2408, cls: AQWorlds.mcSkel)
Exported frame 1670/1837 DefineSprite (chid: 2408, cls: AQWorlds.mcSkel)
Exported frame 1671/1837 DefineSprite (chid: 2408, cls: AQWorlds.mcSkel)
Exported frame 1672/1837 DefineSprite (chid: 2408, cls: AQWorlds.mcSkel)
Exported frame 1673/1837 DefineSprite (chid: 2408, cls: AQWorlds.mcSkel)
Exported frame 1674/1837 DefineSprite (chid: 2408, cls: AQWorlds.mcSkel)
Exported frame 1675/1837 DefineSprite (chid: 2408, cls: AQWorlds.mcSkel)
Exported frame 1676/1837 DefineSprite (chid: 2408, cls: AQWorlds.mcSkel)
Exported frame 1677/1837 DefineSprite (chid: 2408, cls: AQWorlds.mcSkel)
Exported frame 1678/1837 DefineSprite (chid: 2408, cls: AQWorlds.mcSkel)
Exported frame 1679/1837 DefineSprite (chid: 2408, cls: AQWorlds.mcSkel)
Exported frame 1680/1837 DefineSprite (chid: 2408, cls: AQWorlds.mcSkel)
Exported frame 1681/1837 DefineSprite (chid: 2408, cls: AQWorlds.mcSkel)
Exported frame 1682/1837 DefineSprite (chid: 2408, cls: AQWorlds.mcSkel)
Exported frame 1683/1837 DefineSprite (chid: 2408, cls: AQWorlds.mcSkel)
Exported frame 1684/1837 DefineSprite (chid: 2408, cls: AQWorlds.mcSkel)
Exported frame 1685/1837 DefineSprite (chid: 2408, cls: AQWorlds.mcSkel)
Exported frame 1686/1837 DefineSprite (chid: 2408, cls: AQWorlds.mcSkel)
Exported frame 1687/1837 DefineSprite (chid: 2408, cls: AQWorlds.mcSkel)
Exported frame 1688/1837 DefineSprite (chid: 2408, cls: AQWorlds.mcSkel)
Exported frame 1689/1837 DefineSprite (chid: 2408, cls: AQWorlds.mcSkel)
Exported frame 1690/1837 DefineSprite (chid: 2408, cls: AQWorlds.mcSkel)
Exported frame 1691/1837 DefineSprite (chid: 2408, cls: AQWorlds.mcSkel)
Exported frame 1692/1837 DefineSprite (chid: 2408, cls: AQWorlds.mcSkel)
Exported frame 1693/1837 DefineSprite (chid: 2408, cls: AQWorlds.mcSkel)
Exported frame 1694/1837 DefineSprite (chid: 2408, cls: AQWorlds.mcSkel)
Exported frame 1695/1837 DefineSprite (chid: 2408, cls: AQWorlds.mcSkel)
Exported frame 1696/1837 DefineSprite (chid: 2408, cls: AQWorlds.mcSkel)
Exported frame 1697/1837 DefineSprite (chid: 2408, cls: AQWorlds.mcSkel)
Exported frame 1698/1837 DefineSprite (chid: 2408, cls: AQWorlds.mcSkel)
Exported frame 1699/1837 DefineSprite (chid: 2408, cls: AQWorlds.mcSkel)
Exported frame 1700/1837 DefineSprite (chid: 2408, cls: AQWorlds.mcSkel)
Exported frame 1701/1837 DefineSprite (chid: 2408, cls: AQWorlds.mcSkel)
Exported frame 1702/1837 DefineSprite (chid: 2408, cls: AQWorlds.mcSkel)
Exported frame 1703/1837 DefineSprite (chid: 2408, cls: AQWorlds.mcSkel)
Exported frame 1704/1837 DefineSprite (chid: 2408, cls: AQWorlds.mcSkel)
Exported frame 1705/1837 DefineSprite (chid: 2408, cls: AQWorlds.mcSkel)
Exported frame 1706/1837 DefineSprite (chid: 2408, cls: AQWorlds.mcSkel)
Exported frame 1707/1837 DefineSprite (chid: 2408, cls: AQWorlds.mcSkel)
Exported frame 1708/1837 DefineSprite (chid: 2408, cls: AQWorlds.mcSkel)
Exported frame 1709/1837 DefineSprite (chid: 2408, cls: AQWorlds.mcSkel)
Exported frame 1710/1837 DefineSprite (chid: 2408, cls: AQWorlds.mcSkel)
Exported frame 1711/1837 DefineSprite (chid: 2408, cls: AQWorlds.mcSkel)
Exported frame 1712/1837 DefineSprite (chid: 2408, cls: AQWorlds.mcSkel)
Exported frame 1713/1837 DefineSprite (chid: 2408, cls: AQWorlds.mcSkel)
Exported frame 1714/1837 DefineSprite (chid: 2408, cls: AQWorlds.mcSkel)
Exported frame 1715/1837 DefineSprite (chid: 2408, cls: AQWorlds.mcSkel)
Exported frame 1716/1837 DefineSprite (chid: 2408, cls: AQWorlds.mcSkel)
Exported frame 1717/1837 DefineSprite (chid: 2408, cls: AQWorlds.mcSkel)
Exported frame 1718/1837 DefineSprite (chid: 2408, cls: AQWorlds.mcSkel)
Exported frame 1719/1837 DefineSprite (chid: 2408, cls: AQWorlds.mcSkel)
Exported frame 1720/1837 DefineSprite (chid: 2408, cls: AQWorlds.mcSkel)
Exported frame 1721/1837 DefineSprite (chid: 2408, cls: AQWorlds.mcSkel)
Exported frame 1722/1837 DefineSprite (chid: 2408, cls: AQWorlds.mcSkel)
Exported frame 1723/1837 DefineSprite (chid: 2408, cls: AQWorlds.mcSkel)
Exported frame 1724/1837 DefineSprite (chid: 2408, cls: AQWorlds.mcSkel)
Exported frame 1725/1837 DefineSprite (chid: 2408, cls: AQWorlds.mcSkel)
Exported frame 1726/1837 DefineSprite (chid: 2408, cls: AQWorlds.mcSkel)
Exported frame 1727/1837 DefineSprite (chid: 2408, cls: AQWorlds.mcSkel)
Exported frame 1728/1837 DefineSprite (chid: 2408, cls: AQWorlds.mcSkel)
Exported frame 1729/1837 DefineSprite (chid: 2408, cls: AQWorlds.mcSkel)
Exported frame 1730/1837 DefineSprite (chid: 2408, cls: AQWorlds.mcSkel)
Exported frame 1731/1837 DefineSprite (chid: 2408, cls: AQWorlds.mcSkel)
Exported frame 1732/1837 DefineSprite (chid: 2408, cls: AQWorlds.mcSkel)
Exported frame 1733/1837 DefineSprite (chid: 2408, cls: AQWorlds.mcSkel)
Exported frame 1734/1837 DefineSprite (chid: 2408, cls: AQWorlds.mcSkel)
Exported frame 1735/1837 DefineSprite (chid: 2408, cls: AQWorlds.mcSkel)
Exported frame 1736/1837 DefineSprite (chid: 2408, cls: AQWorlds.mcSkel)
Exported frame 1737/1837 DefineSprite (chid: 2408, cls: AQWorlds.mcSkel)
Exported frame 1738/1837 DefineSprite (chid: 2408, cls: AQWorlds.mcSkel)
Exported frame 1739/1837 DefineSprite (chid: 2408, cls: AQWorlds.mcSkel)
Exported frame 1740/1837 DefineSprite (chid: 2408, cls: AQWorlds.mcSkel)
Exported frame 1741/1837 DefineSprite (chid: 2408, cls: AQWorlds.mcSkel)
Exported frame 1742/1837 DefineSprite (chid: 2408, cls: AQWorlds.mcSkel)
Exported frame 1743/1837 DefineSprite (chid: 2408, cls: AQWorlds.mcSkel)
Exported frame 1744/1837 DefineSprite (chid: 2408, cls: AQWorlds.mcSkel)
Exported frame 1745/1837 DefineSprite (chid: 2408, cls: AQWorlds.mcSkel)
Exported frame 1746/1837 DefineSprite (chid: 2408, cls: AQWorlds.mcSkel)
Exported frame 1747/1837 DefineSprite (chid: 2408, cls: AQWorlds.mcSkel)
Exported frame 1748/1837 DefineSprite (chid: 2408, cls: AQWorlds.mcSkel)
Exported frame 1749/1837 DefineSprite (chid: 2408, cls: AQWorlds.mcSkel)
Exported frame 1750/1837 DefineSprite (chid: 2408, cls: AQWorlds.mcSkel)
Exported frame 1751/1837 DefineSprite (chid: 2408, cls: AQWorlds.mcSkel)
Exported frame 1752/1837 DefineSprite (chid: 2408, cls: AQWorlds.mcSkel)
Exported frame 1753/1837 DefineSprite (chid: 2408, cls: AQWorlds.mcSkel)
Exported frame 1754/1837 DefineSprite (chid: 2408, cls: AQWorlds.mcSkel)
Exported frame 1755/1837 DefineSprite (chid: 2408, cls: AQWorlds.mcSkel)
Exported frame 1756/1837 DefineSprite (chid: 2408, cls: AQWorlds.mcSkel)
Exported frame 1757/1837 DefineSprite (chid: 2408, cls: AQWorlds.mcSkel)
Exported frame 1758/1837 DefineSprite (chid: 2408, cls: AQWorlds.mcSkel)
Exported frame 1759/1837 DefineSprite (chid: 2408, cls: AQWorlds.mcSkel)
Exported frame 1760/1837 DefineSprite (chid: 2408, cls: AQWorlds.mcSkel)
Exported frame 1761/1837 DefineSprite (chid: 2408, cls: AQWorlds.mcSkel)
Exported frame 1762/1837 DefineSprite (chid: 2408, cls: AQWorlds.mcSkel)
Exported frame 1763/1837 DefineSprite (chid: 2408, cls: AQWorlds.mcSkel)
Exported frame 1764/1837 DefineSprite (chid: 2408, cls: AQWorlds.mcSkel)
Exported frame 1765/1837 DefineSprite (chid: 2408, cls: AQWorlds.mcSkel)
Exported frame 1766/1837 DefineSprite (chid: 2408, cls: AQWorlds.mcSkel)
Exported frame 1767/1837 DefineSprite (chid: 2408, cls: AQWorlds.mcSkel)
Exported frame 1768/1837 DefineSprite (chid: 2408, cls: AQWorlds.mcSkel)
Exported frame 1769/1837 DefineSprite (chid: 2408, cls: AQWorlds.mcSkel)
Exported frame 1770/1837 DefineSprite (chid: 2408, cls: AQWorlds.mcSkel)
Exported frame 1771/1837 DefineSprite (chid: 2408, cls: AQWorlds.mcSkel)
Exported frame 1772/1837 DefineSprite (chid: 2408, cls: AQWorlds.mcSkel)
Exported frame 1773/1837 DefineSprite (chid: 2408, cls: AQWorlds.mcSkel)
Exported frame 1774/1837 DefineSprite (chid: 2408, cls: AQWorlds.mcSkel)
Exported frame 1775/1837 DefineSprite (chid: 2408, cls: AQWorlds.mcSkel)
Exported frame 1776/1837 DefineSprite (chid: 2408, cls: AQWorlds.mcSkel)
Exported frame 1777/1837 DefineSprite (chid: 2408, cls: AQWorlds.mcSkel)
Exported frame 1778/1837 DefineSprite (chid: 2408, cls: AQWorlds.mcSkel)
Exported frame 1779/1837 DefineSprite (chid: 2408, cls: AQWorlds.mcSkel)
Exported frame 1780/1837 DefineSprite (chid: 2408, cls: AQWorlds.mcSkel)
Exported frame 1781/1837 DefineSprite (chid: 2408, cls: AQWorlds.mcSkel)
Exported frame 1782/1837 DefineSprite (chid: 2408, cls: AQWorlds.mcSkel)
Exported frame 1783/1837 DefineSprite (chid: 2408, cls: AQWorlds.mcSkel)
Exported frame 1784/1837 DefineSprite (chid: 2408, cls: AQWorlds.mcSkel)
Exported frame 1785/1837 DefineSprite (chid: 2408, cls: AQWorlds.mcSkel)
Exported frame 1786/1837 DefineSprite (chid: 2408, cls: AQWorlds.mcSkel)
Exported frame 1787/1837 DefineSprite (chid: 2408, cls: AQWorlds.mcSkel)
Exported frame 1788/1837 DefineSprite (chid: 2408, cls: AQWorlds.mcSkel)
Exported frame 1789/1837 DefineSprite (chid: 2408, cls: AQWorlds.mcSkel)
Exported frame 1790/1837 DefineSprite (chid: 2408, cls: AQWorlds.mcSkel)
Exported frame 1791/1837 DefineSprite (chid: 2408, cls: AQWorlds.mcSkel)
Exported frame 1792/1837 DefineSprite (chid: 2408, cls: AQWorlds.mcSkel)
Exported frame 1793/1837 DefineSprite (chid: 2408, cls: AQWorlds.mcSkel)
Exported frame 1794/1837 DefineSprite (chid: 2408, cls: AQWorlds.mcSkel)
Exported frame 1795/1837 DefineSprite (chid: 2408, cls: AQWorlds.mcSkel)
Exported frame 1796/1837 DefineSprite (chid: 2408, cls: AQWorlds.mcSkel)
Exported frame 1797/1837 DefineSprite (chid: 2408, cls: AQWorlds.mcSkel)
Exported frame 1798/1837 DefineSprite (chid: 2408, cls: AQWorlds.mcSkel)
Exported frame 1799/1837 DefineSprite (chid: 2408, cls: AQWorlds.mcSkel)
Exported frame 1800/1837 DefineSprite (chid: 2408, cls: AQWorlds.mcSkel)
Exported frame 1801/1837 DefineSprite (chid: 2408, cls: AQWorlds.mcSkel)
Exported frame 1802/1837 DefineSprite (chid: 2408, cls: AQWorlds.mcSkel)
Exported frame 1803/1837 DefineSprite (chid: 2408, cls: AQWorlds.mcSkel)
Exported frame 1804/1837 DefineSprite (chid: 2408, cls: AQWorlds.mcSkel)
Exported frame 1805/1837 DefineSprite (chid: 2408, cls: AQWorlds.mcSkel)
Exported frame 1806/1837 DefineSprite (chid: 2408, cls: AQWorlds.mcSkel)
Exported frame 1807/1837 DefineSprite (chid: 2408, cls: AQWorlds.mcSkel)
Exported frame 1808/1837 DefineSprite (chid: 2408, cls: AQWorlds.mcSkel)
Exported frame 1809/1837 DefineSprite (chid: 2408, cls: AQWorlds.mcSkel)
Exported frame 1810/1837 DefineSprite (chid: 2408, cls: AQWorlds.mcSkel)
Exported frame 1811/1837 DefineSprite (chid: 2408, cls: AQWorlds.mcSkel)
Exported frame 1812/1837 DefineSprite (chid: 2408, cls: AQWorlds.mcSkel)
Exported frame 1813/1837 DefineSprite (chid: 2408, cls: AQWorlds.mcSkel)
Exported frame 1814/1837 DefineSprite (chid: 2408, cls: AQWorlds.mcSkel)
Exported frame 1815/1837 DefineSprite (chid: 2408, cls: AQWorlds.mcSkel)
Exported frame 1816/1837 DefineSprite (chid: 2408, cls: AQWorlds.mcSkel)
Exported frame 1817/1837 DefineSprite (chid: 2408, cls: AQWorlds.mcSkel)
Exported frame 1818/1837 DefineSprite (chid: 2408, cls: AQWorlds.mcSkel)
Exported frame 1819/1837 DefineSprite (chid: 2408, cls: AQWorlds.mcSkel)
Exported frame 1820/1837 DefineSprite (chid: 2408, cls: AQWorlds.mcSkel)
Exported frame 1821/1837 DefineSprite (chid: 2408, cls: AQWorlds.mcSkel)
Exported frame 1822/1837 DefineSprite (chid: 2408, cls: AQWorlds.mcSkel)
Exported frame 1823/1837 DefineSprite (chid: 2408, cls: AQWorlds.mcSkel)
Exported frame 1824/1837 DefineSprite (chid: 2408, cls: AQWorlds.mcSkel)
Exported frame 1825/1837 DefineSprite (chid: 2408, cls: AQWorlds.mcSkel)
Exported frame 1826/1837 DefineSprite (chid: 2408, cls: AQWorlds.mcSkel)
Exported frame 1827/1837 DefineSprite (chid: 2408, cls: AQWorlds.mcSkel)
Exported frame 1828/1837 DefineSprite (chid: 2408, cls: AQWorlds.mcSkel)
Exported frame 1829/1837 DefineSprite (chid: 2408, cls: AQWorlds.mcSkel)
Exported frame 1830/1837 DefineSprite (chid: 2408, cls: AQWorlds.mcSkel)
Exported frame 1831/1837 DefineSprite (chid: 2408, cls: AQWorlds.mcSkel)
Exported frame 1832/1837 DefineSprite (chid: 2408, cls: AQWorlds.mcSkel)
Exported frame 1833/1837 DefineSprite (chid: 2408, cls: AQWorlds.mcSkel)
Exported frame 1834/1837 DefineSprite (chid: 2408, cls: AQWorlds.mcSkel)
Exported frame 1835/1837 DefineSprite (chid: 2408, cls: AQWorlds.mcSkel)
Exported frame 1836/1837 DefineSprite (chid: 2408, cls: AQWorlds.mcSkel)
Exported frame 1837/1837 DefineSprite (chid: 2408, cls: AQWorlds.mcSkel)
Exported frame 1/1 DefineSprite (chid: 2409)
Exported frame 1/1 DefineSprite (chid: 2411)
Exported frame 1/1 DefineSprite (chid: 2413)
Exported frame 1/1 DefineSprite (chid: 2416)
Exported frame 1/11 DefineSprite (chid: 2426)
Exported frame 2/11 DefineSprite (chid: 2426)
Exported frame 3/11 DefineSprite (chid: 2426)
Exported frame 4/11 DefineSprite (chid: 2426)
Exported frame 5/11 DefineSprite (chid: 2426)
Exported frame 6/11 DefineSprite (chid: 2426)
Exported frame 7/11 DefineSprite (chid: 2426)
Exported frame 8/11 DefineSprite (chid: 2426)
Exported frame 9/11 DefineSprite (chid: 2426)
Exported frame 10/11 DefineSprite (chid: 2426)
Exported frame 11/11 DefineSprite (chid: 2426)
Exported frame 1/25 DefineSprite (chid: 2427, cls: AQWorlds.AvatarMC)
Exported frame 2/25 DefineSprite (chid: 2427, cls: AQWorlds.AvatarMC)
Exported frame 3/25 DefineSprite (chid: 2427, cls: AQWorlds.AvatarMC)
Exported frame 4/25 DefineSprite (chid: 2427, cls: AQWorlds.AvatarMC)
Exported frame 5/25 DefineSprite (chid: 2427, cls: AQWorlds.AvatarMC)
Exported frame 6/25 DefineSprite (chid: 2427, cls: AQWorlds.AvatarMC)
Exported frame 7/25 DefineSprite (chid: 2427, cls: AQWorlds.AvatarMC)
Exported frame 8/25 DefineSprite (chid: 2427, cls: AQWorlds.AvatarMC)
Exported frame 9/25 DefineSprite (chid: 2427, cls: AQWorlds.AvatarMC)
Exported frame 10/25 DefineSprite (chid: 2427, cls: AQWorlds.AvatarMC)
Exported frame 11/25 DefineSprite (chid: 2427, cls: AQWorlds.AvatarMC)
Exported frame 12/25 DefineSprite (chid: 2427, cls: AQWorlds.AvatarMC)
Exported frame 13/25 DefineSprite (chid: 2427, cls: AQWorlds.AvatarMC)
Exported frame 14/25 DefineSprite (chid: 2427, cls: AQWorlds.AvatarMC)
Exported frame 15/25 DefineSprite (chid: 2427, cls: AQWorlds.AvatarMC)
Exported frame 16/25 DefineSprite (chid: 2427, cls: AQWorlds.AvatarMC)
Exported frame 17/25 DefineSprite (chid: 2427, cls: AQWorlds.AvatarMC)
Exported frame 18/25 DefineSprite (chid: 2427, cls: AQWorlds.AvatarMC)
Exported frame 19/25 DefineSprite (chid: 2427, cls: AQWorlds.AvatarMC)
Exported frame 20/25 DefineSprite (chid: 2427, cls: AQWorlds.AvatarMC)
Exported frame 21/25 DefineSprite (chid: 2427, cls: AQWorlds.AvatarMC)
Exported frame 22/25 DefineSprite (chid: 2427, cls: AQWorlds.AvatarMC)
Exported frame 23/25 DefineSprite (chid: 2427, cls: AQWorlds.AvatarMC)
Exported frame 24/25 DefineSprite (chid: 2427, cls: AQWorlds.AvatarMC)
Exported frame 25/25 DefineSprite (chid: 2427, cls: AQWorlds.AvatarMC)
Exported frame 1/1 DefineSprite (chid: 2429, cls: buttoncomponent)
Exported frame 1/1 DefineSprite (chid: 2430, cls: backgrounds)
Exported frame 1/1 DefineSprite (chid: 2431, cls: emotes)
Exported frame 1/1 DefineSprite (chid: 2433)
Exported frame 1/1 DefineSprite (chid: 2434, cls: characters)
Exported frame 1/1 DefineSprite (chid: 2436)
Exported frame 1/1 DefineSprite (chid: 2438)
Exported frame 1/1 DefineSprite (chid: 2439)
Exported frame 1/1 DefineSprite (chid: 2441)
Exported frame 1/1 DefineSprite (chid: 2444)
Exported frame 1/1 DefineSprite (chid: 2445)
Exported frame 1/1 DefineSprite (chid: 2448)
Exported frame 1/1 DefineSprite (chid: 2449, cls: sets)
Exported frame 1/1 DefineSprite (chid: 2451)
Exported frame 1/1 DefineSprite (chid: 2453)
Exported frame 1/1 DefineSprite (chid: 2454, cls: scroll)
Exported frame 1/1 DefineSprite (chid: 2456)
Exported frame 1/1 DefineSprite (chid: 2458)
Exported frame 1/1 DefineSprite (chid: 2461)
Exported frame 1/1 DefineSprite (chid: 2463)
Exported frame 1/1 DefineSprite (chid: 2466)
Exported frame 1/1 DefineSprite (chid: 2468)
Exported frame 1/1 DefineSprite (chid: 2470)
Exported frame 1/1 DefineSprite (chid: 2471)
Exported frame 1/1 DefineSprite (chid: 2472)
Exported frame 1/1 DefineSprite (chid: 2473, cls: sidebar)
Exported frame 1/1 DefineSprite (chid: 2474)
Exported frame 1/1 DefineSprite (chid: 2477)
Exported frame 1/1 DefineSprite (chid: 2479)
Exported frame 1/1 DefineSprite (chid: 2482)
Exported frame 1/1 DefineSprite (chid: 2484)
Exported frame 1/1 DefineSprite (chid: 2490)
Exported frame 1/1 DefineSprite (chid: 2499)
Exported frame 1/1 DefineSprite (chid: 2503)
Exported frame 1/1 DefineSprite (chid: 2504)
Exported frame 1/1 DefineSprite (chid: 2506)
Exported frame 1/1 DefineSprite (chid: 2508)
Exported frame 1/1 DefineSprite (chid: 2510)
Exported frame 1/1 DefineSprite (chid: 2512)
Exported frame 1/1 DefineSprite (chid: 2515)
Exported frame 1/1 DefineSprite (chid: 2517)
Exported frame 1/1 DefineSprite (chid: 2520)
Exported frame 1/1 DefineSprite (chid: 2522)
Exported frame 1/1 DefineSprite (chid: 2533)
Exported frame 1/1 DefineSprite (chid: 2534)
Exported frame 1/1 DefineSprite (chid: 2536)
Exported frame 1/1 DefineSprite (chid: 2539)
Exported frame 1/1 DefineSprite (chid: 2541)
Exported frame 1/1 DefineSprite (chid: 2543)
Exporting buttons...
Exported frame 1/4 DefineButton2 (chid: 15)
Exported frame 2/4 DefineButton2 (chid: 15)
Exported frame 3/4 DefineButton2 (chid: 15)
Exported frame 4/4 DefineButton2 (chid: 15)
Exported frame 1/4 DefineButton2 (chid: 26)
Exported frame 2/4 DefineButton2 (chid: 26)
Exported frame 3/4 DefineButton2 (chid: 26)
Exported frame 4/4 DefineButton2 (chid: 26)
Exported frame 1/4 DefineButton2 (chid: 37)
Exported frame 2/4 DefineButton2 (chid: 37)
Exported frame 3/4 DefineButton2 (chid: 37)
Exported frame 4/4 DefineButton2 (chid: 37)
Exported frame 1/4 DefineButton2 (chid: 40)
Exported frame 2/4 DefineButton2 (chid: 40)
Exported frame 3/4 DefineButton2 (chid: 40)
Exported frame 4/4 DefineButton2 (chid: 40)
Exported frame 1/4 DefineButton2 (chid: 44)
Exported frame 2/4 DefineButton2 (chid: 44)
Exported frame 3/4 DefineButton2 (chid: 44)
Exported frame 4/4 DefineButton2 (chid: 44)
Exported frame 1/4 DefineButton2 (chid: 47)
Exported frame 2/4 DefineButton2 (chid: 47)
Exported frame 3/4 DefineButton2 (chid: 47)
Exported frame 4/4 DefineButton2 (chid: 47)
Exported frame 1/4 DefineButton2 (chid: 184)
Exported frame 2/4 DefineButton2 (chid: 184)
Exported frame 3/4 DefineButton2 (chid: 184)
Exported frame 4/4 DefineButton2 (chid: 184)
Exported frame 1/4 DefineButton2 (chid: 193)
Exported frame 2/4 DefineButton2 (chid: 193)
Exported frame 3/4 DefineButton2 (chid: 193)
Exported frame 4/4 DefineButton2 (chid: 193)
Exported frame 1/4 DefineButton2 (chid: 200)
Exported frame 2/4 DefineButton2 (chid: 200)
Exported frame 3/4 DefineButton2 (chid: 200)
Exported frame 4/4 DefineButton2 (chid: 200)
Exported frame 1/4 DefineButton2 (chid: 224)
Exported frame 2/4 DefineButton2 (chid: 224)
Exported frame 3/4 DefineButton2 (chid: 224)
Exported frame 4/4 DefineButton2 (chid: 224)
Exported frame 1/4 DefineButton2 (chid: 236)
Exported frame 2/4 DefineButton2 (chid: 236)
Exported frame 3/4 DefineButton2 (chid: 236)
Exported frame 4/4 DefineButton2 (chid: 236)
Exported frame 1/4 DefineButton2 (chid: 2195)
Exported frame 2/4 DefineButton2 (chid: 2195)
Exported frame 3/4 DefineButton2 (chid: 2195)
Exported frame 4/4 DefineButton2 (chid: 2195)
Exported frame 1/4 DefineButton2 (chid: 2442)
Exported frame 2/4 DefineButton2 (chid: 2442)
Exported frame 3/4 DefineButton2 (chid: 2442)
Exported frame 4/4 DefineButton2 (chid: 2442)
Exported frame 1/4 DefineButton2 (chid: 2443)
Exported frame 2/4 DefineButton2 (chid: 2443)
Exported frame 3/4 DefineButton2 (chid: 2443)
Exported frame 4/4 DefineButton2 (chid: 2443)
Exported frame 1/4 DefineButton2 (chid: 2446)
Exported frame 2/4 DefineButton2 (chid: 2446)
Exported frame 3/4 DefineButton2 (chid: 2446)
Exported frame 4/4 DefineButton2 (chid: 2446)
Exported frame 1/4 DefineButton2 (chid: 2459)
Exported frame 2/4 DefineButton2 (chid: 2459)
Exported frame 3/4 DefineButton2 (chid: 2459)
Exported frame 4/4 DefineButton2 (chid: 2459)
Exported frame 1/4 DefineButton2 (chid: 2464)
Exported frame 2/4 DefineButton2 (chid: 2464)
Exported frame 3/4 DefineButton2 (chid: 2464)
Exported frame 4/4 DefineButton2 (chid: 2464)
Exported frame 1/4 DefineButton2 (chid: 2487)
Exported frame 2/4 DefineButton2 (chid: 2487)
Exported frame 3/4 DefineButton2 (chid: 2487)
Exported frame 4/4 DefineButton2 (chid: 2487)
Exported frame 1/4 DefineButton2 (chid: 2492)
Exported frame 2/4 DefineButton2 (chid: 2492)
Exported frame 3/4 DefineButton2 (chid: 2492)
Exported frame 4/4 DefineButton2 (chid: 2492)
Exported frame 1/4 DefineButton2 (chid: 2496)
Exported frame 2/4 DefineButton2 (chid: 2496)
Exported frame 3/4 DefineButton2 (chid: 2496)
Exported frame 4/4 DefineButton2 (chid: 2496)
Exported frame 1/4 DefineButton2 (chid: 2501)
Exported frame 2/4 DefineButton2 (chid: 2501)
Exported frame 3/4 DefineButton2 (chid: 2501)
Exported frame 4/4 DefineButton2 (chid: 2501)
Exported frame 1/4 DefineButton2 (chid: 2509)
Exported frame 2/4 DefineButton2 (chid: 2509)
Exported frame 3/4 DefineButton2 (chid: 2509)
Exported frame 4/4 DefineButton2 (chid: 2509)
Exported frame 1/4 DefineButton2 (chid: 2518)
Exported frame 2/4 DefineButton2 (chid: 2518)
Exported frame 3/4 DefineButton2 (chid: 2518)
Exported frame 4/4 DefineButton2 (chid: 2518)
Exported frame 1/4 DefineButton2 (chid: 2525)
Exported frame 2/4 DefineButton2 (chid: 2525)
Exported frame 3/4 DefineButton2 (chid: 2525)
Exported frame 4/4 DefineButton2 (chid: 2525)
Exported frame 1/4 DefineButton2 (chid: 2528)
Exported frame 2/4 DefineButton2 (chid: 2528)
Exported frame 3/4 DefineButton2 (chid: 2528)
Exported frame 4/4 DefineButton2 (chid: 2528)
Exported frame 1/4 DefineButton2 (chid: 2531)
Exported frame 2/4 DefineButton2 (chid: 2531)
Exported frame 3/4 DefineButton2 (chid: 2531)
Exported frame 4/4 DefineButton2 (chid: 2531)
Exported frame 1/4 DefineButton2 (chid: 2535)
Exported frame 2/4 DefineButton2 (chid: 2535)
Exported frame 3/4 DefineButton2 (chid: 2535)
Exported frame 4/4 DefineButton2 (chid: 2535)
Exported frame 1/4 DefineButton2 (chid: 2537)
Exported frame 2/4 DefineButton2 (chid: 2537)
Exported frame 3/4 DefineButton2 (chid: 2537)
Exported frame 4/4 DefineButton2 (chid: 2537)
Exported frame 1/4 DefineButton2 (chid: 2540)
Exported frame 2/4 DefineButton2 (chid: 2540)
Exported frame 3/4 DefineButton2 (chid: 2540)
Exported frame 4/4 DefineButton2 (chid: 2540)
Exporting scripts...
Exported script 7/76 Bicep_L, 00:00.040
Exported script 9/76 Body, 00:00.040
Exported script 8/76 Bicep_R, 00:00.040
Exported script 6/76 AbyssalBow, 00:00.040
Exported script 12/76 Foot_L, 00:00.015
Exported script 10/76 Craft, 00:00.017
Exported script 13/76 Foot_R, 00:00.017
Exported script 1/76 AQWorlds.Avatar, 00:00.062
Exported script 14/76 Forearm_L, 00:00.012
Exported script 15/76 Forearm_R, 00:00.012
Exported script 16/76 HairAbove, 00:00.012
Exported script 2/76 com.adobe.images.PNGEncoder, 00:00.077
Exported script 17/76 Head, 00:00.015
Exported script 18/76 Hip, 00:00.015
Exported script 4/76 AQWorlds.PetMC, 00:00.093
Exported script 22/76 Paradigm_fla.Female_Eye_771, 00:00.016
Exported script 19/76 Paradigm_fla.Eyebrow_Skin_787, 00:00.063
Exported script 25/76 Paradigm_fla.Female_Iris_None_773, 00:00.042
Exported script 20/76 Paradigm_fla.Face_Dark_770, 00:00.078
Exported script 26/76 Paradigm_fla.Female_Nose_778, 00:00.018
Exported script 24/76 Paradigm_fla.Female_Iris_Light_774, 00:00.059
Exported script 30/76 Paradigm_fla.fxx_128, 00:00.039
Exported script 21/76 Paradigm_fla.Face_Light_769, 00:00.130
Exported script 27/76 Paradigm_fla.Head_Iris_Light_785, 00:00.072
Exported script 29/76 Paradigm_fla.fireworks_box_202, 00:00.058
Exported script 23/76 Paradigm_fla.Female_Eyebrow_Skin_Base__776, 00:00.127
Exported script 33/76 Paradigm_fla.mcCape_87, 00:00.012
Exported script 35/76 Paradigm_fla.multicannon_439, 00:00.016
Exported script 34/76 Paradigm_fla.mcToggleBtn_45, 00:00.017
Exported script 31/76 Paradigm_fla.game_1_Male_Master1_27_781, 00:00.035
Exported script 32/76 Paradigm_fla.game_1_Male_Master1_28_789, 00:00.024
Exported script 36/76 Paradigm_fla.multicannoncopy_232, 00:00.014
Exported script 28/76 Paradigm_fla.Head_Iris_None_784, 00:00.087
Exported script 40/76 Thigh_L, 00:00.011
Exported script 42/76 Thigh_R_Female, 00:00.008
Exported script 39/76 Shin_R, 00:00.016
Exported script 38/76 Shin_L, 00:00.020
Exported script 41/76 Thigh_R, 00:00.013
Exported script 37/76 Paradigm_fla.proton_cannon_249, 00:00.021
Exported script 43/76 Weapon_Auxiliary, 00:00.006
Exported script 49/76 Weapon_Wrist_R, 00:00.009
Exported script 46/76 Weapon_Gun, 00:00.012
Exported script 45/76 Weapon_Grenade, 00:00.016
Exported script 44/76 Weapon_Blade, 00:00.016
Exported script 47/76 Weapon_Staff, 00:00.013
Exported script 3/76 AQWorlds.AvatarMC, 00:00.261
Exported script 48/76 Weapon_Wrist_L, 00:00.023
Exported script 5/76 AQWorlds.mcSkel, 00:00.273
Exported script 54/76 buttoncomponent, 00:00.037
Exported script 58/76 contextdivider, 00:00.007
Exported script 50/76 about, 00:00.047
Exported script 59/76 contextitem, 00:00.009
Exported script 57/76 context, 00:00.047
Exported script 61/76 emotes, 00:00.024
Exported script 52/76 backgroundcomponent, 00:00.105
Exported script 53/76 backgrounds, 00:00.107
Exported script 64/76 mcHeadF, 00:00.010
Exported script 65/76 mcHeadM, 00:00.008
Exported script 60/76 emotecomponent, 00:00.075
Exported script 62/76 itemfile, 00:00.059
Exported script 66/76 messagebox, 00:00.030
Exported script 67/76 optioncomponent, 00:00.058
Exported script 55/76 characters, 00:00.171
Exported script 72/76 sectiontext, 00:00.007
Exported script 73/76 setbtn, 00:00.024
Exported script 68/76 radiocomponent, 00:00.098
Exported script 69/76 savedcolor, 00:00.114
Exported script 71/76 scroll, 00:00.072
Exported script 75/76 sidebar, 00:00.065
Exported script 56/76 colorcomponent, 00:00.276
Exported script 74/76 sets, 00:00.094
Exported script 76/76 tooltip, 00:00.073
Exported script 70/76 screenshot, 00:00.184
Exported script 63/76 main, 00:00.262
Exported script 51/76 advcolor, 00:00.398
Exported script 11/76 EpicDuel.CharacterBase, 00:00.621
Export finished. Total export time: 00:59.215
OK
