/Applications/FFDec.app/Contents/MacOS/../Resources/ffdec.sh: line 49: [: java version "26.0.2.1" 2026-08-18 Java(TM) SE Runtime Environment (build 26.0.2.1+1-7) Java HotSpot(TM) 64-Bit Server VM (build 26.0.2.1+1-7, mixed mode, sharing): integer expression expected
/Applications/FFDec.app/Contents/MacOS/../Resources/ffdec.sh: line 51: [: java version "26.0.2.1" 2026-08-18 Java(TM) SE Runtime Environment (build 26.0.2.1+1-7) Java HotSpot(TM) 64-Bit Server VM (build 26.0.2.1+1-7, mixed mode, sharing): integer expression expected
/Applications/FFDec.app/Contents/MacOS/../Resources/ffdec.sh: line 55: [: java version "26.0.2.1" 2026-08-18 Java(TM) SE Runtime Environment (build 26.0.2.1+1-7) Java HotSpot(TM) 64-Bit Server VM (build 26.0.2.1+1-7, mixed mode, sharing): integer expression expected
/Applications/FFDec.app/Contents/MacOS/../Resources/ffdec.sh: line 57: [: java version "26.0.2.1" 2026-08-18 Java(TM) SE Runtime Environment (build 26.0.2.1+1-7) Java HotSpot(TM) 64-Bit Server VM (build 26.0.2.1+1-7, mixed mode, sharing): integer expression expected
/Applications/FFDec.app/Contents/MacOS/../Resources/ffdec.sh: line 61: [: java version "26.0.2.1" 2026-08-18 Java(TM) SE Runtime Environment (build 26.0.2.1+1-7) Java HotSpot(TM) 64-Bit Server VM (build 26.0.2.1+1-7, mixed mode, sharing): integer expression expected
/Applications/FFDec.app/Contents/MacOS/../Resources/ffdec.sh: line 63: [: java version "26.0.2.1" 2026-08-18 Java(TM) SE Runtime Environment (build 26.0.2.1+1-7) Java HotSpot(TM) 64-Bit Server VM (build 26.0.2.1+1-7, mixed mode, sharing): integer expression expected
/Applications/FFDec.app/Contents/MacOS/../Resources/ffdec.sh: line 67: [: java version "26.0.2.1" 2026-08-18 Java(TM) SE Runtime Environment (build 26.0.2.1+1-7) Java HotSpot(TM) 64-Bit Server VM (build 26.0.2.1+1-7, mixed mode, sharing): integer expression expected
JPEXS Free Flash Decompiler v.26.0.0 nightly build 3515
-------------------------------------------------------
Exporting sprite...
Exported frame 1/1 DefineSprite (chid: 2)
Exported frame 1/1 DefineSprite (chid: 10)
Exported frame 1/1 DefineSprite (chid: 12)
Exported frame 1/1 DefineSprite (chid: 14)
Exported frame 1/1 DefineSprite (chid: 18)
Exported frame 1/1 DefineSprite (chid: 19, cls: about)
Exported frame 1/1 DefineSprite (chid: 21)
Exported frame 1/1 DefineSprite (chid: 23, cls: tooltip)
Exported frame 1/1 DefineSprite (chid: 25)
Exported frame 1/1 DefineSprite (chid: 28, cls: setbtn)
Exported frame 1/1 DefineSprite (chid: 30, cls: sectiontext)
Exported frame 1/1 DefineSprite (chid: 31)
Exported frame 1/1 DefineSprite (chid: 33)
Exported frame 1/1 DefineSprite (chid: 39)
Exported frame 1/1 DefineSprite (chid: 42)
Exported frame 1/1 DefineSprite (chid: 43)
Exported frame 1/1 DefineSprite (chid: 46)
Exported frame 1/1 DefineSprite (chid: 49, cls: screenshot)
Exported frame 1/1 DefineSprite (chid: 51)
Exported frame 1/1 DefineSprite (chid: 53)
Exported frame 1/1 DefineSprite (chid: 54, cls: savedcolor)
Exported frame 1/1 DefineSprite (chid: 56)
Exported frame 1/1 DefineSprite (chid: 57)
Exported frame 1/1 DefineSprite (chid: 59)
Exported frame 1/1 DefineSprite (chid: 60)
Exported frame 1/1 DefineSprite (chid: 62)
Exported frame 1/1 DefineSprite (chid: 63)
Exported frame 1/1 DefineSprite (chid: 65)
Exported frame 1/1 DefineSprite (chid: 66)
Exported frame 1/1 DefineSprite (chid: 68)
Exported frame 1/1 DefineSprite (chid: 69)
Exported frame 1/1 DefineSprite (chid: 71)
Exported frame 1/1 DefineSprite (chid: 72)
Exported frame 1/1 DefineSprite (chid: 74)
Exported frame 1/1 DefineSprite (chid: 76)
Exported frame 1/1 DefineSprite (chid: 77)
Exported frame 1/1 DefineSprite (chid: 79)
Exported frame 1/1 DefineSprite (chid: 81)
Exported frame 1/1 DefineSprite (chid: 82)
Exported frame 1/1 DefineSprite (chid: 84)
Exported frame 1/1 DefineSprite (chid: 85)
Exported frame 1/1 DefineSprite (chid: 86)
Exported frame 1/1 DefineSprite (chid: 90)
Exported frame 1/1 DefineSprite (chid: 91, cls: AQWorlds.PetMC)
Exported frame 1/1 DefineSprite (chid: 94)
Exported frame 1/1 DefineSprite (chid: 96)
Exported frame 1/12 DefineSprite (chid: 97)
Exported frame 2/12 DefineSprite (chid: 97)
Exported frame 3/12 DefineSprite (chid: 97)
Exported frame 4/12 DefineSprite (chid: 97)
Exported frame 5/12 DefineSprite (chid: 97)
Exported frame 6/12 DefineSprite (chid: 97)
Exported frame 7/12 DefineSprite (chid: 97)
Exported frame 8/12 DefineSprite (chid: 97)
Exported frame 9/12 DefineSprite (chid: 97)
Exported frame 10/12 DefineSprite (chid: 97)
Exported frame 11/12 DefineSprite (chid: 97)
Exported frame 12/12 DefineSprite (chid: 97)
Exported frame 1/1 DefineSprite (chid: 99, cls: radiocomponent)
Exported frame 1/1 DefineSprite (chid: 102)
Exported frame 1/1 DefineSprite (chid: 104)
Exported frame 1/10 DefineSprite (chid: 105, cls: Paradigm_fla.mcToggleBtn_45)
Exported frame 2/10 DefineSprite (chid: 105, cls: Paradigm_fla.mcToggleBtn_45)
Exported frame 3/10 DefineSprite (chid: 105, cls: Paradigm_fla.mcToggleBtn_45)
Exported frame 4/10 DefineSprite (chid: 105, cls: Paradigm_fla.mcToggleBtn_45)
Exported frame 5/10 DefineSprite (chid: 105, cls: Paradigm_fla.mcToggleBtn_45)
Exported frame 6/10 DefineSprite (chid: 105, cls: Paradigm_fla.mcToggleBtn_45)
Exported frame 7/10 DefineSprite (chid: 105, cls: Paradigm_fla.mcToggleBtn_45)
Exported frame 8/10 DefineSprite (chid: 105, cls: Paradigm_fla.mcToggleBtn_45)
Exported frame 9/10 DefineSprite (chid: 105, cls: Paradigm_fla.mcToggleBtn_45)
Exported frame 10/10 DefineSprite (chid: 105, cls: Paradigm_fla.mcToggleBtn_45)
Exported frame 1/1 DefineSprite (chid: 106, cls: optioncomponent)
Exported frame 1/1 DefineSprite (chid: 108, cls: messagebox)
Exported frame 1/1 DefineSprite (chid: 110, cls: Paradigm_fla.Face_Light_769)
Exported frame 1/1 DefineSprite (chid: 112, cls: Paradigm_fla.Face_Dark_770)
Exported frame 1/1 DefineSprite (chid: 114)
Exported frame 1/1 DefineSprite (chid: 116)
Exported frame 1/1 DefineSprite (chid: 118, cls: Paradigm_fla.Head_Iris_None_784)
Exported frame 1/1 DefineSprite (chid: 120, cls: Paradigm_fla.Head_Iris_Light_785)
Exported frame 1/1 DefineSprite (chid: 122)
Exported frame 1/1 DefineSprite (chid: 125, cls: Paradigm_fla.Eyebrow_Skin_787)
Exported frame 1/1 DefineSprite (chid: 126)
Exported frame 1/87 DefineSprite (chid: 127, cls: Paradigm_fla.game_1_Male_Master1_27_781)
Exported frame 2/87 DefineSprite (chid: 127, cls: Paradigm_fla.game_1_Male_Master1_27_781)
Exported frame 3/87 DefineSprite (chid: 127, cls: Paradigm_fla.game_1_Male_Master1_27_781)
Exported frame 4/87 DefineSprite (chid: 127, cls: Paradigm_fla.game_1_Male_Master1_27_781)
Exported frame 5/87 DefineSprite (chid: 127, cls: Paradigm_fla.game_1_Male_Master1_27_781)
Exported frame 6/87 DefineSprite (chid: 127, cls: Paradigm_fla.game_1_Male_Master1_27_781)
Exported frame 7/87 DefineSprite (chid: 127, cls: Paradigm_fla.game_1_Male_Master1_27_781)
Exported frame 8/87 DefineSprite (chid: 127, cls: Paradigm_fla.game_1_Male_Master1_27_781)
Exported frame 9/87 DefineSprite (chid: 127, cls: Paradigm_fla.game_1_Male_Master1_27_781)
Exported frame 10/87 DefineSprite (chid: 127, cls: Paradigm_fla.game_1_Male_Master1_27_781)
Exported frame 11/87 DefineSprite (chid: 127, cls: Paradigm_fla.game_1_Male_Master1_27_781)
Exported frame 12/87 DefineSprite (chid: 127, cls: Paradigm_fla.game_1_Male_Master1_27_781)
Exported frame 13/87 DefineSprite (chid: 127, cls: Paradigm_fla.game_1_Male_Master1_27_781)
Exported frame 14/87 DefineSprite (chid: 127, cls: Paradigm_fla.game_1_Male_Master1_27_781)
Exported frame 15/87 DefineSprite (chid: 127, cls: Paradigm_fla.game_1_Male_Master1_27_781)
Exported frame 16/87 DefineSprite (chid: 127, cls: Paradigm_fla.game_1_Male_Master1_27_781)
Exported frame 17/87 DefineSprite (chid: 127, cls: Paradigm_fla.game_1_Male_Master1_27_781)
Exported frame 18/87 DefineSprite (chid: 127, cls: Paradigm_fla.game_1_Male_Master1_27_781)
Exported frame 19/87 DefineSprite (chid: 127, cls: Paradigm_fla.game_1_Male_Master1_27_781)
Exported frame 20/87 DefineSprite (chid: 127, cls: Paradigm_fla.game_1_Male_Master1_27_781)
Exported frame 21/87 DefineSprite (chid: 127, cls: Paradigm_fla.game_1_Male_Master1_27_781)
Exported frame 22/87 DefineSprite (chid: 127, cls: Paradigm_fla.game_1_Male_Master1_27_781)
Exported frame 23/87 DefineSprite (chid: 127, cls: Paradigm_fla.game_1_Male_Master1_27_781)
Exported frame 24/87 DefineSprite (chid: 127, cls: Paradigm_fla.game_1_Male_Master1_27_781)
Exported frame 25/87 DefineSprite (chid: 127, cls: Paradigm_fla.game_1_Male_Master1_27_781)
Exported frame 26/87 DefineSprite (chid: 127, cls: Paradigm_fla.game_1_Male_Master1_27_781)
Exported frame 27/87 DefineSprite (chid: 127, cls: Paradigm_fla.game_1_Male_Master1_27_781)
Exported frame 28/87 DefineSprite (chid: 127, cls: Paradigm_fla.game_1_Male_Master1_27_781)
Exported frame 29/87 DefineSprite (chid: 127, cls: Paradigm_fla.game_1_Male_Master1_27_781)
Exported frame 30/87 DefineSprite (chid: 127, cls: Paradigm_fla.game_1_Male_Master1_27_781)
Exported frame 31/87 DefineSprite (chid: 127, cls: Paradigm_fla.game_1_Male_Master1_27_781)
Exported frame 32/87 DefineSprite (chid: 127, cls: Paradigm_fla.game_1_Male_Master1_27_781)
Exported frame 33/87 DefineSprite (chid: 127, cls: Paradigm_fla.game_1_Male_Master1_27_781)
Exported frame 34/87 DefineSprite (chid: 127, cls: Paradigm_fla.game_1_Male_Master1_27_781)
Exported frame 35/87 DefineSprite (chid: 127, cls: Paradigm_fla.game_1_Male_Master1_27_781)
Exported frame 36/87 DefineSprite (chid: 127, cls: Paradigm_fla.game_1_Male_Master1_27_781)
Exported frame 37/87 DefineSprite (chid: 127, cls: Paradigm_fla.game_1_Male_Master1_27_781)
Exported frame 38/87 DefineSprite (chid: 127, cls: Paradigm_fla.game_1_Male_Master1_27_781)
Exported frame 39/87 DefineSprite (chid: 127, cls: Paradigm_fla.game_1_Male_Master1_27_781)
Exported frame 40/87 DefineSprite (chid: 127, cls: Paradigm_fla.game_1_Male_Master1_27_781)
Exported frame 41/87 DefineSprite (chid: 127, cls: Paradigm_fla.game_1_Male_Master1_27_781)
Exported frame 42/87 DefineSprite (chid: 127, cls: Paradigm_fla.game_1_Male_Master1_27_781)
Exported frame 43/87 DefineSprite (chid: 127, cls: Paradigm_fla.game_1_Male_Master1_27_781)
Exported frame 44/87 DefineSprite (chid: 127, cls: Paradigm_fla.game_1_Male_Master1_27_781)
Exported frame 45/87 DefineSprite (chid: 127, cls: Paradigm_fla.game_1_Male_Master1_27_781)
Exported frame 46/87 DefineSprite (chid: 127, cls: Paradigm_fla.game_1_Male_Master1_27_781)
Exported frame 47/87 DefineSprite (chid: 127, cls: Paradigm_fla.game_1_Male_Master1_27_781)
Exported frame 48/87 DefineSprite (chid: 127, cls: Paradigm_fla.game_1_Male_Master1_27_781)
Exported frame 49/87 DefineSprite (chid: 127, cls: Paradigm_fla.game_1_Male_Master1_27_781)
Exported frame 50/87 DefineSprite (chid: 127, cls: Paradigm_fla.game_1_Male_Master1_27_781)
Exported frame 51/87 DefineSprite (chid: 127, cls: Paradigm_fla.game_1_Male_Master1_27_781)
Exported frame 52/87 DefineSprite (chid: 127, cls: Paradigm_fla.game_1_Male_Master1_27_781)
Exported frame 53/87 DefineSprite (chid: 127, cls: Paradigm_fla.game_1_Male_Master1_27_781)
Exported frame 54/87 DefineSprite (chid: 127, cls: Paradigm_fla.game_1_Male_Master1_27_781)
Exported frame 55/87 DefineSprite (chid: 127, cls: Paradigm_fla.game_1_Male_Master1_27_781)
Exported frame 56/87 DefineSprite (chid: 127, cls: Paradigm_fla.game_1_Male_Master1_27_781)
Exported frame 57/87 DefineSprite (chid: 127, cls: Paradigm_fla.game_1_Male_Master1_27_781)
Exported frame 58/87 DefineSprite (chid: 127, cls: Paradigm_fla.game_1_Male_Master1_27_781)
Exported frame 59/87 DefineSprite (chid: 127, cls: Paradigm_fla.game_1_Male_Master1_27_781)
Exported frame 60/87 DefineSprite (chid: 127, cls: Paradigm_fla.game_1_Male_Master1_27_781)
Exported frame 61/87 DefineSprite (chid: 127, cls: Paradigm_fla.game_1_Male_Master1_27_781)
Exported frame 62/87 DefineSprite (chid: 127, cls: Paradigm_fla.game_1_Male_Master1_27_781)
Exported frame 63/87 DefineSprite (chid: 127, cls: Paradigm_fla.game_1_Male_Master1_27_781)
Exported frame 64/87 DefineSprite (chid: 127, cls: Paradigm_fla.game_1_Male_Master1_27_781)
Exported frame 65/87 DefineSprite (chid: 127, cls: Paradigm_fla.game_1_Male_Master1_27_781)
Exported frame 66/87 DefineSprite (chid: 127, cls: Paradigm_fla.game_1_Male_Master1_27_781)
Exported frame 67/87 DefineSprite (chid: 127, cls: Paradigm_fla.game_1_Male_Master1_27_781)
Exported frame 68/87 DefineSprite (chid: 127, cls: Paradigm_fla.game_1_Male_Master1_27_781)
Exported frame 69/87 DefineSprite (chid: 127, cls: Paradigm_fla.game_1_Male_Master1_27_781)
Exported frame 70/87 DefineSprite (chid: 127, cls: Paradigm_fla.game_1_Male_Master1_27_781)
Exported frame 71/87 DefineSprite (chid: 127, cls: Paradigm_fla.game_1_Male_Master1_27_781)
Exported frame 72/87 DefineSprite (chid: 127, cls: Paradigm_fla.game_1_Male_Master1_27_781)
Exported frame 73/87 DefineSprite (chid: 127, cls: Paradigm_fla.game_1_Male_Master1_27_781)
Exported frame 74/87 DefineSprite (chid: 127, cls: Paradigm_fla.game_1_Male_Master1_27_781)
Exported frame 75/87 DefineSprite (chid: 127, cls: Paradigm_fla.game_1_Male_Master1_27_781)
Exported frame 76/87 DefineSprite (chid: 127, cls: Paradigm_fla.game_1_Male_Master1_27_781)
Exported frame 77/87 DefineSprite (chid: 127, cls: Paradigm_fla.game_1_Male_Master1_27_781)
Exported frame 78/87 DefineSprite (chid: 127, cls: Paradigm_fla.game_1_Male_Master1_27_781)
Exported frame 79/87 DefineSprite (chid: 127, cls: Paradigm_fla.game_1_Male_Master1_27_781)
Exported frame 80/87 DefineSprite (chid: 127, cls: Paradigm_fla.game_1_Male_Master1_27_781)
Exported frame 81/87 DefineSprite (chid: 127, cls: Paradigm_fla.game_1_Male_Master1_27_781)
Exported frame 82/87 DefineSprite (chid: 127, cls: Paradigm_fla.game_1_Male_Master1_27_781)
Exported frame 83/87 DefineSprite (chid: 127, cls: Paradigm_fla.game_1_Male_Master1_27_781)
Exported frame 84/87 DefineSprite (chid: 127, cls: Paradigm_fla.game_1_Male_Master1_27_781)
Exported frame 85/87 DefineSprite (chid: 127, cls: Paradigm_fla.game_1_Male_Master1_27_781)
Exported frame 86/87 DefineSprite (chid: 127, cls: Paradigm_fla.game_1_Male_Master1_27_781)
Exported frame 87/87 DefineSprite (chid: 127, cls: Paradigm_fla.game_1_Male_Master1_27_781)
Exported frame 1/1 DefineSprite (chid: 129)
Exported frame 1/1 DefineSprite (chid: 131, cls: Paradigm_fla.game_1_Male_Master1_28_789)
Exported frame 1/1 DefineSprite (chid: 132, cls: mcHeadM)
Exported frame 1/1 DefineSprite (chid: 133, cls: Paradigm_fla.Female_Iris_None_773)
Exported frame 1/1 DefineSprite (chid: 134, cls: Paradigm_fla.Female_Iris_Light_774)
Exported frame 1/1 DefineSprite (chid: 136)
Exported frame 1/1 DefineSprite (chid: 138, cls: Paradigm_fla.Female_Eyebrow_Skin_Base__776)
Exported frame 1/1 DefineSprite (chid: 140)
Exported frame 1/87 DefineSprite (chid: 141, cls: Paradigm_fla.Female_Eye_771)
Exported frame 2/87 DefineSprite (chid: 141, cls: Paradigm_fla.Female_Eye_771)
Exported frame 3/87 DefineSprite (chid: 141, cls: Paradigm_fla.Female_Eye_771)
Exported frame 4/87 DefineSprite (chid: 141, cls: Paradigm_fla.Female_Eye_771)
Exported frame 5/87 DefineSprite (chid: 141, cls: Paradigm_fla.Female_Eye_771)
Exported frame 6/87 DefineSprite (chid: 141, cls: Paradigm_fla.Female_Eye_771)
Exported frame 7/87 DefineSprite (chid: 141, cls: Paradigm_fla.Female_Eye_771)
Exported frame 8/87 DefineSprite (chid: 141, cls: Paradigm_fla.Female_Eye_771)
Exported frame 9/87 DefineSprite (chid: 141, cls: Paradigm_fla.Female_Eye_771)
Exported frame 10/87 DefineSprite (chid: 141, cls: Paradigm_fla.Female_Eye_771)
Exported frame 11/87 DefineSprite (chid: 141, cls: Paradigm_fla.Female_Eye_771)
Exported frame 12/87 DefineSprite (chid: 141, cls: Paradigm_fla.Female_Eye_771)
Exported frame 13/87 DefineSprite (chid: 141, cls: Paradigm_fla.Female_Eye_771)
Exported frame 14/87 DefineSprite (chid: 141, cls: Paradigm_fla.Female_Eye_771)
Exported frame 15/87 DefineSprite (chid: 141, cls: Paradigm_fla.Female_Eye_771)
Exported frame 16/87 DefineSprite (chid: 141, cls: Paradigm_fla.Female_Eye_771)
Exported frame 17/87 DefineSprite (chid: 141, cls: Paradigm_fla.Female_Eye_771)
Exported frame 18/87 DefineSprite (chid: 141, cls: Paradigm_fla.Female_Eye_771)
Exported frame 19/87 DefineSprite (chid: 141, cls: Paradigm_fla.Female_Eye_771)
Exported frame 20/87 DefineSprite (chid: 141, cls: Paradigm_fla.Female_Eye_771)
Exported frame 21/87 DefineSprite (chid: 141, cls: Paradigm_fla.Female_Eye_771)
Exported frame 22/87 DefineSprite (chid: 141, cls: Paradigm_fla.Female_Eye_771)
Exported frame 23/87 DefineSprite (chid: 141, cls: Paradigm_fla.Female_Eye_771)
Exported frame 24/87 DefineSprite (chid: 141, cls: Paradigm_fla.Female_Eye_771)
Exported frame 25/87 DefineSprite (chid: 141, cls: Paradigm_fla.Female_Eye_771)
Exported frame 26/87 DefineSprite (chid: 141, cls: Paradigm_fla.Female_Eye_771)
Exported frame 27/87 DefineSprite (chid: 141, cls: Paradigm_fla.Female_Eye_771)
Exported frame 28/87 DefineSprite (chid: 141, cls: Paradigm_fla.Female_Eye_771)
Exported frame 29/87 DefineSprite (chid: 141, cls: Paradigm_fla.Female_Eye_771)
Exported frame 30/87 DefineSprite (chid: 141, cls: Paradigm_fla.Female_Eye_771)
Exported frame 31/87 DefineSprite (chid: 141, cls: Paradigm_fla.Female_Eye_771)
Exported frame 32/87 DefineSprite (chid: 141, cls: Paradigm_fla.Female_Eye_771)
Exported frame 33/87 DefineSprite (chid: 141, cls: Paradigm_fla.Female_Eye_771)
Exported frame 34/87 DefineSprite (chid: 141, cls: Paradigm_fla.Female_Eye_771)
Exported frame 35/87 DefineSprite (chid: 141, cls: Paradigm_fla.Female_Eye_771)
Exported frame 36/87 DefineSprite (chid: 141, cls: Paradigm_fla.Female_Eye_771)
Exported frame 37/87 DefineSprite (chid: 141, cls: Paradigm_fla.Female_Eye_771)
Exported frame 38/87 DefineSprite (chid: 141, cls: Paradigm_fla.Female_Eye_771)
Exported frame 39/87 DefineSprite (chid: 141, cls: Paradigm_fla.Female_Eye_771)
Exported frame 40/87 DefineSprite (chid: 141, cls: Paradigm_fla.Female_Eye_771)
Exported frame 41/87 DefineSprite (chid: 141, cls: Paradigm_fla.Female_Eye_771)
Exported frame 42/87 DefineSprite (chid: 141, cls: Paradigm_fla.Female_Eye_771)
Exported frame 43/87 DefineSprite (chid: 141, cls: Paradigm_fla.Female_Eye_771)
Exported frame 44/87 DefineSprite (chid: 141, cls: Paradigm_fla.Female_Eye_771)
Exported frame 45/87 DefineSprite (chid: 141, cls: Paradigm_fla.Female_Eye_771)
Exported frame 46/87 DefineSprite (chid: 141, cls: Paradigm_fla.Female_Eye_771)
Exported frame 47/87 DefineSprite (chid: 141, cls: Paradigm_fla.Female_Eye_771)
Exported frame 48/87 DefineSprite (chid: 141, cls: Paradigm_fla.Female_Eye_771)
Exported frame 49/87 DefineSprite (chid: 141, cls: Paradigm_fla.Female_Eye_771)
Exported frame 50/87 DefineSprite (chid: 141, cls: Paradigm_fla.Female_Eye_771)
Exported frame 51/87 DefineSprite (chid: 141, cls: Paradigm_fla.Female_Eye_771)
Exported frame 52/87 DefineSprite (chid: 141, cls: Paradigm_fla.Female_Eye_771)
Exported frame 53/87 DefineSprite (chid: 141, cls: Paradigm_fla.Female_Eye_771)
Exported frame 54/87 DefineSprite (chid: 141, cls: Paradigm_fla.Female_Eye_771)
Exported frame 55/87 DefineSprite (chid: 141, cls: Paradigm_fla.Female_Eye_771)
Exported frame 56/87 DefineSprite (chid: 141, cls: Paradigm_fla.Female_Eye_771)
Exported frame 57/87 DefineSprite (chid: 141, cls: Paradigm_fla.Female_Eye_771)
Exported frame 58/87 DefineSprite (chid: 141, cls: Paradigm_fla.Female_Eye_771)
Exported frame 59/87 DefineSprite (chid: 141, cls: Paradigm_fla.Female_Eye_771)
Exported frame 60/87 DefineSprite (chid: 141, cls: Paradigm_fla.Female_Eye_771)
Exported frame 61/87 DefineSprite (chid: 141, cls: Paradigm_fla.Female_Eye_771)
Exported frame 62/87 DefineSprite (chid: 141, cls: Paradigm_fla.Female_Eye_771)
Exported frame 63/87 DefineSprite (chid: 141, cls: Paradigm_fla.Female_Eye_771)
Exported frame 64/87 DefineSprite (chid: 141, cls: Paradigm_fla.Female_Eye_771)
Exported frame 65/87 DefineSprite (chid: 141, cls: Paradigm_fla.Female_Eye_771)
Exported frame 66/87 DefineSprite (chid: 141, cls: Paradigm_fla.Female_Eye_771)
Exported frame 67/87 DefineSprite (chid: 141, cls: Paradigm_fla.Female_Eye_771)
Exported frame 68/87 DefineSprite (chid: 141, cls: Paradigm_fla.Female_Eye_771)
Exported frame 69/87 DefineSprite (chid: 141, cls: Paradigm_fla.Female_Eye_771)
Exported frame 70/87 DefineSprite (chid: 141, cls: Paradigm_fla.Female_Eye_771)
Exported frame 71/87 DefineSprite (chid: 141, cls: Paradigm_fla.Female_Eye_771)
Exported frame 72/87 DefineSprite (chid: 141, cls: Paradigm_fla.Female_Eye_771)
Exported frame 73/87 DefineSprite (chid: 141, cls: Paradigm_fla.Female_Eye_771)
Exported frame 74/87 DefineSprite (chid: 141, cls: Paradigm_fla.Female_Eye_771)
Exported frame 75/87 DefineSprite (chid: 141, cls: Paradigm_fla.Female_Eye_771)
Exported frame 76/87 DefineSprite (chid: 141, cls: Paradigm_fla.Female_Eye_771)
Exported frame 77/87 DefineSprite (chid: 141, cls: Paradigm_fla.Female_Eye_771)
Exported frame 78/87 DefineSprite (chid: 141, cls: Paradigm_fla.Female_Eye_771)
Exported frame 79/87 DefineSprite (chid: 141, cls: Paradigm_fla.Female_Eye_771)
Exported frame 80/87 DefineSprite (chid: 141, cls: Paradigm_fla.Female_Eye_771)
Exported frame 81/87 DefineSprite (chid: 141, cls: Paradigm_fla.Female_Eye_771)
Exported frame 82/87 DefineSprite (chid: 141, cls: Paradigm_fla.Female_Eye_771)
Exported frame 83/87 DefineSprite (chid: 141, cls: Paradigm_fla.Female_Eye_771)
Exported frame 84/87 DefineSprite (chid: 141, cls: Paradigm_fla.Female_Eye_771)
Exported frame 85/87 DefineSprite (chid: 141, cls: Paradigm_fla.Female_Eye_771)
Exported frame 86/87 DefineSprite (chid: 141, cls: Paradigm_fla.Female_Eye_771)
Exported frame 87/87 DefineSprite (chid: 141, cls: Paradigm_fla.Female_Eye_771)
Exported frame 1/1 DefineSprite (chid: 143)
Exported frame 1/1 DefineSprite (chid: 144, cls: Paradigm_fla.Female_Nose_778)
Exported frame 1/1 DefineSprite (chid: 146)
Exported frame 1/1 DefineSprite (chid: 147, cls: mcHeadF)
Exported frame 1/1 DefineSprite (chid: 152)
Exported frame 1/1 DefineSprite (chid: 154)
Exported frame 1/1 DefineSprite (chid: 156)
Exported frame 1/1 DefineSprite (chid: 158)
Exported frame 1/1 DefineSprite (chid: 160)
Exported frame 1/1 DefineSprite (chid: 162)
Exported frame 1/1 DefineSprite (chid: 164)
Exported frame 1/1 DefineSprite (chid: 167)
Exported frame 1/1 DefineSprite (chid: 168)
Exported frame 1/1 DefineSprite (chid: 170)
Exported frame 1/1 DefineSprite (chid: 172)
Exported frame 1/1 DefineSprite (chid: 174)
Exported frame 1/1 DefineSprite (chid: 176)
Exported frame 1/1 DefineSprite (chid: 178)
Exported frame 1/1 DefineSprite (chid: 180)
Exported frame 1/15 DefineSprite (chid: 181)
Exported frame 2/15 DefineSprite (chid: 181)
Exported frame 3/15 DefineSprite (chid: 181)
Exported frame 4/15 DefineSprite (chid: 181)
Exported frame 5/15 DefineSprite (chid: 181)
Exported frame 6/15 DefineSprite (chid: 181)
Exported frame 7/15 DefineSprite (chid: 181)
Exported frame 8/15 DefineSprite (chid: 181)
Exported frame 9/15 DefineSprite (chid: 181)
Exported frame 10/15 DefineSprite (chid: 181)
Exported frame 11/15 DefineSprite (chid: 181)
Exported frame 12/15 DefineSprite (chid: 181)
Exported frame 13/15 DefineSprite (chid: 181)
Exported frame 14/15 DefineSprite (chid: 181)
Exported frame 15/15 DefineSprite (chid: 181)
Exported frame 1/1 DefineSprite (chid: 183)
Exported frame 1/1 DefineSprite (chid: 185, cls: itemfile)
Exported frame 1/1 DefineSprite (chid: 188)
Exported frame 1/1 DefineSprite (chid: 190)
Exported frame 1/1 DefineSprite (chid: 192)
Exported frame 1/1 DefineSprite (chid: 194, cls: emotecomponent)
Exported frame 1/1 DefineSprite (chid: 196)
Exported frame 1/1 DefineSprite (chid: 197, cls: context)
Exported frame 1/1 DefineSprite (chid: 199)
Exported frame 1/1 DefineSprite (chid: 203)
Exported frame 1/1 DefineSprite (chid: 204)
Exported frame 1/1 DefineSprite (chid: 205, cls: contextitem)
Exported frame 1/1 DefineSprite (chid: 207, cls: contextdivider)
Exported frame 1/1 DefineSprite (chid: 210)
Exported frame 1/1 DefineSprite (chid: 223)
Exported frame 1/1 DefineSprite (chid: 226)
Exported frame 1/1 DefineSprite (chid: 228)
Exported frame 1/1 DefineSprite (chid: 229)
Exported frame 1/1 DefineSprite (chid: 233)
Exported frame 1/1 DefineSprite (chid: 235)
Exported frame 1/1 DefineSprite (chid: 238)
Exported frame 1/1 DefineSprite (chid: 240)
Exported frame 1/1 DefineSprite (chid: 242)
Exported frame 1/1 DefineSprite (chid: 244)
Exported frame 1/1 DefineSprite (chid: 246, cls: advcolor)
Exported frame 1/1 DefineSprite (chid: 248)
Exported frame 1/1 DefineSprite (chid: 249)
Exported frame 1/1 DefineSprite (chid: 252, cls: colorcomponent)
Exported frame 1/1 DefineSprite (chid: 254, cls: Weapon_Wrist_L)
Exported frame 1/1 DefineSprite (chid: 256, cls: Bicep_L)
Exported frame 1/1 DefineSprite (chid: 258, cls: Forearm_L)
Exported frame 1/1 DefineSprite (chid: 260, cls: Weapon_Auxiliary)
Exported frame 1/1 DefineSprite (chid: 262, cls: Weapon_Grenade)
Exported frame 1/1 DefineSprite (chid: 264, cls: Foot_L)
Exported frame 1/1 DefineSprite (chid: 266, cls: Thigh_L)
Exported frame 1/1 DefineSprite (chid: 268, cls: Shin_L)
Exported frame 1/1 DefineSprite (chid: 270, cls: Craft)
Exported frame 1/1 DefineSprite (chid: 272, cls: Head)
Exported frame 1/1 DefineSprite (chid: 274, cls: Body)
Exported frame 1/1 DefineSprite (chid: 276, cls: Hip)
Exported frame 1/1 DefineSprite (chid: 278, cls: Foot_R)
Exported frame 1/1 DefineSprite (chid: 280, cls: Thigh_R)
Exported frame 1/1 DefineSprite (chid: 281, cls: Thigh_R_Female)
Exported frame 1/1 DefineSprite (chid: 283, cls: Shin_R)
Exported frame 1/1 DefineSprite (chid: 285, cls: Weapon_Gun)
Exported frame 1/1 DefineSprite (chid: 286, cls: HairAbove)
Exported frame 1/1 DefineSprite (chid: 288, cls: Weapon_Staff)
Exported frame 1/1 DefineSprite (chid: 290, cls: Weapon_Blade)
Exported frame 1/1 DefineSprite (chid: 292, cls: Bicep_R)
Exported frame 1/1 DefineSprite (chid: 294, cls: Forearm_R)
Exported frame 1/1 DefineSprite (chid: 296, cls: Weapon_Wrist_R)
Exported frame 1/1 DefineSprite (chid: 298)
Exported frame 1/1 DefineSprite (chid: 309)
Exported frame 1/1 DefineSprite (chid: 319)
Exported frame 1/1 DefineSprite (chid: 321)
Exported frame 1/1 DefineSprite (chid: 323)
Exported frame 1/1 DefineSprite (chid: 325)
Exported frame 1/1 DefineSprite (chid: 331)
Exported frame 1/1 DefineSprite (chid: 333)
Exported frame 1/4 DefineSprite (chid: 349)
Exported frame 2/4 DefineSprite (chid: 349)
Exported frame 3/4 DefineSprite (chid: 349)
Exported frame 4/4 DefineSprite (chid: 349)
Exported frame 1/1 DefineSprite (chid: 352)
Exported frame 1/1 DefineSprite (chid: 356)
Exported frame 1/1 DefineSprite (chid: 357)
Exported frame 1/1 DefineSprite (chid: 360)
Exported frame 1/1 DefineSprite (chid: 361)
Exported frame 1/1 DefineSprite (chid: 362)
Exported frame 1/1 DefineSprite (chid: 364)
Exported frame 1/1 DefineSprite (chid: 382)
Exported frame 1/1 DefineSprite (chid: 384)
Exported frame 1/1 DefineSprite (chid: 386)
Exported frame 1/35 DefineSprite (chid: 392)
Exported frame 2/35 DefineSprite (chid: 392)
Exported frame 3/35 DefineSprite (chid: 392)
Exported frame 4/35 DefineSprite (chid: 392)
Exported frame 5/35 DefineSprite (chid: 392)
Exported frame 6/35 DefineSprite (chid: 392)
Exported frame 7/35 DefineSprite (chid: 392)
Exported frame 8/35 DefineSprite (chid: 392)
Exported frame 9/35 DefineSprite (chid: 392)
Exported frame 10/35 DefineSprite (chid: 392)
Exported frame 11/35 DefineSprite (chid: 392)
Exported frame 12/35 DefineSprite (chid: 392)
Exported frame 13/35 DefineSprite (chid: 392)
Exported frame 14/35 DefineSprite (chid: 392)
Exported frame 15/35 DefineSprite (chid: 392)
Exported frame 16/35 DefineSprite (chid: 392)
Exported frame 17/35 DefineSprite (chid: 392)
Exported frame 18/35 DefineSprite (chid: 392)
Exported frame 19/35 DefineSprite (chid: 392)
Exported frame 20/35 DefineSprite (chid: 392)
Exported frame 21/35 DefineSprite (chid: 392)
Exported frame 22/35 DefineSprite (chid: 392)
Exported frame 23/35 DefineSprite (chid: 392)
Exported frame 24/35 DefineSprite (chid: 392)
Exported frame 25/35 DefineSprite (chid: 392)
Exported frame 26/35 DefineSprite (chid: 392)
Exported frame 27/35 DefineSprite (chid: 392)
Exported frame 28/35 DefineSprite (chid: 392)
Exported frame 29/35 DefineSprite (chid: 392)
Exported frame 30/35 DefineSprite (chid: 392)
Exported frame 31/35 DefineSprite (chid: 392)
Exported frame 32/35 DefineSprite (chid: 392)
Exported frame 33/35 DefineSprite (chid: 392)
Exported frame 34/35 DefineSprite (chid: 392)
Exported frame 35/35 DefineSprite (chid: 392)
Exported frame 1/35 DefineSprite (chid: 393)
Exported frame 2/35 DefineSprite (chid: 393)
Exported frame 3/35 DefineSprite (chid: 393)
Exported frame 4/35 DefineSprite (chid: 393)
Exported frame 5/35 DefineSprite (chid: 393)
Exported frame 6/35 DefineSprite (chid: 393)
Exported frame 7/35 DefineSprite (chid: 393)
Exported frame 8/35 DefineSprite (chid: 393)
Exported frame 9/35 DefineSprite (chid: 393)
Exported frame 10/35 DefineSprite (chid: 393)
Exported frame 11/35 DefineSprite (chid: 393)
Exported frame 12/35 DefineSprite (chid: 393)
Exported frame 13/35 DefineSprite (chid: 393)
Exported frame 14/35 DefineSprite (chid: 393)
Exported frame 15/35 DefineSprite (chid: 393)
Exported frame 16/35 DefineSprite (chid: 393)
Exported frame 17/35 DefineSprite (chid: 393)
Exported frame 18/35 DefineSprite (chid: 393)
Exported frame 19/35 DefineSprite (chid: 393)
Exported frame 20/35 DefineSprite (chid: 393)
Exported frame 21/35 DefineSprite (chid: 393)
Exported frame 22/35 DefineSprite (chid: 393)
Exported frame 23/35 DefineSprite (chid: 393)
Exported frame 24/35 DefineSprite (chid: 393)
Exported frame 25/35 DefineSprite (chid: 393)
Exported frame 26/35 DefineSprite (chid: 393)
Exported frame 27/35 DefineSprite (chid: 393)
Exported frame 28/35 DefineSprite (chid: 393)
Exported frame 29/35 DefineSprite (chid: 393)
Exported frame 30/35 DefineSprite (chid: 393)
Exported frame 31/35 DefineSprite (chid: 393)
Exported frame 32/35 DefineSprite (chid: 393)
Exported frame 33/35 DefineSprite (chid: 393)
Exported frame 34/35 DefineSprite (chid: 393)
Exported frame 35/35 DefineSprite (chid: 393)
Exported frame 1/45 DefineSprite (chid: 394)
Exported frame 2/45 DefineSprite (chid: 394)
Exported frame 3/45 DefineSprite (chid: 394)
Exported frame 4/45 DefineSprite (chid: 394)
Exported frame 5/45 DefineSprite (chid: 394)
Exported frame 6/45 DefineSprite (chid: 394)
Exported frame 7/45 DefineSprite (chid: 394)
Exported frame 8/45 DefineSprite (chid: 394)
Exported frame 9/45 DefineSprite (chid: 394)
Exported frame 10/45 DefineSprite (chid: 394)
Exported frame 11/45 DefineSprite (chid: 394)
Exported frame 12/45 DefineSprite (chid: 394)
Exported frame 13/45 DefineSprite (chid: 394)
Exported frame 14/45 DefineSprite (chid: 394)
Exported frame 15/45 DefineSprite (chid: 394)
Exported frame 16/45 DefineSprite (chid: 394)
Exported frame 17/45 DefineSprite (chid: 394)
Exported frame 18/45 DefineSprite (chid: 394)
Exported frame 19/45 DefineSprite (chid: 394)
Exported frame 20/45 DefineSprite (chid: 394)
Exported frame 21/45 DefineSprite (chid: 394)
Exported frame 22/45 DefineSprite (chid: 394)
Exported frame 23/45 DefineSprite (chid: 394)
Exported frame 24/45 DefineSprite (chid: 394)
Exported frame 25/45 DefineSprite (chid: 394)
Exported frame 26/45 DefineSprite (chid: 394)
Exported frame 27/45 DefineSprite (chid: 394)
Exported frame 28/45 DefineSprite (chid: 394)
Exported frame 29/45 DefineSprite (chid: 394)
Exported frame 30/45 DefineSprite (chid: 394)
Exported frame 31/45 DefineSprite (chid: 394)
Exported frame 32/45 DefineSprite (chid: 394)
Exported frame 33/45 DefineSprite (chid: 394)
Exported frame 34/45 DefineSprite (chid: 394)
Exported frame 35/45 DefineSprite (chid: 394)
Exported frame 36/45 DefineSprite (chid: 394)
Exported frame 37/45 DefineSprite (chid: 394)
Exported frame 38/45 DefineSprite (chid: 394)
Exported frame 39/45 DefineSprite (chid: 394)
Exported frame 40/45 DefineSprite (chid: 394)
Exported frame 41/45 DefineSprite (chid: 394)
Exported frame 42/45 DefineSprite (chid: 394)
Exported frame 43/45 DefineSprite (chid: 394)
Exported frame 44/45 DefineSprite (chid: 394)
Exported frame 45/45 DefineSprite (chid: 394)
Exported frame 1/45 DefineSprite (chid: 395)
Exported frame 2/45 DefineSprite (chid: 395)
Exported frame 3/45 DefineSprite (chid: 395)
Exported frame 4/45 DefineSprite (chid: 395)
Exported frame 5/45 DefineSprite (chid: 395)
Exported frame 6/45 DefineSprite (chid: 395)
Exported frame 7/45 DefineSprite (chid: 395)
Exported frame 8/45 DefineSprite (chid: 395)
Exported frame 9/45 DefineSprite (chid: 395)
Exported frame 10/45 DefineSprite (chid: 395)
Exported frame 11/45 DefineSprite (chid: 395)
Exported frame 12/45 DefineSprite (chid: 395)
Exported frame 13/45 DefineSprite (chid: 395)
Exported frame 14/45 DefineSprite (chid: 395)
Exported frame 15/45 DefineSprite (chid: 395)
Exported frame 16/45 DefineSprite (chid: 395)
Exported frame 17/45 DefineSprite (chid: 395)
Exported frame 18/45 DefineSprite (chid: 395)
Exported frame 19/45 DefineSprite (chid: 395)
Exported frame 20/45 DefineSprite (chid: 395)
Exported frame 21/45 DefineSprite (chid: 395)
Exported frame 22/45 DefineSprite (chid: 395)
Exported frame 23/45 DefineSprite (chid: 395)
Exported frame 24/45 DefineSprite (chid: 395)
Exported frame 25/45 DefineSprite (chid: 395)
Exported frame 26/45 DefineSprite (chid: 395)
Exported frame 27/45 DefineSprite (chid: 395)
Exported frame 28/45 DefineSprite (chid: 395)
Exported frame 29/45 DefineSprite (chid: 395)
Exported frame 30/45 DefineSprite (chid: 395)
Exported frame 31/45 DefineSprite (chid: 395)
Exported frame 32/45 DefineSprite (chid: 395)
Exported frame 33/45 DefineSprite (chid: 395)
Exported frame 34/45 DefineSprite (chid: 395)
Exported frame 35/45 DefineSprite (chid: 395)
Exported frame 36/45 DefineSprite (chid: 395)
Exported frame 37/45 DefineSprite (chid: 395)
Exported frame 38/45 DefineSprite (chid: 395)
Exported frame 39/45 DefineSprite (chid: 395)
Exported frame 40/45 DefineSprite (chid: 395)
Exported frame 41/45 DefineSprite (chid: 395)
Exported frame 42/45 DefineSprite (chid: 395)
Exported frame 43/45 DefineSprite (chid: 395)
Exported frame 44/45 DefineSprite (chid: 395)
Exported frame 45/45 DefineSprite (chid: 395)
Exported frame 1/1 DefineSprite (chid: 397)
Exported frame 1/1 DefineSprite (chid: 399)
Exported frame 1/1 DefineSprite (chid: 401)
Exported frame 1/1 DefineSprite (chid: 403)
Exported frame 1/1 DefineSprite (chid: 405)
Exported frame 1/1 DefineSprite (chid: 408)
Exported frame 1/73 DefineSprite (chid: 410)
Exported frame 2/73 DefineSprite (chid: 410)
Exported frame 3/73 DefineSprite (chid: 410)
Exported frame 4/73 DefineSprite (chid: 410)
Exported frame 5/73 DefineSprite (chid: 410)
Exported frame 6/73 DefineSprite (chid: 410)
Exported frame 7/73 DefineSprite (chid: 410)
Exported frame 8/73 DefineSprite (chid: 410)
Exported frame 9/73 DefineSprite (chid: 410)
Exported frame 10/73 DefineSprite (chid: 410)
Exported frame 11/73 DefineSprite (chid: 410)
Exported frame 12/73 DefineSprite (chid: 410)
Exported frame 13/73 DefineSprite (chid: 410)
Exported frame 14/73 DefineSprite (chid: 410)
Exported frame 15/73 DefineSprite (chid: 410)
Exported frame 16/73 DefineSprite (chid: 410)
Exported frame 17/73 DefineSprite (chid: 410)
Exported frame 18/73 DefineSprite (chid: 410)
Exported frame 19/73 DefineSprite (chid: 410)
Exported frame 20/73 DefineSprite (chid: 410)
Exported frame 21/73 DefineSprite (chid: 410)
Exported frame 22/73 DefineSprite (chid: 410)
Exported frame 23/73 DefineSprite (chid: 410)
Exported frame 24/73 DefineSprite (chid: 410)
Exported frame 25/73 DefineSprite (chid: 410)
Exported frame 26/73 DefineSprite (chid: 410)
Exported frame 27/73 DefineSprite (chid: 410)
Exported frame 28/73 DefineSprite (chid: 410)
Exported frame 29/73 DefineSprite (chid: 410)
Exported frame 30/73 DefineSprite (chid: 410)
Exported frame 31/73 DefineSprite (chid: 410)
Exported frame 32/73 DefineSprite (chid: 410)
Exported frame 33/73 DefineSprite (chid: 410)
Exported frame 34/73 DefineSprite (chid: 410)
Exported frame 35/73 DefineSprite (chid: 410)
Exported frame 36/73 DefineSprite (chid: 410)
Exported frame 37/73 DefineSprite (chid: 410)
Exported frame 38/73 DefineSprite (chid: 410)
Exported frame 39/73 DefineSprite (chid: 410)
Exported frame 40/73 DefineSprite (chid: 410)
Exported frame 41/73 DefineSprite (chid: 410)
Exported frame 42/73 DefineSprite (chid: 410)
Exported frame 43/73 DefineSprite (chid: 410)
Exported frame 44/73 DefineSprite (chid: 410)
Exported frame 45/73 DefineSprite (chid: 410)
Exported frame 46/73 DefineSprite (chid: 410)
Exported frame 47/73 DefineSprite (chid: 410)
Exported frame 48/73 DefineSprite (chid: 410)
Exported frame 49/73 DefineSprite (chid: 410)
Exported frame 50/73 DefineSprite (chid: 410)
Exported frame 51/73 DefineSprite (chid: 410)
Exported frame 52/73 DefineSprite (chid: 410)
Exported frame 53/73 DefineSprite (chid: 410)
Exported frame 54/73 DefineSprite (chid: 410)
Exported frame 55/73 DefineSprite (chid: 410)
Exported frame 56/73 DefineSprite (chid: 410)
Exported frame 57/73 DefineSprite (chid: 410)
Exported frame 58/73 DefineSprite (chid: 410)
Exported frame 59/73 DefineSprite (chid: 410)
Exported frame 60/73 DefineSprite (chid: 410)
Exported frame 61/73 DefineSprite (chid: 410)
Exported frame 62/73 DefineSprite (chid: 410)
Exported frame 63/73 DefineSprite (chid: 410)
Exported frame 64/73 DefineSprite (chid: 410)
Exported frame 65/73 DefineSprite (chid: 410)
Exported frame 66/73 DefineSprite (chid: 410)
Exported frame 67/73 DefineSprite (chid: 410)
Exported frame 68/73 DefineSprite (chid: 410)
Exported frame 69/73 DefineSprite (chid: 410)
Exported frame 70/73 DefineSprite (chid: 410)
Exported frame 71/73 DefineSprite (chid: 410)
Exported frame 72/73 DefineSprite (chid: 410)
Exported frame 73/73 DefineSprite (chid: 410)
Exported frame 1/1 DefineSprite (chid: 412)
Exported frame 1/1 DefineSprite (chid: 413)
Exported frame 1/1 DefineSprite (chid: 415)
Exported frame 1/1 DefineSprite (chid: 417)
Exported frame 1/1 DefineSprite (chid: 419)
Exported frame 1/1 DefineSprite (chid: 420)
Exported frame 1/1 DefineSprite (chid: 421)
Exported frame 1/73 DefineSprite (chid: 423)
Exported frame 2/73 DefineSprite (chid: 423)
Exported frame 3/73 DefineSprite (chid: 423)
Exported frame 4/73 DefineSprite (chid: 423)
Exported frame 5/73 DefineSprite (chid: 423)
Exported frame 6/73 DefineSprite (chid: 423)
Exported frame 7/73 DefineSprite (chid: 423)
Exported frame 8/73 DefineSprite (chid: 423)
Exported frame 9/73 DefineSprite (chid: 423)
Exported frame 10/73 DefineSprite (chid: 423)
Exported frame 11/73 DefineSprite (chid: 423)
Exported frame 12/73 DefineSprite (chid: 423)
Exported frame 13/73 DefineSprite (chid: 423)
Exported frame 14/73 DefineSprite (chid: 423)
Exported frame 15/73 DefineSprite (chid: 423)
Exported frame 16/73 DefineSprite (chid: 423)
Exported frame 17/73 DefineSprite (chid: 423)
Exported frame 18/73 DefineSprite (chid: 423)
Exported frame 19/73 DefineSprite (chid: 423)
Exported frame 20/73 DefineSprite (chid: 423)
Exported frame 21/73 DefineSprite (chid: 423)
Exported frame 22/73 DefineSprite (chid: 423)
Exported frame 23/73 DefineSprite (chid: 423)
Exported frame 24/73 DefineSprite (chid: 423)
Exported frame 25/73 DefineSprite (chid: 423)
Exported frame 26/73 DefineSprite (chid: 423)
Exported frame 27/73 DefineSprite (chid: 423)
Exported frame 28/73 DefineSprite (chid: 423)
Exported frame 29/73 DefineSprite (chid: 423)
Exported frame 30/73 DefineSprite (chid: 423)
Exported frame 31/73 DefineSprite (chid: 423)
Exported frame 32/73 DefineSprite (chid: 423)
Exported frame 33/73 DefineSprite (chid: 423)
Exported frame 34/73 DefineSprite (chid: 423)
Exported frame 35/73 DefineSprite (chid: 423)
Exported frame 36/73 DefineSprite (chid: 423)
Exported frame 37/73 DefineSprite (chid: 423)
Exported frame 38/73 DefineSprite (chid: 423)
Exported frame 39/73 DefineSprite (chid: 423)
Exported frame 40/73 DefineSprite (chid: 423)
Exported frame 41/73 DefineSprite (chid: 423)
Exported frame 42/73 DefineSprite (chid: 423)
Exported frame 43/73 DefineSprite (chid: 423)
Exported frame 44/73 DefineSprite (chid: 423)
Exported frame 45/73 DefineSprite (chid: 423)
Exported frame 46/73 DefineSprite (chid: 423)
Exported frame 47/73 DefineSprite (chid: 423)
Exported frame 48/73 DefineSprite (chid: 423)
Exported frame 49/73 DefineSprite (chid: 423)
Exported frame 50/73 DefineSprite (chid: 423)
Exported frame 51/73 DefineSprite (chid: 423)
Exported frame 52/73 DefineSprite (chid: 423)
Exported frame 53/73 DefineSprite (chid: 423)
Exported frame 54/73 DefineSprite (chid: 423)
Exported frame 55/73 DefineSprite (chid: 423)
Exported frame 56/73 DefineSprite (chid: 423)
Exported frame 57/73 DefineSprite (chid: 423)
Exported frame 58/73 DefineSprite (chid: 423)
Exported frame 59/73 DefineSprite (chid: 423)
Exported frame 60/73 DefineSprite (chid: 423)
Exported frame 61/73 DefineSprite (chid: 423)
Exported frame 62/73 DefineSprite (chid: 423)
Exported frame 63/73 DefineSprite (chid: 423)
Exported frame 64/73 DefineSprite (chid: 423)
Exported frame 65/73 DefineSprite (chid: 423)
Exported frame 66/73 DefineSprite (chid: 423)
Exported frame 67/73 DefineSprite (chid: 423)
Exported frame 68/73 DefineSprite (chid: 423)
Exported frame 69/73 DefineSprite (chid: 423)
Exported frame 70/73 DefineSprite (chid: 423)
Exported frame 71/73 DefineSprite (chid: 423)
Exported frame 72/73 DefineSprite (chid: 423)
Exported frame 73/73 DefineSprite (chid: 423)
Exported frame 1/70 DefineSprite (chid: 425, cls: Paradigm_fla.fireworks_box_202)
Exported frame 2/70 DefineSprite (chid: 425, cls: Paradigm_fla.fireworks_box_202)
Exported frame 3/70 DefineSprite (chid: 425, cls: Paradigm_fla.fireworks_box_202)
Exported frame 4/70 DefineSprite (chid: 425, cls: Paradigm_fla.fireworks_box_202)
Exported frame 5/70 DefineSprite (chid: 425, cls: Paradigm_fla.fireworks_box_202)
Exported frame 6/70 DefineSprite (chid: 425, cls: Paradigm_fla.fireworks_box_202)
Exported frame 7/70 DefineSprite (chid: 425, cls: Paradigm_fla.fireworks_box_202)
Exported frame 8/70 DefineSprite (chid: 425, cls: Paradigm_fla.fireworks_box_202)
Exported frame 9/70 DefineSprite (chid: 425, cls: Paradigm_fla.fireworks_box_202)
Exported frame 10/70 DefineSprite (chid: 425, cls: Paradigm_fla.fireworks_box_202)
Exported frame 11/70 DefineSprite (chid: 425, cls: Paradigm_fla.fireworks_box_202)
Exported frame 12/70 DefineSprite (chid: 425, cls: Paradigm_fla.fireworks_box_202)
Exported frame 13/70 DefineSprite (chid: 425, cls: Paradigm_fla.fireworks_box_202)
Exported frame 14/70 DefineSprite (chid: 425, cls: Paradigm_fla.fireworks_box_202)
Exported frame 15/70 DefineSprite (chid: 425, cls: Paradigm_fla.fireworks_box_202)
Exported frame 16/70 DefineSprite (chid: 425, cls: Paradigm_fla.fireworks_box_202)
Exported frame 17/70 DefineSprite (chid: 425, cls: Paradigm_fla.fireworks_box_202)
Exported frame 18/70 DefineSprite (chid: 425, cls: Paradigm_fla.fireworks_box_202)
Exported frame 19/70 DefineSprite (chid: 425, cls: Paradigm_fla.fireworks_box_202)
Exported frame 20/70 DefineSprite (chid: 425, cls: Paradigm_fla.fireworks_box_202)
Exported frame 21/70 DefineSprite (chid: 425, cls: Paradigm_fla.fireworks_box_202)
Exported frame 22/70 DefineSprite (chid: 425, cls: Paradigm_fla.fireworks_box_202)
Exported frame 23/70 DefineSprite (chid: 425, cls: Paradigm_fla.fireworks_box_202)
Exported frame 24/70 DefineSprite (chid: 425, cls: Paradigm_fla.fireworks_box_202)
Exported frame 25/70 DefineSprite (chid: 425, cls: Paradigm_fla.fireworks_box_202)
Exported frame 26/70 DefineSprite (chid: 425, cls: Paradigm_fla.fireworks_box_202)
Exported frame 27/70 DefineSprite (chid: 425, cls: Paradigm_fla.fireworks_box_202)
Exported frame 28/70 DefineSprite (chid: 425, cls: Paradigm_fla.fireworks_box_202)
Exported frame 29/70 DefineSprite (chid: 425, cls: Paradigm_fla.fireworks_box_202)
Exported frame 30/70 DefineSprite (chid: 425, cls: Paradigm_fla.fireworks_box_202)
Exported frame 31/70 DefineSprite (chid: 425, cls: Paradigm_fla.fireworks_box_202)
Exported frame 32/70 DefineSprite (chid: 425, cls: Paradigm_fla.fireworks_box_202)
Exported frame 33/70 DefineSprite (chid: 425, cls: Paradigm_fla.fireworks_box_202)
Exported frame 34/70 DefineSprite (chid: 425, cls: Paradigm_fla.fireworks_box_202)
Exported frame 35/70 DefineSprite (chid: 425, cls: Paradigm_fla.fireworks_box_202)
Exported frame 36/70 DefineSprite (chid: 425, cls: Paradigm_fla.fireworks_box_202)
Exported frame 37/70 DefineSprite (chid: 425, cls: Paradigm_fla.fireworks_box_202)
Exported frame 38/70 DefineSprite (chid: 425, cls: Paradigm_fla.fireworks_box_202)
Exported frame 39/70 DefineSprite (chid: 425, cls: Paradigm_fla.fireworks_box_202)
Exported frame 40/70 DefineSprite (chid: 425, cls: Paradigm_fla.fireworks_box_202)
Exported frame 41/70 DefineSprite (chid: 425, cls: Paradigm_fla.fireworks_box_202)
Exported frame 42/70 DefineSprite (chid: 425, cls: Paradigm_fla.fireworks_box_202)
Exported frame 43/70 DefineSprite (chid: 425, cls: Paradigm_fla.fireworks_box_202)
Exported frame 44/70 DefineSprite (chid: 425, cls: Paradigm_fla.fireworks_box_202)
Exported frame 45/70 DefineSprite (chid: 425, cls: Paradigm_fla.fireworks_box_202)
Exported frame 46/70 DefineSprite (chid: 425, cls: Paradigm_fla.fireworks_box_202)
Exported frame 47/70 DefineSprite (chid: 425, cls: Paradigm_fla.fireworks_box_202)
Exported frame 48/70 DefineSprite (chid: 425, cls: Paradigm_fla.fireworks_box_202)
Exported frame 49/70 DefineSprite (chid: 425, cls: Paradigm_fla.fireworks_box_202)
Exported frame 50/70 DefineSprite (chid: 425, cls: Paradigm_fla.fireworks_box_202)
Exported frame 51/70 DefineSprite (chid: 425, cls: Paradigm_fla.fireworks_box_202)
Exported frame 52/70 DefineSprite (chid: 425, cls: Paradigm_fla.fireworks_box_202)
Exported frame 53/70 DefineSprite (chid: 425, cls: Paradigm_fla.fireworks_box_202)
Exported frame 54/70 DefineSprite (chid: 425, cls: Paradigm_fla.fireworks_box_202)
Exported frame 55/70 DefineSprite (chid: 425, cls: Paradigm_fla.fireworks_box_202)
Exported frame 56/70 DefineSprite (chid: 425, cls: Paradigm_fla.fireworks_box_202)
Exported frame 57/70 DefineSprite (chid: 425, cls: Paradigm_fla.fireworks_box_202)
Exported frame 58/70 DefineSprite (chid: 425, cls: Paradigm_fla.fireworks_box_202)
Exported frame 59/70 DefineSprite (chid: 425, cls: Paradigm_fla.fireworks_box_202)
Exported frame 60/70 DefineSprite (chid: 425, cls: Paradigm_fla.fireworks_box_202)
Exported frame 61/70 DefineSprite (chid: 425, cls: Paradigm_fla.fireworks_box_202)
Exported frame 62/70 DefineSprite (chid: 425, cls: Paradigm_fla.fireworks_box_202)
Exported frame 63/70 DefineSprite (chid: 425, cls: Paradigm_fla.fireworks_box_202)
Exported frame 64/70 DefineSprite (chid: 425, cls: Paradigm_fla.fireworks_box_202)
Exported frame 65/70 DefineSprite (chid: 425, cls: Paradigm_fla.fireworks_box_202)
Exported frame 66/70 DefineSprite (chid: 425, cls: Paradigm_fla.fireworks_box_202)
Exported frame 67/70 DefineSprite (chid: 425, cls: Paradigm_fla.fireworks_box_202)
Exported frame 68/70 DefineSprite (chid: 425, cls: Paradigm_fla.fireworks_box_202)
Exported frame 69/70 DefineSprite (chid: 425, cls: Paradigm_fla.fireworks_box_202)
Exported frame 70/70 DefineSprite (chid: 425, cls: Paradigm_fla.fireworks_box_202)
Exported frame 1/1 DefineSprite (chid: 442)
Exported frame 1/6 DefineSprite (chid: 455)
Exported frame 2/6 DefineSprite (chid: 455)
Exported frame 3/6 DefineSprite (chid: 455)
Exported frame 4/6 DefineSprite (chid: 455)
Exported frame 5/6 DefineSprite (chid: 455)
Exported frame 6/6 DefineSprite (chid: 455)
Exported frame 1/2 DefineSprite (chid: 457)
Exported frame 2/2 DefineSprite (chid: 457)
Exported frame 1/7 DefineSprite (chid: 465)
Exported frame 2/7 DefineSprite (chid: 465)
Exported frame 3/7 DefineSprite (chid: 465)
Exported frame 4/7 DefineSprite (chid: 465)
Exported frame 5/7 DefineSprite (chid: 465)
Exported frame 6/7 DefineSprite (chid: 465)
Exported frame 7/7 DefineSprite (chid: 465)
Exported frame 1/7 DefineSprite (chid: 473)
Exported frame 2/7 DefineSprite (chid: 473)
Exported frame 3/7 DefineSprite (chid: 473)
Exported frame 4/7 DefineSprite (chid: 473)
Exported frame 5/7 DefineSprite (chid: 473)
Exported frame 6/7 DefineSprite (chid: 473)
Exported frame 7/7 DefineSprite (chid: 473)
Exported frame 1/1 DefineSprite (chid: 474)
Exported frame 1/2 DefineSprite (chid: 476)
Exported frame 2/2 DefineSprite (chid: 476)
Exported frame 1/1 DefineSprite (chid: 478)
Exported frame 1/1 DefineSprite (chid: 480)
Exported frame 1/1 DefineSprite (chid: 484)
Exported frame 1/50 DefineSprite (chid: 485)
Exported frame 2/50 DefineSprite (chid: 485)
Exported frame 3/50 DefineSprite (chid: 485)
Exported frame 4/50 DefineSprite (chid: 485)
Exported frame 5/50 DefineSprite (chid: 485)
Exported frame 6/50 DefineSprite (chid: 485)
Exported frame 7/50 DefineSprite (chid: 485)
Exported frame 8/50 DefineSprite (chid: 485)
Exported frame 9/50 DefineSprite (chid: 485)
Exported frame 10/50 DefineSprite (chid: 485)
Exported frame 11/50 DefineSprite (chid: 485)
Exported frame 12/50 DefineSprite (chid: 485)
Exported frame 13/50 DefineSprite (chid: 485)
Exported frame 14/50 DefineSprite (chid: 485)
Exported frame 15/50 DefineSprite (chid: 485)
Exported frame 16/50 DefineSprite (chid: 485)
Exported frame 17/50 DefineSprite (chid: 485)
Exported frame 18/50 DefineSprite (chid: 485)
Exported frame 19/50 DefineSprite (chid: 485)
Exported frame 20/50 DefineSprite (chid: 485)
Exported frame 21/50 DefineSprite (chid: 485)
Exported frame 22/50 DefineSprite (chid: 485)
Exported frame 23/50 DefineSprite (chid: 485)
Exported frame 24/50 DefineSprite (chid: 485)
Exported frame 25/50 DefineSprite (chid: 485)
Exported frame 26/50 DefineSprite (chid: 485)
Exported frame 27/50 DefineSprite (chid: 485)
Exported frame 28/50 DefineSprite (chid: 485)
Exported frame 29/50 DefineSprite (chid: 485)
Exported frame 30/50 DefineSprite (chid: 485)
Exported frame 31/50 DefineSprite (chid: 485)
Exported frame 32/50 DefineSprite (chid: 485)
Exported frame 33/50 DefineSprite (chid: 485)
Exported frame 34/50 DefineSprite (chid: 485)
Exported frame 35/50 DefineSprite (chid: 485)
Exported frame 36/50 DefineSprite (chid: 485)
Exported frame 37/50 DefineSprite (chid: 485)
Exported frame 38/50 DefineSprite (chid: 485)
Exported frame 39/50 DefineSprite (chid: 485)
Exported frame 40/50 DefineSprite (chid: 485)
Exported frame 41/50 DefineSprite (chid: 485)
Exported frame 42/50 DefineSprite (chid: 485)
Exported frame 43/50 DefineSprite (chid: 485)
Exported frame 44/50 DefineSprite (chid: 485)
Exported frame 45/50 DefineSprite (chid: 485)
Exported frame 46/50 DefineSprite (chid: 485)
Exported frame 47/50 DefineSprite (chid: 485)
Exported frame 48/50 DefineSprite (chid: 485)
Exported frame 49/50 DefineSprite (chid: 485)
Exported frame 50/50 DefineSprite (chid: 485)
Exported frame 1/1 DefineSprite (chid: 487)
Exported frame 1/1 DefineSprite (chid: 489)
Exported frame 1/1 DefineSprite (chid: 491)
Exported frame 1/1 DefineSprite (chid: 493)
Exported frame 1/30 DefineSprite (chid: 494)
Exported frame 2/30 DefineSprite (chid: 494)
Exported frame 3/30 DefineSprite (chid: 494)
Exported frame 4/30 DefineSprite (chid: 494)
Exported frame 5/30 DefineSprite (chid: 494)
Exported frame 6/30 DefineSprite (chid: 494)
Exported frame 7/30 DefineSprite (chid: 494)
Exported frame 8/30 DefineSprite (chid: 494)
Exported frame 9/30 DefineSprite (chid: 494)
Exported frame 10/30 DefineSprite (chid: 494)
Exported frame 11/30 DefineSprite (chid: 494)
Exported frame 12/30 DefineSprite (chid: 494)
Exported frame 13/30 DefineSprite (chid: 494)
Exported frame 14/30 DefineSprite (chid: 494)
Exported frame 15/30 DefineSprite (chid: 494)
Exported frame 16/30 DefineSprite (chid: 494)
Exported frame 17/30 DefineSprite (chid: 494)
Exported frame 18/30 DefineSprite (chid: 494)
Exported frame 19/30 DefineSprite (chid: 494)
Exported frame 20/30 DefineSprite (chid: 494)
Exported frame 21/30 DefineSprite (chid: 494)
Exported frame 22/30 DefineSprite (chid: 494)
Exported frame 23/30 DefineSprite (chid: 494)
Exported frame 24/30 DefineSprite (chid: 494)
Exported frame 25/30 DefineSprite (chid: 494)
Exported frame 26/30 DefineSprite (chid: 494)
Exported frame 27/30 DefineSprite (chid: 494)
Exported frame 28/30 DefineSprite (chid: 494)
Exported frame 29/30 DefineSprite (chid: 494)
Exported frame 30/30 DefineSprite (chid: 494)
Exported frame 1/1 DefineSprite (chid: 496)
Exported frame 1/1 DefineSprite (chid: 498)
Exported frame 1/1 DefineSprite (chid: 501)
Exported frame 1/48 DefineSprite (chid: 507, cls: Paradigm_fla.multicannoncopy_232)
Exported frame 2/48 DefineSprite (chid: 507, cls: Paradigm_fla.multicannoncopy_232)
Exported frame 3/48 DefineSprite (chid: 507, cls: Paradigm_fla.multicannoncopy_232)
Exported frame 4/48 DefineSprite (chid: 507, cls: Paradigm_fla.multicannoncopy_232)
Exported frame 5/48 DefineSprite (chid: 507, cls: Paradigm_fla.multicannoncopy_232)
Exported frame 6/48 DefineSprite (chid: 507, cls: Paradigm_fla.multicannoncopy_232)
Exported frame 7/48 DefineSprite (chid: 507, cls: Paradigm_fla.multicannoncopy_232)
Exported frame 8/48 DefineSprite (chid: 507, cls: Paradigm_fla.multicannoncopy_232)
Exported frame 9/48 DefineSprite (chid: 507, cls: Paradigm_fla.multicannoncopy_232)
Exported frame 10/48 DefineSprite (chid: 507, cls: Paradigm_fla.multicannoncopy_232)
Exported frame 11/48 DefineSprite (chid: 507, cls: Paradigm_fla.multicannoncopy_232)
Exported frame 12/48 DefineSprite (chid: 507, cls: Paradigm_fla.multicannoncopy_232)
Exported frame 13/48 DefineSprite (chid: 507, cls: Paradigm_fla.multicannoncopy_232)
Exported frame 14/48 DefineSprite (chid: 507, cls: Paradigm_fla.multicannoncopy_232)
Exported frame 15/48 DefineSprite (chid: 507, cls: Paradigm_fla.multicannoncopy_232)
Exported frame 16/48 DefineSprite (chid: 507, cls: Paradigm_fla.multicannoncopy_232)
Exported frame 17/48 DefineSprite (chid: 507, cls: Paradigm_fla.multicannoncopy_232)
Exported frame 18/48 DefineSprite (chid: 507, cls: Paradigm_fla.multicannoncopy_232)
Exported frame 19/48 DefineSprite (chid: 507, cls: Paradigm_fla.multicannoncopy_232)
Exported frame 20/48 DefineSprite (chid: 507, cls: Paradigm_fla.multicannoncopy_232)
Exported frame 21/48 DefineSprite (chid: 507, cls: Paradigm_fla.multicannoncopy_232)
Exported frame 22/48 DefineSprite (chid: 507, cls: Paradigm_fla.multicannoncopy_232)
Exported frame 23/48 DefineSprite (chid: 507, cls: Paradigm_fla.multicannoncopy_232)
Exported frame 24/48 DefineSprite (chid: 507, cls: Paradigm_fla.multicannoncopy_232)
Exported frame 25/48 DefineSprite (chid: 507, cls: Paradigm_fla.multicannoncopy_232)
Exported frame 26/48 DefineSprite (chid: 507, cls: Paradigm_fla.multicannoncopy_232)
Exported frame 27/48 DefineSprite (chid: 507, cls: Paradigm_fla.multicannoncopy_232)
Exported frame 28/48 DefineSprite (chid: 507, cls: Paradigm_fla.multicannoncopy_232)
Exported frame 29/48 DefineSprite (chid: 507, cls: Paradigm_fla.multicannoncopy_232)
Exported frame 30/48 DefineSprite (chid: 507, cls: Paradigm_fla.multicannoncopy_232)
Exported frame 31/48 DefineSprite (chid: 507, cls: Paradigm_fla.multicannoncopy_232)
Exported frame 32/48 DefineSprite (chid: 507, cls: Paradigm_fla.multicannoncopy_232)
Exported frame 33/48 DefineSprite (chid: 507, cls: Paradigm_fla.multicannoncopy_232)
Exported frame 34/48 DefineSprite (chid: 507, cls: Paradigm_fla.multicannoncopy_232)
Exported frame 35/48 DefineSprite (chid: 507, cls: Paradigm_fla.multicannoncopy_232)
Exported frame 36/48 DefineSprite (chid: 507, cls: Paradigm_fla.multicannoncopy_232)
Exported frame 37/48 DefineSprite (chid: 507, cls: Paradigm_fla.multicannoncopy_232)
Exported frame 38/48 DefineSprite (chid: 507, cls: Paradigm_fla.multicannoncopy_232)
Exported frame 39/48 DefineSprite (chid: 507, cls: Paradigm_fla.multicannoncopy_232)
Exported frame 40/48 DefineSprite (chid: 507, cls: Paradigm_fla.multicannoncopy_232)
Exported frame 41/48 DefineSprite (chid: 507, cls: Paradigm_fla.multicannoncopy_232)
Exported frame 42/48 DefineSprite (chid: 507, cls: Paradigm_fla.multicannoncopy_232)
Exported frame 43/48 DefineSprite (chid: 507, cls: Paradigm_fla.multicannoncopy_232)
Exported frame 44/48 DefineSprite (chid: 507, cls: Paradigm_fla.multicannoncopy_232)
Exported frame 45/48 DefineSprite (chid: 507, cls: Paradigm_fla.multicannoncopy_232)
Exported frame 46/48 DefineSprite (chid: 507, cls: Paradigm_fla.multicannoncopy_232)
Exported frame 47/48 DefineSprite (chid: 507, cls: Paradigm_fla.multicannoncopy_232)
Exported frame 48/48 DefineSprite (chid: 507, cls: Paradigm_fla.multicannoncopy_232)
Exported frame 1/1 DefineSprite (chid: 511)
Exported frame 1/1 DefineSprite (chid: 513)
Exported frame 1/1 DefineSprite (chid: 514)
Exported frame 1/26 DefineSprite (chid: 516)
Exported frame 2/26 DefineSprite (chid: 516)
Exported frame 3/26 DefineSprite (chid: 516)
Exported frame 4/26 DefineSprite (chid: 516)
Exported frame 5/26 DefineSprite (chid: 516)
Exported frame 6/26 DefineSprite (chid: 516)
Exported frame 7/26 DefineSprite (chid: 516)
Exported frame 8/26 DefineSprite (chid: 516)
Exported frame 9/26 DefineSprite (chid: 516)
Exported frame 10/26 DefineSprite (chid: 516)
Exported frame 11/26 DefineSprite (chid: 516)
Exported frame 12/26 DefineSprite (chid: 516)
Exported frame 13/26 DefineSprite (chid: 516)
Exported frame 14/26 DefineSprite (chid: 516)
Exported frame 15/26 DefineSprite (chid: 516)
Exported frame 16/26 DefineSprite (chid: 516)
Exported frame 17/26 DefineSprite (chid: 516)
Exported frame 18/26 DefineSprite (chid: 516)
Exported frame 19/26 DefineSprite (chid: 516)
Exported frame 20/26 DefineSprite (chid: 516)
Exported frame 21/26 DefineSprite (chid: 516)
Exported frame 22/26 DefineSprite (chid: 516)
Exported frame 23/26 DefineSprite (chid: 516)
Exported frame 24/26 DefineSprite (chid: 516)
Exported frame 25/26 DefineSprite (chid: 516)
Exported frame 26/26 DefineSprite (chid: 516)
Exported frame 1/1 DefineSprite (chid: 526)
Exported frame 1/1 DefineSprite (chid: 528)
Exported frame 1/1 DefineSprite (chid: 530)
Exported frame 1/1 DefineSprite (chid: 533)
Exported frame 1/1 DefineSprite (chid: 534)
Exported frame 1/1 DefineSprite (chid: 536)
Exported frame 1/1 DefineSprite (chid: 538)
Exported frame 1/1 DefineSprite (chid: 540)
Exported frame 1/1 DefineSprite (chid: 542)
Exported frame 1/1 DefineSprite (chid: 545)
Exported frame 1/1 DefineSprite (chid: 546)
Exported frame 1/1 DefineSprite (chid: 548)
Exported frame 1/1 DefineSprite (chid: 550)
Exported frame 1/1 DefineSprite (chid: 552)
Exported frame 1/2 DefineSprite (chid: 555)
Exported frame 2/2 DefineSprite (chid: 555)
Exported frame 1/2 DefineSprite (chid: 558)
Exported frame 2/2 DefineSprite (chid: 558)
Exported frame 1/2 DefineSprite (chid: 561)
Exported frame 2/2 DefineSprite (chid: 561)
Exported frame 1/3 DefineSprite (chid: 565)
Exported frame 2/3 DefineSprite (chid: 565)
Exported frame 3/3 DefineSprite (chid: 565)
Exported frame 1/2 DefineSprite (chid: 566)
Exported frame 2/2 DefineSprite (chid: 566)
Exported frame 1/65 DefineSprite (chid: 567, cls: Paradigm_fla.proton_cannon_249)
Exported frame 2/65 DefineSprite (chid: 567, cls: Paradigm_fla.proton_cannon_249)
Exported frame 3/65 DefineSprite (chid: 567, cls: Paradigm_fla.proton_cannon_249)
Exported frame 4/65 DefineSprite (chid: 567, cls: Paradigm_fla.proton_cannon_249)
Exported frame 5/65 DefineSprite (chid: 567, cls: Paradigm_fla.proton_cannon_249)
Exported frame 6/65 DefineSprite (chid: 567, cls: Paradigm_fla.proton_cannon_249)
Exported frame 7/65 DefineSprite (chid: 567, cls: Paradigm_fla.proton_cannon_249)
Exported frame 8/65 DefineSprite (chid: 567, cls: Paradigm_fla.proton_cannon_249)
Exported frame 9/65 DefineSprite (chid: 567, cls: Paradigm_fla.proton_cannon_249)
Exported frame 10/65 DefineSprite (chid: 567, cls: Paradigm_fla.proton_cannon_249)
Exported frame 11/65 DefineSprite (chid: 567, cls: Paradigm_fla.proton_cannon_249)
Exported frame 12/65 DefineSprite (chid: 567, cls: Paradigm_fla.proton_cannon_249)
Exported frame 13/65 DefineSprite (chid: 567, cls: Paradigm_fla.proton_cannon_249)
Exported frame 14/65 DefineSprite (chid: 567, cls: Paradigm_fla.proton_cannon_249)
Exported frame 15/65 DefineSprite (chid: 567, cls: Paradigm_fla.proton_cannon_249)
Exported frame 16/65 DefineSprite (chid: 567, cls: Paradigm_fla.proton_cannon_249)
Exported frame 17/65 DefineSprite (chid: 567, cls: Paradigm_fla.proton_cannon_249)
Exported frame 18/65 DefineSprite (chid: 567, cls: Paradigm_fla.proton_cannon_249)
Exported frame 19/65 DefineSprite (chid: 567, cls: Paradigm_fla.proton_cannon_249)
Exported frame 20/65 DefineSprite (chid: 567, cls: Paradigm_fla.proton_cannon_249)
Exported frame 21/65 DefineSprite (chid: 567, cls: Paradigm_fla.proton_cannon_249)
Exported frame 22/65 DefineSprite (chid: 567, cls: Paradigm_fla.proton_cannon_249)
Exported frame 23/65 DefineSprite (chid: 567, cls: Paradigm_fla.proton_cannon_249)
Exported frame 24/65 DefineSprite (chid: 567, cls: Paradigm_fla.proton_cannon_249)
Exported frame 25/65 DefineSprite (chid: 567, cls: Paradigm_fla.proton_cannon_249)
Exported frame 26/65 DefineSprite (chid: 567, cls: Paradigm_fla.proton_cannon_249)
Exported frame 27/65 DefineSprite (chid: 567, cls: Paradigm_fla.proton_cannon_249)
Exported frame 28/65 DefineSprite (chid: 567, cls: Paradigm_fla.proton_cannon_249)
Exported frame 29/65 DefineSprite (chid: 567, cls: Paradigm_fla.proton_cannon_249)
Exported frame 30/65 DefineSprite (chid: 567, cls: Paradigm_fla.proton_cannon_249)
Exported frame 31/65 DefineSprite (chid: 567, cls: Paradigm_fla.proton_cannon_249)
Exported frame 32/65 DefineSprite (chid: 567, cls: Paradigm_fla.proton_cannon_249)
Exported frame 33/65 DefineSprite (chid: 567, cls: Paradigm_fla.proton_cannon_249)
Exported frame 34/65 DefineSprite (chid: 567, cls: Paradigm_fla.proton_cannon_249)
Exported frame 35/65 DefineSprite (chid: 567, cls: Paradigm_fla.proton_cannon_249)
Exported frame 36/65 DefineSprite (chid: 567, cls: Paradigm_fla.proton_cannon_249)
Exported frame 37/65 DefineSprite (chid: 567, cls: Paradigm_fla.proton_cannon_249)
Exported frame 38/65 DefineSprite (chid: 567, cls: Paradigm_fla.proton_cannon_249)
Exported frame 39/65 DefineSprite (chid: 567, cls: Paradigm_fla.proton_cannon_249)
Exported frame 40/65 DefineSprite (chid: 567, cls: Paradigm_fla.proton_cannon_249)
Exported frame 41/65 DefineSprite (chid: 567, cls: Paradigm_fla.proton_cannon_249)
Exported frame 42/65 DefineSprite (chid: 567, cls: Paradigm_fla.proton_cannon_249)
Exported frame 43/65 DefineSprite (chid: 567, cls: Paradigm_fla.proton_cannon_249)
Exported frame 44/65 DefineSprite (chid: 567, cls: Paradigm_fla.proton_cannon_249)
Exported frame 45/65 DefineSprite (chid: 567, cls: Paradigm_fla.proton_cannon_249)
Exported frame 46/65 DefineSprite (chid: 567, cls: Paradigm_fla.proton_cannon_249)
Exported frame 47/65 DefineSprite (chid: 567, cls: Paradigm_fla.proton_cannon_249)
Exported frame 48/65 DefineSprite (chid: 567, cls: Paradigm_fla.proton_cannon_249)
Exported frame 49/65 DefineSprite (chid: 567, cls: Paradigm_fla.proton_cannon_249)
Exported frame 50/65 DefineSprite (chid: 567, cls: Paradigm_fla.proton_cannon_249)
Exported frame 51/65 DefineSprite (chid: 567, cls: Paradigm_fla.proton_cannon_249)
Exported frame 52/65 DefineSprite (chid: 567, cls: Paradigm_fla.proton_cannon_249)
Exported frame 53/65 DefineSprite (chid: 567, cls: Paradigm_fla.proton_cannon_249)
Exported frame 54/65 DefineSprite (chid: 567, cls: Paradigm_fla.proton_cannon_249)
Exported frame 55/65 DefineSprite (chid: 567, cls: Paradigm_fla.proton_cannon_249)
Exported frame 56/65 DefineSprite (chid: 567, cls: Paradigm_fla.proton_cannon_249)
Exported frame 57/65 DefineSprite (chid: 567, cls: Paradigm_fla.proton_cannon_249)
Exported frame 58/65 DefineSprite (chid: 567, cls: Paradigm_fla.proton_cannon_249)
Exported frame 59/65 DefineSprite (chid: 567, cls: Paradigm_fla.proton_cannon_249)
Exported frame 60/65 DefineSprite (chid: 567, cls: Paradigm_fla.proton_cannon_249)
Exported frame 61/65 DefineSprite (chid: 567, cls: Paradigm_fla.proton_cannon_249)
Exported frame 62/65 DefineSprite (chid: 567, cls: Paradigm_fla.proton_cannon_249)
Exported frame 63/65 DefineSprite (chid: 567, cls: Paradigm_fla.proton_cannon_249)
Exported frame 64/65 DefineSprite (chid: 567, cls: Paradigm_fla.proton_cannon_249)
Exported frame 65/65 DefineSprite (chid: 567, cls: Paradigm_fla.proton_cannon_249)
Exported frame 1/5 DefineSprite (chid: 573)
Exported frame 2/5 DefineSprite (chid: 573)
Exported frame 3/5 DefineSprite (chid: 573)
Exported frame 4/5 DefineSprite (chid: 573)
Exported frame 5/5 DefineSprite (chid: 573)
Exported frame 1/15 DefineSprite (chid: 578)
Exported frame 2/15 DefineSprite (chid: 578)
Exported frame 3/15 DefineSprite (chid: 578)
Exported frame 4/15 DefineSprite (chid: 578)
Exported frame 5/15 DefineSprite (chid: 578)
Exported frame 6/15 DefineSprite (chid: 578)
Exported frame 7/15 DefineSprite (chid: 578)
Exported frame 8/15 DefineSprite (chid: 578)
Exported frame 9/15 DefineSprite (chid: 578)
Exported frame 10/15 DefineSprite (chid: 578)
Exported frame 11/15 DefineSprite (chid: 578)
Exported frame 12/15 DefineSprite (chid: 578)
Exported frame 13/15 DefineSprite (chid: 578)
Exported frame 14/15 DefineSprite (chid: 578)
Exported frame 15/15 DefineSprite (chid: 578)
Exported frame 1/8 DefineSprite (chid: 586)
Exported frame 2/8 DefineSprite (chid: 586)
Exported frame 3/8 DefineSprite (chid: 586)
Exported frame 4/8 DefineSprite (chid: 586)
Exported frame 5/8 DefineSprite (chid: 586)
Exported frame 6/8 DefineSprite (chid: 586)
Exported frame 7/8 DefineSprite (chid: 586)
Exported frame 8/8 DefineSprite (chid: 586)
Exported frame 1/7 DefineSprite (chid: 594)
Exported frame 2/7 DefineSprite (chid: 594)
Exported frame 3/7 DefineSprite (chid: 594)
Exported frame 4/7 DefineSprite (chid: 594)
Exported frame 5/7 DefineSprite (chid: 594)
Exported frame 6/7 DefineSprite (chid: 594)
Exported frame 7/7 DefineSprite (chid: 594)
Exported frame 1/1 DefineSprite (chid: 596)
Exported frame 1/5 DefineSprite (chid: 602)
Exported frame 2/5 DefineSprite (chid: 602)
Exported frame 3/5 DefineSprite (chid: 602)
Exported frame 4/5 DefineSprite (chid: 602)
Exported frame 5/5 DefineSprite (chid: 602)
Exported frame 1/1 DefineSprite (chid: 605)
Exported frame 1/1 DefineSprite (chid: 607)
Exported frame 1/1 DefineSprite (chid: 609)
Exported frame 1/1 DefineSprite (chid: 611)
Exported frame 1/1 DefineSprite (chid: 613)
Exported frame 1/1 DefineSprite (chid: 621)
Exported frame 1/32 DefineSprite (chid: 637)
Exported frame 2/32 DefineSprite (chid: 637)
Exported frame 3/32 DefineSprite (chid: 637)
Exported frame 4/32 DefineSprite (chid: 637)
Exported frame 5/32 DefineSprite (chid: 637)
Exported frame 6/32 DefineSprite (chid: 637)
Exported frame 7/32 DefineSprite (chid: 637)
Exported frame 8/32 DefineSprite (chid: 637)
Exported frame 9/32 DefineSprite (chid: 637)
Exported frame 10/32 DefineSprite (chid: 637)
Exported frame 11/32 DefineSprite (chid: 637)
Exported frame 12/32 DefineSprite (chid: 637)
Exported frame 13/32 DefineSprite (chid: 637)
Exported frame 14/32 DefineSprite (chid: 637)
Exported frame 15/32 DefineSprite (chid: 637)
Exported frame 16/32 DefineSprite (chid: 637)
Exported frame 17/32 DefineSprite (chid: 637)
Exported frame 18/32 DefineSprite (chid: 637)
Exported frame 19/32 DefineSprite (chid: 637)
Exported frame 20/32 DefineSprite (chid: 637)
Exported frame 21/32 DefineSprite (chid: 637)
Exported frame 22/32 DefineSprite (chid: 637)
Exported frame 23/32 DefineSprite (chid: 637)
Exported frame 24/32 DefineSprite (chid: 637)
Exported frame 25/32 DefineSprite (chid: 637)
Exported frame 26/32 DefineSprite (chid: 637)
Exported frame 27/32 DefineSprite (chid: 637)
Exported frame 28/32 DefineSprite (chid: 637)
Exported frame 29/32 DefineSprite (chid: 637)
Exported frame 30/32 DefineSprite (chid: 637)
Exported frame 31/32 DefineSprite (chid: 637)
Exported frame 32/32 DefineSprite (chid: 637)
Exported frame 1/1 DefineSprite (chid: 638)
Exported frame 1/1 DefineSprite (chid: 640)
Exported frame 1/1 DefineSprite (chid: 642)
Exported frame 1/1 DefineSprite (chid: 644)
Exported frame 1/1 DefineSprite (chid: 645)
Exported frame 1/1 DefineSprite (chid: 647)
Exported frame 1/1 DefineSprite (chid: 649)
Exported frame 1/1 DefineSprite (chid: 651)
Exported frame 1/1 DefineSprite (chid: 653)
Exported frame 1/1 DefineSprite (chid: 655)
Exported frame 1/1 DefineSprite (chid: 657)
Exported frame 1/1 DefineSprite (chid: 659)
Exported frame 1/1 DefineSprite (chid: 661)
Exported frame 1/1 DefineSprite (chid: 663)
Exported frame 1/1 DefineSprite (chid: 665)
Exported frame 1/1 DefineSprite (chid: 667)
Exported frame 1/1 DefineSprite (chid: 669)
Exported frame 1/1 DefineSprite (chid: 671)
Exported frame 1/1 DefineSprite (chid: 673)
Exported frame 1/1 DefineSprite (chid: 675)
Exported frame 1/1 DefineSprite (chid: 677)
Exported frame 1/1 DefineSprite (chid: 679)
Exported frame 1/1 DefineSprite (chid: 681)
Exported frame 1/1 DefineSprite (chid: 704)
Exported frame 1/1 DefineSprite (chid: 705)
Exported frame 1/1 DefineSprite (chid: 709)
Exported frame 1/1 DefineSprite (chid: 712)
Exported frame 1/1 DefineSprite (chid: 714)
Exported frame 1/1 DefineSprite (chid: 716)
Exported frame 1/1 DefineSprite (chid: 718)
Exported frame 1/1 DefineSprite (chid: 719)
Exported frame 1/1 DefineSprite (chid: 721)
Exported frame 1/1 DefineSprite (chid: 723)
Exported frame 1/1 DefineSprite (chid: 725)
Exported frame 1/1 DefineSprite (chid: 726)
Exported frame 1/1 DefineSprite (chid: 728)
Exported frame 1/1 DefineSprite (chid: 730)
Exported frame 1/1 DefineSprite (chid: 732)
Exported frame 1/1 DefineSprite (chid: 734)
Exported frame 1/1 DefineSprite (chid: 736)
Exported frame 1/1 DefineSprite (chid: 738)
Exported frame 1/1 DefineSprite (chid: 740)
Exported frame 1/1 DefineSprite (chid: 742)
Exported frame 1/1 DefineSprite (chid: 744)
Exported frame 1/1 DefineSprite (chid: 746)
Exported frame 1/1 DefineSprite (chid: 748)
Exported frame 1/1 DefineSprite (chid: 750)
Exported frame 1/1 DefineSprite (chid: 752)
Exported frame 1/1 DefineSprite (chid: 754)
Exported frame 1/1 DefineSprite (chid: 756)
Exported frame 1/1 DefineSprite (chid: 758)
Exported frame 1/1 DefineSprite (chid: 760)
Exported frame 1/1 DefineSprite (chid: 762)
Exported frame 1/1 DefineSprite (chid: 764)
Exported frame 1/1 DefineSprite (chid: 766)
Exported frame 1/1 DefineSprite (chid: 768)
Exported frame 1/1 DefineSprite (chid: 770)
Exported frame 1/1 DefineSprite (chid: 772)
Exported frame 1/1 DefineSprite (chid: 774)
Exported frame 1/1 DefineSprite (chid: 776)
Exported frame 1/1 DefineSprite (chid: 778)
Exported frame 1/1 DefineSprite (chid: 780)
Exported frame 1/1 DefineSprite (chid: 781)
Exported frame 1/1 DefineSprite (chid: 783)
Exported frame 1/1 DefineSprite (chid: 784)
Exported frame 1/1 DefineSprite (chid: 786)
Exported frame 1/1 DefineSprite (chid: 787)
Exported frame 1/1 DefineSprite (chid: 792)
Exported frame 1/1 DefineSprite (chid: 842)
Exported frame 1/1 DefineSprite (chid: 843)
Exported frame 1/1 DefineSprite (chid: 861)
Exported frame 1/1 DefineSprite (chid: 919)
Exported frame 1/1 DefineSprite (chid: 953)
Exported frame 1/1 DefineSprite (chid: 954)
Exported frame 1/1 DefineSprite (chid: 973)
Exported frame 1/1 DefineSprite (chid: 974)
Exported frame 1/1 DefineSprite (chid: 1017)
Exported frame 1/1 DefineSprite (chid: 1025)
Exported frame 1/1 DefineSprite (chid: 1027)
Exported frame 1/1 DefineSprite (chid: 1028)
Exported frame 1/1 DefineSprite (chid: 1030)
Exported frame 1/1 DefineSprite (chid: 1031)
Exported frame 1/1 DefineSprite (chid: 1033)
Exported frame 1/1 DefineSprite (chid: 1035)
Exported frame 1/1 DefineSprite (chid: 1037)
Exported frame 1/1 DefineSprite (chid: 1038)
Exported frame 1/1 DefineSprite (chid: 1040)
Exported frame 1/1 DefineSprite (chid: 1041)
Exported frame 1/1 DefineSprite (chid: 1043)
Exported frame 1/1 DefineSprite (chid: 1045)
Exported frame 1/1 DefineSprite (chid: 1047)
Exported frame 1/1 DefineSprite (chid: 1049)
Exported frame 1/1 DefineSprite (chid: 1051)
Exported frame 1/1 DefineSprite (chid: 1052)
Exported frame 1/1 DefineSprite (chid: 1054)
Exported frame 1/1 DefineSprite (chid: 1055)
Exported frame 1/1 DefineSprite (chid: 1057)
Exported frame 1/1 DefineSprite (chid: 1058)
Exported frame 1/1 DefineSprite (chid: 1059)
Exported frame 1/1 DefineSprite (chid: 1060)
Exported frame 1/1 DefineSprite (chid: 1061)
Exported frame 1/1 DefineSprite (chid: 1063)
Exported frame 1/1 DefineSprite (chid: 1064)
Exported frame 1/1 DefineSprite (chid: 1065)
Exported frame 1/1 DefineSprite (chid: 1081)
Exported frame 1/1 DefineSprite (chid: 1082)
Exported frame 1/1 DefineSprite (chid: 1083)
Exported frame 1/1 DefineSprite (chid: 1084)
Exported frame 1/1 DefineSprite (chid: 1085)
Exported frame 1/1 DefineSprite (chid: 1110)
Exported frame 1/1 DefineSprite (chid: 1112)
Exported frame 1/1 DefineSprite (chid: 1114)
Exported frame 1/1 DefineSprite (chid: 1117)
Exported frame 1/1 DefineSprite (chid: 1119)
Exported frame 1/1 DefineSprite (chid: 1121)
Exported frame 1/1 DefineSprite (chid: 1123)
Exported frame 1/1 DefineSprite (chid: 1126)
Exported frame 1/1 DefineSprite (chid: 1128)
Exported frame 1/1 DefineSprite (chid: 1130)
Exported frame 1/1 DefineSprite (chid: 1132)
Exported frame 1/1 DefineSprite (chid: 1134)
Exported frame 1/1 DefineSprite (chid: 1136)
Exported frame 1/1 DefineSprite (chid: 1138)
Exported frame 1/1 DefineSprite (chid: 1140)
Exported frame 1/1 DefineSprite (chid: 1143)
Exported frame 1/1 DefineSprite (chid: 1145)
Exported frame 1/1 DefineSprite (chid: 1148)
Exported frame 1/1 DefineSprite (chid: 1151)
Exported frame 1/1 DefineSprite (chid: 1153)
Exported frame 1/1 DefineSprite (chid: 1155)
Exported frame 1/1 DefineSprite (chid: 1157)
Exported frame 1/12 DefineSprite (chid: 1168)
Exported frame 2/12 DefineSprite (chid: 1168)
Exported frame 3/12 DefineSprite (chid: 1168)
Exported frame 4/12 DefineSprite (chid: 1168)
Exported frame 5/12 DefineSprite (chid: 1168)
Exported frame 6/12 DefineSprite (chid: 1168)
Exported frame 7/12 DefineSprite (chid: 1168)
Exported frame 8/12 DefineSprite (chid: 1168)
Exported frame 9/12 DefineSprite (chid: 1168)
Exported frame 10/12 DefineSprite (chid: 1168)
Exported frame 11/12 DefineSprite (chid: 1168)
Exported frame 12/12 DefineSprite (chid: 1168)
Exported frame 1/27 DefineSprite (chid: 1169)
Exported frame 2/27 DefineSprite (chid: 1169)
Exported frame 3/27 DefineSprite (chid: 1169)
Exported frame 4/27 DefineSprite (chid: 1169)
Exported frame 5/27 DefineSprite (chid: 1169)
Exported frame 6/27 DefineSprite (chid: 1169)
Exported frame 7/27 DefineSprite (chid: 1169)
Exported frame 8/27 DefineSprite (chid: 1169)
Exported frame 9/27 DefineSprite (chid: 1169)
Exported frame 10/27 DefineSprite (chid: 1169)
Exported frame 11/27 DefineSprite (chid: 1169)
Exported frame 12/27 DefineSprite (chid: 1169)
Exported frame 13/27 DefineSprite (chid: 1169)
Exported frame 14/27 DefineSprite (chid: 1169)
Exported frame 15/27 DefineSprite (chid: 1169)
Exported frame 16/27 DefineSprite (chid: 1169)
Exported frame 17/27 DefineSprite (chid: 1169)
Exported frame 18/27 DefineSprite (chid: 1169)
Exported frame 19/27 DefineSprite (chid: 1169)
Exported frame 20/27 DefineSprite (chid: 1169)
Exported frame 21/27 DefineSprite (chid: 1169)
Exported frame 22/27 DefineSprite (chid: 1169)
Exported frame 23/27 DefineSprite (chid: 1169)
Exported frame 24/27 DefineSprite (chid: 1169)
Exported frame 25/27 DefineSprite (chid: 1169)
Exported frame 26/27 DefineSprite (chid: 1169)
Exported frame 27/27 DefineSprite (chid: 1169)
Exported frame 1/1 DefineSprite (chid: 1171)
Exported frame 1/1 DefineSprite (chid: 1173)
Exported frame 1/1 DefineSprite (chid: 1175)
Exported frame 1/1 DefineSprite (chid: 1177)
Exported frame 1/1 DefineSprite (chid: 1179)
Exported frame 1/1 DefineSprite (chid: 1188)
Exported frame 1/1 DefineSprite (chid: 1190)
Exported frame 1/1 DefineSprite (chid: 1191)
Exported frame 1/1 DefineSprite (chid: 1195)
Exported frame 1/1 DefineSprite (chid: 1198)
Exported frame 1/1 DefineSprite (chid: 1200)
Exported frame 1/1 DefineSprite (chid: 1202)
Exported frame 1/1 DefineSprite (chid: 1207)
Exported frame 1/1 DefineSprite (chid: 1209)
Exported frame 1/1 DefineSprite (chid: 1212)
Exported frame 1/1 DefineSprite (chid: 1214)
Exported frame 1/1 DefineSprite (chid: 1217)
Exported frame 1/1 DefineSprite (chid: 1219)
Exported frame 1/1 DefineSprite (chid: 1221)
Exported frame 1/1 DefineSprite (chid: 1223)
Exported frame 1/1 DefineSprite (chid: 1227)
Exported frame 1/1 DefineSprite (chid: 1229)
Exported frame 1/1 DefineSprite (chid: 1233)
Exported frame 1/1 DefineSprite (chid: 1236)
Exported frame 1/1 DefineSprite (chid: 1248)
Exported frame 1/1 DefineSprite (chid: 1250)
Exported frame 1/30 DefineSprite (chid: 1251)
Exported frame 2/30 DefineSprite (chid: 1251)
Exported frame 3/30 DefineSprite (chid: 1251)
Exported frame 4/30 DefineSprite (chid: 1251)
Exported frame 5/30 DefineSprite (chid: 1251)
Exported frame 6/30 DefineSprite (chid: 1251)
Exported frame 7/30 DefineSprite (chid: 1251)
Exported frame 8/30 DefineSprite (chid: 1251)
Exported frame 9/30 DefineSprite (chid: 1251)
Exported frame 10/30 DefineSprite (chid: 1251)
Exported frame 11/30 DefineSprite (chid: 1251)
Exported frame 12/30 DefineSprite (chid: 1251)
Exported frame 13/30 DefineSprite (chid: 1251)
Exported frame 14/30 DefineSprite (chid: 1251)
Exported frame 15/30 DefineSprite (chid: 1251)
Exported frame 16/30 DefineSprite (chid: 1251)
Exported frame 17/30 DefineSprite (chid: 1251)
Exported frame 18/30 DefineSprite (chid: 1251)
Exported frame 19/30 DefineSprite (chid: 1251)
Exported frame 20/30 DefineSprite (chid: 1251)
Exported frame 21/30 DefineSprite (chid: 1251)
Exported frame 22/30 DefineSprite (chid: 1251)
Exported frame 23/30 DefineSprite (chid: 1251)
Exported frame 24/30 DefineSprite (chid: 1251)
Exported frame 25/30 DefineSprite (chid: 1251)
Exported frame 26/30 DefineSprite (chid: 1251)
Exported frame 27/30 DefineSprite (chid: 1251)
Exported frame 28/30 DefineSprite (chid: 1251)
Exported frame 29/30 DefineSprite (chid: 1251)
Exported frame 30/30 DefineSprite (chid: 1251)
Exported frame 1/1 DefineSprite (chid: 1253)
Exported frame 1/1 DefineSprite (chid: 1255)
Exported frame 1/1 DefineSprite (chid: 1257)
Exported frame 1/1 DefineSprite (chid: 1259)
Exported frame 1/1 DefineSprite (chid: 1260)
Exported frame 1/1 DefineSprite (chid: 1261)
Exported frame 1/1 DefineSprite (chid: 1264)
Exported frame 1/48 DefineSprite (chid: 1270, cls: Paradigm_fla.multicannon_439)
Exported frame 2/48 DefineSprite (chid: 1270, cls: Paradigm_fla.multicannon_439)
Exported frame 3/48 DefineSprite (chid: 1270, cls: Paradigm_fla.multicannon_439)
Exported frame 4/48 DefineSprite (chid: 1270, cls: Paradigm_fla.multicannon_439)
Exported frame 5/48 DefineSprite (chid: 1270, cls: Paradigm_fla.multicannon_439)
Exported frame 6/48 DefineSprite (chid: 1270, cls: Paradigm_fla.multicannon_439)
Exported frame 7/48 DefineSprite (chid: 1270, cls: Paradigm_fla.multicannon_439)
Exported frame 8/48 DefineSprite (chid: 1270, cls: Paradigm_fla.multicannon_439)
Exported frame 9/48 DefineSprite (chid: 1270, cls: Paradigm_fla.multicannon_439)
Exported frame 10/48 DefineSprite (chid: 1270, cls: Paradigm_fla.multicannon_439)
Exported frame 11/48 DefineSprite (chid: 1270, cls: Paradigm_fla.multicannon_439)
Exported frame 12/48 DefineSprite (chid: 1270, cls: Paradigm_fla.multicannon_439)
Exported frame 13/48 DefineSprite (chid: 1270, cls: Paradigm_fla.multicannon_439)
Exported frame 14/48 DefineSprite (chid: 1270, cls: Paradigm_fla.multicannon_439)
Exported frame 15/48 DefineSprite (chid: 1270, cls: Paradigm_fla.multicannon_439)
Exported frame 16/48 DefineSprite (chid: 1270, cls: Paradigm_fla.multicannon_439)
Exported frame 17/48 DefineSprite (chid: 1270, cls: Paradigm_fla.multicannon_439)
Exported frame 18/48 DefineSprite (chid: 1270, cls: Paradigm_fla.multicannon_439)
Exported frame 19/48 DefineSprite (chid: 1270, cls: Paradigm_fla.multicannon_439)
Exported frame 20/48 DefineSprite (chid: 1270, cls: Paradigm_fla.multicannon_439)
Exported frame 21/48 DefineSprite (chid: 1270, cls: Paradigm_fla.multicannon_439)
Exported frame 22/48 DefineSprite (chid: 1270, cls: Paradigm_fla.multicannon_439)
Exported frame 23/48 DefineSprite (chid: 1270, cls: Paradigm_fla.multicannon_439)
Exported frame 24/48 DefineSprite (chid: 1270, cls: Paradigm_fla.multicannon_439)
Exported frame 25/48 DefineSprite (chid: 1270, cls: Paradigm_fla.multicannon_439)
Exported frame 26/48 DefineSprite (chid: 1270, cls: Paradigm_fla.multicannon_439)
Exported frame 27/48 DefineSprite (chid: 1270, cls: Paradigm_fla.multicannon_439)
Exported frame 28/48 DefineSprite (chid: 1270, cls: Paradigm_fla.multicannon_439)
Exported frame 29/48 DefineSprite (chid: 1270, cls: Paradigm_fla.multicannon_439)
Exported frame 30/48 DefineSprite (chid: 1270, cls: Paradigm_fla.multicannon_439)
Exported frame 31/48 DefineSprite (chid: 1270, cls: Paradigm_fla.multicannon_439)
Exported frame 32/48 DefineSprite (chid: 1270, cls: Paradigm_fla.multicannon_439)
Exported frame 33/48 DefineSprite (chid: 1270, cls: Paradigm_fla.multicannon_439)
Exported frame 34/48 DefineSprite (chid: 1270, cls: Paradigm_fla.multicannon_439)
Exported frame 35/48 DefineSprite (chid: 1270, cls: Paradigm_fla.multicannon_439)
Exported frame 36/48 DefineSprite (chid: 1270, cls: Paradigm_fla.multicannon_439)
Exported frame 37/48 DefineSprite (chid: 1270, cls: Paradigm_fla.multicannon_439)
Exported frame 38/48 DefineSprite (chid: 1270, cls: Paradigm_fla.multicannon_439)
Exported frame 39/48 DefineSprite (chid: 1270, cls: Paradigm_fla.multicannon_439)
Exported frame 40/48 DefineSprite (chid: 1270, cls: Paradigm_fla.multicannon_439)
Exported frame 41/48 DefineSprite (chid: 1270, cls: Paradigm_fla.multicannon_439)
Exported frame 42/48 DefineSprite (chid: 1270, cls: Paradigm_fla.multicannon_439)
Exported frame 43/48 DefineSprite (chid: 1270, cls: Paradigm_fla.multicannon_439)
Exported frame 44/48 DefineSprite (chid: 1270, cls: Paradigm_fla.multicannon_439)
Exported frame 45/48 DefineSprite (chid: 1270, cls: Paradigm_fla.multicannon_439)
Exported frame 46/48 DefineSprite (chid: 1270, cls: Paradigm_fla.multicannon_439)
Exported frame 47/48 DefineSprite (chid: 1270, cls: Paradigm_fla.multicannon_439)
Exported frame 48/48 DefineSprite (chid: 1270, cls: Paradigm_fla.multicannon_439)
Exported frame 1/1 DefineSprite (chid: 1271)
Exported frame 1/1 DefineSprite (chid: 1292)
Exported frame 1/1 DefineSprite (chid: 1298)
Exported frame 1/1 DefineSprite (chid: 1304)
Exported frame 1/1 DefineSprite (chid: 1321)
Exported frame 1/1 DefineSprite (chid: 1356)
Exported frame 1/1 DefineSprite (chid: 1357)
Exported frame 1/1 DefineSprite (chid: 1358)
Exported frame 1/1 DefineSprite (chid: 1359)
Exported frame 1/1 DefineSprite (chid: 1360)
Exported frame 1/1 DefineSprite (chid: 1373)
Exported frame 1/1 DefineSprite (chid: 1375)
Exported frame 1/1 DefineSprite (chid: 1376)
Exported frame 1/1 DefineSprite (chid: 1379)
Exported frame 1/1 DefineSprite (chid: 1381)
Exported frame 1/1 DefineSprite (chid: 1384)
Exported frame 1/1 DefineSprite (chid: 1386)
Exported frame 1/1 DefineSprite (chid: 1390)
Exported frame 1/1 DefineSprite (chid: 1392)
Exported frame 1/1 DefineSprite (chid: 1394)
Exported frame 1/1 DefineSprite (chid: 1396)
Exported frame 1/1 DefineSprite (chid: 1398)
Exported frame 1/1 DefineSprite (chid: 1400)
Exported frame 1/1 DefineSprite (chid: 1403)
Exported frame 1/1 DefineSprite (chid: 1405)
Exported frame 1/1 DefineSprite (chid: 1407)
Exported frame 1/1 DefineSprite (chid: 1409)
Exported frame 1/1 DefineSprite (chid: 1411)
Exported frame 1/1 DefineSprite (chid: 1413)
Exported frame 1/1 DefineSprite (chid: 1414)
Exported frame 1/1 DefineSprite (chid: 1416)
Exported frame 1/1 DefineSprite (chid: 1418)
Exported frame 1/1 DefineSprite (chid: 1419)
Exported frame 1/1 DefineSprite (chid: 1420)
Exported frame 1/1 DefineSprite (chid: 1421)
Exported frame 1/1 DefineSprite (chid: 1469)
Exported frame 1/1 DefineSprite (chid: 1472)
Exported frame 1/1 DefineSprite (chid: 1474)
Exported frame 1/1 DefineSprite (chid: 1477)
Exported frame 1/1 DefineSprite (chid: 1480)
Exported frame 1/1 DefineSprite (chid: 1484)
Exported frame 1/1 DefineSprite (chid: 1487)
Exported frame 1/1 DefineSprite (chid: 1490)
Exported frame 1/1 DefineSprite (chid: 1492)
Exported frame 1/1 DefineSprite (chid: 1495)
Exported frame 1/1 DefineSprite (chid: 1497)
Exported frame 1/1 DefineSprite (chid: 1500)
Exported frame 1/1 DefineSprite (chid: 1502)
Exported frame 1/1 DefineSprite (chid: 1504)
Exported frame 1/1 DefineSprite (chid: 1506)
Exported frame 1/1 DefineSprite (chid: 1508)
Exported frame 1/1 DefineSprite (chid: 1510)
Exported frame 1/1 DefineSprite (chid: 1512)
Exported frame 1/1 DefineSprite (chid: 1536)
Exported frame 1/1 DefineSprite (chid: 1544)
Exported frame 1/1 DefineSprite (chid: 1546)
Exported frame 1/1 DefineSprite (chid: 1548)
Exported frame 1/50 DefineSprite (chid: 1577)
Exported frame 2/50 DefineSprite (chid: 1577)
Exported frame 3/50 DefineSprite (chid: 1577)
Exported frame 4/50 DefineSprite (chid: 1577)
Exported frame 5/50 DefineSprite (chid: 1577)
Exported frame 6/50 DefineSprite (chid: 1577)
Exported frame 7/50 DefineSprite (chid: 1577)
Exported frame 8/50 DefineSprite (chid: 1577)
Exported frame 9/50 DefineSprite (chid: 1577)
Exported frame 10/50 DefineSprite (chid: 1577)
Exported frame 11/50 DefineSprite (chid: 1577)
Exported frame 12/50 DefineSprite (chid: 1577)
Exported frame 13/50 DefineSprite (chid: 1577)
Exported frame 14/50 DefineSprite (chid: 1577)
Exported frame 15/50 DefineSprite (chid: 1577)
Exported frame 16/50 DefineSprite (chid: 1577)
Exported frame 17/50 DefineSprite (chid: 1577)
Exported frame 18/50 DefineSprite (chid: 1577)
Exported frame 19/50 DefineSprite (chid: 1577)
Exported frame 20/50 DefineSprite (chid: 1577)
Exported frame 21/50 DefineSprite (chid: 1577)
Exported frame 22/50 DefineSprite (chid: 1577)
Exported frame 23/50 DefineSprite (chid: 1577)
Exported frame 24/50 DefineSprite (chid: 1577)
Exported frame 25/50 DefineSprite (chid: 1577)
Exported frame 26/50 DefineSprite (chid: 1577)
Exported frame 27/50 DefineSprite (chid: 1577)
Exported frame 28/50 DefineSprite (chid: 1577)
Exported frame 29/50 DefineSprite (chid: 1577)
Exported frame 30/50 DefineSprite (chid: 1577)
Exported frame 31/50 DefineSprite (chid: 1577)
Exported frame 32/50 DefineSprite (chid: 1577)
Exported frame 33/50 DefineSprite (chid: 1577)
Exported frame 34/50 DefineSprite (chid: 1577)
Exported frame 35/50 DefineSprite (chid: 1577)
Exported frame 36/50 DefineSprite (chid: 1577)
Exported frame 37/50 DefineSprite (chid: 1577)
Exported frame 38/50 DefineSprite (chid: 1577)
Exported frame 39/50 DefineSprite (chid: 1577)
Exported frame 40/50 DefineSprite (chid: 1577)
Exported frame 41/50 DefineSprite (chid: 1577)
Exported frame 42/50 DefineSprite (chid: 1577)
Exported frame 43/50 DefineSprite (chid: 1577)
Exported frame 44/50 DefineSprite (chid: 1577)
Exported frame 45/50 DefineSprite (chid: 1577)
Exported frame 46/50 DefineSprite (chid: 1577)
Exported frame 47/50 DefineSprite (chid: 1577)
Exported frame 48/50 DefineSprite (chid: 1577)
Exported frame 49/50 DefineSprite (chid: 1577)
Exported frame 50/50 DefineSprite (chid: 1577)
Exported frame 1/20 DefineSprite (chid: 1581)
Exported frame 2/20 DefineSprite (chid: 1581)
Exported frame 3/20 DefineSprite (chid: 1581)
Exported frame 4/20 DefineSprite (chid: 1581)
Exported frame 5/20 DefineSprite (chid: 1581)
Exported frame 6/20 DefineSprite (chid: 1581)
Exported frame 7/20 DefineSprite (chid: 1581)
Exported frame 8/20 DefineSprite (chid: 1581)
Exported frame 9/20 DefineSprite (chid: 1581)
Exported frame 10/20 DefineSprite (chid: 1581)
Exported frame 11/20 DefineSprite (chid: 1581)
Exported frame 12/20 DefineSprite (chid: 1581)
Exported frame 13/20 DefineSprite (chid: 1581)
Exported frame 14/20 DefineSprite (chid: 1581)
Exported frame 15/20 DefineSprite (chid: 1581)
Exported frame 16/20 DefineSprite (chid: 1581)
Exported frame 17/20 DefineSprite (chid: 1581)
Exported frame 18/20 DefineSprite (chid: 1581)
Exported frame 19/20 DefineSprite (chid: 1581)
Exported frame 20/20 DefineSprite (chid: 1581)
Exported frame 1/45 DefineSprite (chid: 1585)
Exported frame 2/45 DefineSprite (chid: 1585)
Exported frame 3/45 DefineSprite (chid: 1585)
Exported frame 4/45 DefineSprite (chid: 1585)
Exported frame 5/45 DefineSprite (chid: 1585)
Exported frame 6/45 DefineSprite (chid: 1585)
Exported frame 7/45 DefineSprite (chid: 1585)
Exported frame 8/45 DefineSprite (chid: 1585)
Exported frame 9/45 DefineSprite (chid: 1585)
Exported frame 10/45 DefineSprite (chid: 1585)
Exported frame 11/45 DefineSprite (chid: 1585)
Exported frame 12/45 DefineSprite (chid: 1585)
Exported frame 13/45 DefineSprite (chid: 1585)
Exported frame 14/45 DefineSprite (chid: 1585)
Exported frame 15/45 DefineSprite (chid: 1585)
Exported frame 16/45 DefineSprite (chid: 1585)
Exported frame 17/45 DefineSprite (chid: 1585)
Exported frame 18/45 DefineSprite (chid: 1585)
Exported frame 19/45 DefineSprite (chid: 1585)
Exported frame 20/45 DefineSprite (chid: 1585)
Exported frame 21/45 DefineSprite (chid: 1585)
Exported frame 22/45 DefineSprite (chid: 1585)
Exported frame 23/45 DefineSprite (chid: 1585)
Exported frame 24/45 DefineSprite (chid: 1585)
Exported frame 25/45 DefineSprite (chid: 1585)
Exported frame 26/45 DefineSprite (chid: 1585)
Exported frame 27/45 DefineSprite (chid: 1585)
Exported frame 28/45 DefineSprite (chid: 1585)
Exported frame 29/45 DefineSprite (chid: 1585)
Exported frame 30/45 DefineSprite (chid: 1585)
Exported frame 31/45 DefineSprite (chid: 1585)
Exported frame 32/45 DefineSprite (chid: 1585)
Exported frame 33/45 DefineSprite (chid: 1585)
Exported frame 34/45 DefineSprite (chid: 1585)
Exported frame 35/45 DefineSprite (chid: 1585)
Exported frame 36/45 DefineSprite (chid: 1585)
Exported frame 37/45 DefineSprite (chid: 1585)
Exported frame 38/45 DefineSprite (chid: 1585)
Exported frame 39/45 DefineSprite (chid: 1585)
Exported frame 40/45 DefineSprite (chid: 1585)
Exported frame 41/45 DefineSprite (chid: 1585)
Exported frame 42/45 DefineSprite (chid: 1585)
Exported frame 43/45 DefineSprite (chid: 1585)
Exported frame 44/45 DefineSprite (chid: 1585)
Exported frame 45/45 DefineSprite (chid: 1585)
Exported frame 1/1 DefineSprite (chid: 1586)
Exported frame 1/2 DefineSprite (chid: 1587)
Exported frame 2/2 DefineSprite (chid: 1587)
Exported frame 1/1 DefineSprite (chid: 1589)
Exported frame 1/2 DefineSprite (chid: 1590)
Exported frame 2/2 DefineSprite (chid: 1590)
Exported frame 1/1 DefineSprite (chid: 1591)
Exported frame 1/1 DefineSprite (chid: 1603)
Exported frame 1/1 DefineSprite (chid: 1604)
Exported frame 1/1 DefineSprite (chid: 1606)
Exported frame 1/1 DefineSprite (chid: 1608)
Exported frame 1/1 DefineSprite (chid: 1609)
Exported frame 1/1 DefineSprite (chid: 1611)
Exported frame 1/1 DefineSprite (chid: 1612)
Exported frame 1/1 DefineSprite (chid: 1615)
Exported frame 1/1 DefineSprite (chid: 1617)
Exported frame 1/1 DefineSprite (chid: 1619)
Exported frame 1/1 DefineSprite (chid: 1621)
Exported frame 1/1 DefineSprite (chid: 1622)
Exported frame 1/1 DefineSprite (chid: 1623)
Exported frame 1/1 DefineSprite (chid: 1625)
Exported frame 1/20 DefineSprite (chid: 1629)
Exported frame 2/20 DefineSprite (chid: 1629)
Exported frame 3/20 DefineSprite (chid: 1629)
Exported frame 4/20 DefineSprite (chid: 1629)
Exported frame 5/20 DefineSprite (chid: 1629)
Exported frame 6/20 DefineSprite (chid: 1629)
Exported frame 7/20 DefineSprite (chid: 1629)
Exported frame 8/20 DefineSprite (chid: 1629)
Exported frame 9/20 DefineSprite (chid: 1629)
Exported frame 10/20 DefineSprite (chid: 1629)
Exported frame 11/20 DefineSprite (chid: 1629)
Exported frame 12/20 DefineSprite (chid: 1629)
Exported frame 13/20 DefineSprite (chid: 1629)
Exported frame 14/20 DefineSprite (chid: 1629)
Exported frame 15/20 DefineSprite (chid: 1629)
Exported frame 16/20 DefineSprite (chid: 1629)
Exported frame 17/20 DefineSprite (chid: 1629)
Exported frame 18/20 DefineSprite (chid: 1629)
Exported frame 19/20 DefineSprite (chid: 1629)
Exported frame 20/20 DefineSprite (chid: 1629)
Exported frame 1/1 DefineSprite (chid: 1647)
Exported frame 1/1 DefineSprite (chid: 1648)
Exported frame 1/1 DefineSprite (chid: 1649)
Exported frame 1/1 DefineSprite (chid: 1651)
Exported frame 1/1 DefineSprite (chid: 1652)
Exported frame 1/1 DefineSprite (chid: 1656)
Exported frame 1/1 DefineSprite (chid: 1657)
Exported frame 1/1 DefineSprite (chid: 1659)
Exported frame 1/1 DefineSprite (chid: 1662)
Exported frame 1/1 DefineSprite (chid: 1663)
Exported frame 1/1 DefineSprite (chid: 1664)
Exported frame 1/1 DefineSprite (chid: 1666)
Exported frame 1/1 DefineSprite (chid: 1669)
Exported frame 1/1 DefineSprite (chid: 1670)
Exported frame 1/1 DefineSprite (chid: 1672)
Exported frame 1/1 DefineSprite (chid: 1674)
Exported frame 1/1 DefineSprite (chid: 1677)
Exported frame 1/1 DefineSprite (chid: 1679)
Exported frame 1/1 DefineSprite (chid: 1680)
Exported frame 1/1 DefineSprite (chid: 1682)
Exported frame 1/1 DefineSprite (chid: 1683)
Exported frame 1/1 DefineSprite (chid: 1685)
Exported frame 1/1 DefineSprite (chid: 1686)
Exported frame 1/1 DefineSprite (chid: 1688)
Exported frame 1/1 DefineSprite (chid: 1689)
Exported frame 1/1 DefineSprite (chid: 1691)
Exported frame 1/1 DefineSprite (chid: 1693)
Exported frame 1/1 DefineSprite (chid: 1695)
Exported frame 1/1 DefineSprite (chid: 1696)
Exported frame 1/1 DefineSprite (chid: 1698)
Exported frame 1/1 DefineSprite (chid: 1700)
Exported frame 1/1 DefineSprite (chid: 1701)
Exported frame 1/1 DefineSprite (chid: 1703)
Exported frame 1/1 DefineSprite (chid: 1704)
Exported frame 1/1 DefineSprite (chid: 1706)
Exported frame 1/1 DefineSprite (chid: 1707)
Exported frame 1/1 DefineSprite (chid: 1708)
Exported frame 1/1 DefineSprite (chid: 1709)
Exported frame 1/1 DefineSprite (chid: 1710)
Exported frame 1/1 DefineSprite (chid: 1759)
Exported frame 1/1 DefineSprite (chid: 1765)
Exported frame 1/1 DefineSprite (chid: 1767)
Exported frame 1/1 DefineSprite (chid: 1769)
Exported frame 1/1 DefineSprite (chid: 1770)
Exported frame 1/1 DefineSprite (chid: 1771)
Exported frame 1/3 DefineSprite (chid: 1774)
Exported frame 2/3 DefineSprite (chid: 1774)
Exported frame 3/3 DefineSprite (chid: 1774)
Exported frame 1/1 DefineSprite (chid: 1775)
Exported frame 1/1 DefineSprite (chid: 1776)
Exported frame 1/1 DefineSprite (chid: 1777)
Exported frame 1/1 DefineSprite (chid: 1779)
Exported frame 1/1 DefineSprite (chid: 1781)
Exported frame 1/1 DefineSprite (chid: 1782)
Exported frame 1/1 DefineSprite (chid: 1784)
Exported frame 1/1 DefineSprite (chid: 1787)
Exported frame 1/1 DefineSprite (chid: 1789)
Exported frame 1/1 DefineSprite (chid: 1790)
Exported frame 1/1 DefineSprite (chid: 1791)
Exported frame 1/1 DefineSprite (chid: 1792)
Exported frame 1/1 DefineSprite (chid: 1795)
Exported frame 1/1 DefineSprite (chid: 1796)
Exported frame 1/1 DefineSprite (chid: 1799)
Exported frame 1/1 DefineSprite (chid: 1800)
Exported frame 1/1 DefineSprite (chid: 1804)
Exported frame 1/1 DefineSprite (chid: 1805)
Exported frame 1/1 DefineSprite (chid: 1808)
Exported frame 1/81 DefineSprite (chid: 1815)
Exported frame 2/81 DefineSprite (chid: 1815)
Exported frame 3/81 DefineSprite (chid: 1815)
Exported frame 4/81 DefineSprite (chid: 1815)
Exported frame 5/81 DefineSprite (chid: 1815)
Exported frame 6/81 DefineSprite (chid: 1815)
Exported frame 7/81 DefineSprite (chid: 1815)
Exported frame 8/81 DefineSprite (chid: 1815)
Exported frame 9/81 DefineSprite (chid: 1815)
Exported frame 10/81 DefineSprite (chid: 1815)
Exported frame 11/81 DefineSprite (chid: 1815)
Exported frame 12/81 DefineSprite (chid: 1815)
Exported frame 13/81 DefineSprite (chid: 1815)
Exported frame 14/81 DefineSprite (chid: 1815)
Exported frame 15/81 DefineSprite (chid: 1815)
Exported frame 16/81 DefineSprite (chid: 1815)
Exported frame 17/81 DefineSprite (chid: 1815)
Exported frame 18/81 DefineSprite (chid: 1815)
Exported frame 19/81 DefineSprite (chid: 1815)
Exported frame 20/81 DefineSprite (chid: 1815)
Exported frame 21/81 DefineSprite (chid: 1815)
Exported frame 22/81 DefineSprite (chid: 1815)
Exported frame 23/81 DefineSprite (chid: 1815)
Exported frame 24/81 DefineSprite (chid: 1815)
Exported frame 25/81 DefineSprite (chid: 1815)
Exported frame 26/81 DefineSprite (chid: 1815)
Exported frame 27/81 DefineSprite (chid: 1815)
Exported frame 28/81 DefineSprite (chid: 1815)
Exported frame 29/81 DefineSprite (chid: 1815)
Exported frame 30/81 DefineSprite (chid: 1815)
Exported frame 31/81 DefineSprite (chid: 1815)
Exported frame 32/81 DefineSprite (chid: 1815)
Exported frame 33/81 DefineSprite (chid: 1815)
Exported frame 34/81 DefineSprite (chid: 1815)
Exported frame 35/81 DefineSprite (chid: 1815)
Exported frame 36/81 DefineSprite (chid: 1815)
Exported frame 37/81 DefineSprite (chid: 1815)
Exported frame 38/81 DefineSprite (chid: 1815)
Exported frame 39/81 DefineSprite (chid: 1815)
Exported frame 40/81 DefineSprite (chid: 1815)
Exported frame 41/81 DefineSprite (chid: 1815)
Exported frame 42/81 DefineSprite (chid: 1815)
Exported frame 43/81 DefineSprite (chid: 1815)
Exported frame 44/81 DefineSprite (chid: 1815)
Exported frame 45/81 DefineSprite (chid: 1815)
Exported frame 46/81 DefineSprite (chid: 1815)
Exported frame 47/81 DefineSprite (chid: 1815)
Exported frame 48/81 DefineSprite (chid: 1815)
Exported frame 49/81 DefineSprite (chid: 1815)
Exported frame 50/81 DefineSprite (chid: 1815)
Exported frame 51/81 DefineSprite (chid: 1815)
Exported frame 52/81 DefineSprite (chid: 1815)
Exported frame 53/81 DefineSprite (chid: 1815)
Exported frame 54/81 DefineSprite (chid: 1815)
Exported frame 55/81 DefineSprite (chid: 1815)
Exported frame 56/81 DefineSprite (chid: 1815)
Exported frame 57/81 DefineSprite (chid: 1815)
Exported frame 58/81 DefineSprite (chid: 1815)
Exported frame 59/81 DefineSprite (chid: 1815)
Exported frame 60/81 DefineSprite (chid: 1815)
Exported frame 61/81 DefineSprite (chid: 1815)
Exported frame 62/81 DefineSprite (chid: 1815)
Exported frame 63/81 DefineSprite (chid: 1815)
Exported frame 64/81 DefineSprite (chid: 1815)
Exported frame 65/81 DefineSprite (chid: 1815)
Exported frame 66/81 DefineSprite (chid: 1815)
Exported frame 67/81 DefineSprite (chid: 1815)
Exported frame 68/81 DefineSprite (chid: 1815)
Exported frame 69/81 DefineSprite (chid: 1815)
Exported frame 70/81 DefineSprite (chid: 1815)
Exported frame 71/81 DefineSprite (chid: 1815)
Exported frame 72/81 DefineSprite (chid: 1815)
Exported frame 73/81 DefineSprite (chid: 1815)
Exported frame 74/81 DefineSprite (chid: 1815)
Exported frame 75/81 DefineSprite (chid: 1815)
Exported frame 76/81 DefineSprite (chid: 1815)
Exported frame 77/81 DefineSprite (chid: 1815)
Exported frame 78/81 DefineSprite (chid: 1815)
Exported frame 79/81 DefineSprite (chid: 1815)
Exported frame 80/81 DefineSprite (chid: 1815)
Exported frame 81/81 DefineSprite (chid: 1815)
Exported frame 1/1 DefineSprite (chid: 1817)
Exported frame 1/1 DefineSprite (chid: 1819)
Exported frame 1/1 DefineSprite (chid: 1821)
Exported frame 1/1 DefineSprite (chid: 1823)
Exported frame 1/1 DefineSprite (chid: 1825)
Exported frame 1/1 DefineSprite (chid: 1827)
Exported frame 1/1 DefineSprite (chid: 1828)
Exported frame 1/1 DefineSprite (chid: 1830)
Exported frame 1/1 DefineSprite (chid: 1835)
Exported frame 1/1 DefineSprite (chid: 1838)
Exported frame 1/1 DefineSprite (chid: 1840)
Exported frame 1/1 DefineSprite (chid: 1841)
Exported frame 1/1 DefineSprite (chid: 1842)
Exported frame 1/1 DefineSprite (chid: 1843)
Exported frame 1/1 DefineSprite (chid: 1844)
Exported frame 1/1 DefineSprite (chid: 1845)
Exported frame 1/1 DefineSprite (chid: 1893)
Exported frame 1/1 DefineSprite (chid: 1894)
Exported frame 1/1 DefineSprite (chid: 1896)
Exported frame 1/1 DefineSprite (chid: 1897)
Exported frame 1/1 DefineSprite (chid: 1899)
Exported frame 1/1 DefineSprite (chid: 1901)
Exported frame 1/1 DefineSprite (chid: 1902)
Exported frame 1/4 DefineSprite (chid: 1916)
Exported frame 2/4 DefineSprite (chid: 1916)
Exported frame 3/4 DefineSprite (chid: 1916)
Exported frame 4/4 DefineSprite (chid: 1916)
Exported frame 1/1 DefineSprite (chid: 1918)
Exported frame 1/1 DefineSprite (chid: 1920)
Exported frame 1/1 DefineSprite (chid: 1929)
Exported frame 1/1 DefineSprite (chid: 1932)
Exported frame 1/1 DefineSprite (chid: 1934)
Exported frame 1/1 DefineSprite (chid: 1936)
Exported frame 1/20 DefineSprite (chid: 1937)
Exported frame 2/20 DefineSprite (chid: 1937)
Exported frame 3/20 DefineSprite (chid: 1937)
Exported frame 4/20 DefineSprite (chid: 1937)
Exported frame 5/20 DefineSprite (chid: 1937)
Exported frame 6/20 DefineSprite (chid: 1937)
Exported frame 7/20 DefineSprite (chid: 1937)
Exported frame 8/20 DefineSprite (chid: 1937)
Exported frame 9/20 DefineSprite (chid: 1937)
Exported frame 10/20 DefineSprite (chid: 1937)
Exported frame 11/20 DefineSprite (chid: 1937)
Exported frame 12/20 DefineSprite (chid: 1937)
Exported frame 13/20 DefineSprite (chid: 1937)
Exported frame 14/20 DefineSprite (chid: 1937)
Exported frame 15/20 DefineSprite (chid: 1937)
Exported frame 16/20 DefineSprite (chid: 1937)
Exported frame 17/20 DefineSprite (chid: 1937)
Exported frame 18/20 DefineSprite (chid: 1937)
Exported frame 19/20 DefineSprite (chid: 1937)
Exported frame 20/20 DefineSprite (chid: 1937)
Exported frame 1/21 DefineSprite (chid: 1938)
Exported frame 2/21 DefineSprite (chid: 1938)
Exported frame 3/21 DefineSprite (chid: 1938)
Exported frame 4/21 DefineSprite (chid: 1938)
Exported frame 5/21 DefineSprite (chid: 1938)
Exported frame 6/21 DefineSprite (chid: 1938)
Exported frame 7/21 DefineSprite (chid: 1938)
Exported frame 8/21 DefineSprite (chid: 1938)
Exported frame 9/21 DefineSprite (chid: 1938)
Exported frame 10/21 DefineSprite (chid: 1938)
Exported frame 11/21 DefineSprite (chid: 1938)
Exported frame 12/21 DefineSprite (chid: 1938)
Exported frame 13/21 DefineSprite (chid: 1938)
Exported frame 14/21 DefineSprite (chid: 1938)
Exported frame 15/21 DefineSprite (chid: 1938)
Exported frame 16/21 DefineSprite (chid: 1938)
Exported frame 17/21 DefineSprite (chid: 1938)
Exported frame 18/21 DefineSprite (chid: 1938)
Exported frame 19/21 DefineSprite (chid: 1938)
Exported frame 20/21 DefineSprite (chid: 1938)
Exported frame 21/21 DefineSprite (chid: 1938)
Exported frame 1/2 DefineSprite (chid: 1949)
Exported frame 2/2 DefineSprite (chid: 1949)
Exported frame 1/19 DefineSprite (chid: 1970)
Exported frame 2/19 DefineSprite (chid: 1970)
Exported frame 3/19 DefineSprite (chid: 1970)
Exported frame 4/19 DefineSprite (chid: 1970)
Exported frame 5/19 DefineSprite (chid: 1970)
Exported frame 6/19 DefineSprite (chid: 1970)
Exported frame 7/19 DefineSprite (chid: 1970)
Exported frame 8/19 DefineSprite (chid: 1970)
Exported frame 9/19 DefineSprite (chid: 1970)
Exported frame 10/19 DefineSprite (chid: 1970)
Exported frame 11/19 DefineSprite (chid: 1970)
Exported frame 12/19 DefineSprite (chid: 1970)
Exported frame 13/19 DefineSprite (chid: 1970)
Exported frame 14/19 DefineSprite (chid: 1970)
Exported frame 15/19 DefineSprite (chid: 1970)
Exported frame 16/19 DefineSprite (chid: 1970)
Exported frame 17/19 DefineSprite (chid: 1970)
Exported frame 18/19 DefineSprite (chid: 1970)
Exported frame 19/19 DefineSprite (chid: 1970)
Exported frame 1/1 DefineSprite (chid: 1972)
Exported frame 1/1 DefineSprite (chid: 1975)
Exported frame 1/1 DefineSprite (chid: 1977)
Exported frame 1/50 DefineSprite (chid: 2003)
Exported frame 2/50 DefineSprite (chid: 2003)
Exported frame 3/50 DefineSprite (chid: 2003)
Exported frame 4/50 DefineSprite (chid: 2003)
Exported frame 5/50 DefineSprite (chid: 2003)
Exported frame 6/50 DefineSprite (chid: 2003)
Exported frame 7/50 DefineSprite (chid: 2003)
Exported frame 8/50 DefineSprite (chid: 2003)
Exported frame 9/50 DefineSprite (chid: 2003)
Exported frame 10/50 DefineSprite (chid: 2003)
Exported frame 11/50 DefineSprite (chid: 2003)
Exported frame 12/50 DefineSprite (chid: 2003)
Exported frame 13/50 DefineSprite (chid: 2003)
Exported frame 14/50 DefineSprite (chid: 2003)
Exported frame 15/50 DefineSprite (chid: 2003)
Exported frame 16/50 DefineSprite (chid: 2003)
Exported frame 17/50 DefineSprite (chid: 2003)
Exported frame 18/50 DefineSprite (chid: 2003)
Exported frame 19/50 DefineSprite (chid: 2003)
Exported frame 20/50 DefineSprite (chid: 2003)
Exported frame 21/50 DefineSprite (chid: 2003)
Exported frame 22/50 DefineSprite (chid: 2003)
Exported frame 23/50 DefineSprite (chid: 2003)
Exported frame 24/50 DefineSprite (chid: 2003)
Exported frame 25/50 DefineSprite (chid: 2003)
Exported frame 26/50 DefineSprite (chid: 2003)
Exported frame 27/50 DefineSprite (chid: 2003)
Exported frame 28/50 DefineSprite (chid: 2003)
Exported frame 29/50 DefineSprite (chid: 2003)
Exported frame 30/50 DefineSprite (chid: 2003)
Exported frame 31/50 DefineSprite (chid: 2003)
Exported frame 32/50 DefineSprite (chid: 2003)
Exported frame 33/50 DefineSprite (chid: 2003)
Exported frame 34/50 DefineSprite (chid: 2003)
Exported frame 35/50 DefineSprite (chid: 2003)
Exported frame 36/50 DefineSprite (chid: 2003)
Exported frame 37/50 DefineSprite (chid: 2003)
Exported frame 38/50 DefineSprite (chid: 2003)
Exported frame 39/50 DefineSprite (chid: 2003)
Exported frame 40/50 DefineSprite (chid: 2003)
Exported frame 41/50 DefineSprite (chid: 2003)
Exported frame 42/50 DefineSprite (chid: 2003)
Exported frame 43/50 DefineSprite (chid: 2003)
Exported frame 44/50 DefineSprite (chid: 2003)
Exported frame 45/50 DefineSprite (chid: 2003)
Exported frame 46/50 DefineSprite (chid: 2003)
Exported frame 47/50 DefineSprite (chid: 2003)
Exported frame 48/50 DefineSprite (chid: 2003)
Exported frame 49/50 DefineSprite (chid: 2003)
Exported frame 50/50 DefineSprite (chid: 2003)
Exported frame 1/50 DefineSprite (chid: 2017)
Exported frame 2/50 DefineSprite (chid: 2017)
Exported frame 3/50 DefineSprite (chid: 2017)
Exported frame 4/50 DefineSprite (chid: 2017)
Exported frame 5/50 DefineSprite (chid: 2017)
Exported frame 6/50 DefineSprite (chid: 2017)
Exported frame 7/50 DefineSprite (chid: 2017)
Exported frame 8/50 DefineSprite (chid: 2017)
Exported frame 9/50 DefineSprite (chid: 2017)
Exported frame 10/50 DefineSprite (chid: 2017)
Exported frame 11/50 DefineSprite (chid: 2017)
Exported frame 12/50 DefineSprite (chid: 2017)
Exported frame 13/50 DefineSprite (chid: 2017)
Exported frame 14/50 DefineSprite (chid: 2017)
Exported frame 15/50 DefineSprite (chid: 2017)
Exported frame 16/50 DefineSprite (chid: 2017)
Exported frame 17/50 DefineSprite (chid: 2017)
Exported frame 18/50 DefineSprite (chid: 2017)
Exported frame 19/50 DefineSprite (chid: 2017)
Exported frame 20/50 DefineSprite (chid: 2017)
Exported frame 21/50 DefineSprite (chid: 2017)
Exported frame 22/50 DefineSprite (chid: 2017)
Exported frame 23/50 DefineSprite (chid: 2017)
Exported frame 24/50 DefineSprite (chid: 2017)
Exported frame 25/50 DefineSprite (chid: 2017)
Exported frame 26/50 DefineSprite (chid: 2017)
Exported frame 27/50 DefineSprite (chid: 2017)
Exported frame 28/50 DefineSprite (chid: 2017)
Exported frame 29/50 DefineSprite (chid: 2017)
Exported frame 30/50 DefineSprite (chid: 2017)
Exported frame 31/50 DefineSprite (chid: 2017)
Exported frame 32/50 DefineSprite (chid: 2017)
Exported frame 33/50 DefineSprite (chid: 2017)
Exported frame 34/50 DefineSprite (chid: 2017)
Exported frame 35/50 DefineSprite (chid: 2017)
Exported frame 36/50 DefineSprite (chid: 2017)
Exported frame 37/50 DefineSprite (chid: 2017)
Exported frame 38/50 DefineSprite (chid: 2017)
Exported frame 39/50 DefineSprite (chid: 2017)
Exported frame 40/50 DefineSprite (chid: 2017)
Exported frame 41/50 DefineSprite (chid: 2017)
Exported frame 42/50 DefineSprite (chid: 2017)
Exported frame 43/50 DefineSprite (chid: 2017)
Exported frame 44/50 DefineSprite (chid: 2017)
Exported frame 45/50 DefineSprite (chid: 2017)
Exported frame 46/50 DefineSprite (chid: 2017)
Exported frame 47/50 DefineSprite (chid: 2017)
Exported frame 48/50 DefineSprite (chid: 2017)
Exported frame 49/50 DefineSprite (chid: 2017)
Exported frame 50/50 DefineSprite (chid: 2017)
Exported frame 1/50 DefineSprite (chid: 2021)
Exported frame 2/50 DefineSprite (chid: 2021)
Exported frame 3/50 DefineSprite (chid: 2021)
Exported frame 4/50 DefineSprite (chid: 2021)
Exported frame 5/50 DefineSprite (chid: 2021)
Exported frame 6/50 DefineSprite (chid: 2021)
Exported frame 7/50 DefineSprite (chid: 2021)
Exported frame 8/50 DefineSprite (chid: 2021)
Exported frame 9/50 DefineSprite (chid: 2021)
Exported frame 10/50 DefineSprite (chid: 2021)
Exported frame 11/50 DefineSprite (chid: 2021)
Exported frame 12/50 DefineSprite (chid: 2021)
Exported frame 13/50 DefineSprite (chid: 2021)
Exported frame 14/50 DefineSprite (chid: 2021)
Exported frame 15/50 DefineSprite (chid: 2021)
Exported frame 16/50 DefineSprite (chid: 2021)
Exported frame 17/50 DefineSprite (chid: 2021)
Exported frame 18/50 DefineSprite (chid: 2021)
Exported frame 19/50 DefineSprite (chid: 2021)
Exported frame 20/50 DefineSprite (chid: 2021)
Exported frame 21/50 DefineSprite (chid: 2021)
Exported frame 22/50 DefineSprite (chid: 2021)
Exported frame 23/50 DefineSprite (chid: 2021)
Exported frame 24/50 DefineSprite (chid: 2021)
Exported frame 25/50 DefineSprite (chid: 2021)
Exported frame 26/50 DefineSprite (chid: 2021)
Exported frame 27/50 DefineSprite (chid: 2021)
Exported frame 28/50 DefineSprite (chid: 2021)
Exported frame 29/50 DefineSprite (chid: 2021)
Exported frame 30/50 DefineSprite (chid: 2021)
Exported frame 31/50 DefineSprite (chid: 2021)
Exported frame 32/50 DefineSprite (chid: 2021)
Exported frame 33/50 DefineSprite (chid: 2021)
Exported frame 34/50 DefineSprite (chid: 2021)
Exported frame 35/50 DefineSprite (chid: 2021)
Exported frame 36/50 DefineSprite (chid: 2021)
Exported frame 37/50 DefineSprite (chid: 2021)
Exported frame 38/50 DefineSprite (chid: 2021)
Exported frame 39/50 DefineSprite (chid: 2021)
Exported frame 40/50 DefineSprite (chid: 2021)
Exported frame 41/50 DefineSprite (chid: 2021)
Exported frame 42/50 DefineSprite (chid: 2021)
Exported frame 43/50 DefineSprite (chid: 2021)
Exported frame 44/50 DefineSprite (chid: 2021)
Exported frame 45/50 DefineSprite (chid: 2021)
Exported frame 46/50 DefineSprite (chid: 2021)
Exported frame 47/50 DefineSprite (chid: 2021)
Exported frame 48/50 DefineSprite (chid: 2021)
Exported frame 49/50 DefineSprite (chid: 2021)
Exported frame 50/50 DefineSprite (chid: 2021)
Exported frame 1/1 DefineSprite (chid: 2022)
Exported frame 1/32 DefineSprite (chid: 2023)
Exported frame 2/32 DefineSprite (chid: 2023)
Exported frame 3/32 DefineSprite (chid: 2023)
Exported frame 4/32 DefineSprite (chid: 2023)
Exported frame 5/32 DefineSprite (chid: 2023)
Exported frame 6/32 DefineSprite (chid: 2023)
Exported frame 7/32 DefineSprite (chid: 2023)
Exported frame 8/32 DefineSprite (chid: 2023)
Exported frame 9/32 DefineSprite (chid: 2023)
Exported frame 10/32 DefineSprite (chid: 2023)
Exported frame 11/32 DefineSprite (chid: 2023)
Exported frame 12/32 DefineSprite (chid: 2023)
Exported frame 13/32 DefineSprite (chid: 2023)
Exported frame 14/32 DefineSprite (chid: 2023)
Exported frame 15/32 DefineSprite (chid: 2023)
Exported frame 16/32 DefineSprite (chid: 2023)
Exported frame 17/32 DefineSprite (chid: 2023)
Exported frame 18/32 DefineSprite (chid: 2023)
Exported frame 19/32 DefineSprite (chid: 2023)
Exported frame 20/32 DefineSprite (chid: 2023)
Exported frame 21/32 DefineSprite (chid: 2023)
Exported frame 22/32 DefineSprite (chid: 2023)
Exported frame 23/32 DefineSprite (chid: 2023)
Exported frame 24/32 DefineSprite (chid: 2023)
Exported frame 25/32 DefineSprite (chid: 2023)
Exported frame 26/32 DefineSprite (chid: 2023)
Exported frame 27/32 DefineSprite (chid: 2023)
Exported frame 28/32 DefineSprite (chid: 2023)
Exported frame 29/32 DefineSprite (chid: 2023)
Exported frame 30/32 DefineSprite (chid: 2023)
Exported frame 31/32 DefineSprite (chid: 2023)
Exported frame 32/32 DefineSprite (chid: 2023)
Exported frame 1/9 DefineSprite (chid: 2038)
Exported frame 2/9 DefineSprite (chid: 2038)
Exported frame 3/9 DefineSprite (chid: 2038)
Exported frame 4/9 DefineSprite (chid: 2038)
Exported frame 5/9 DefineSprite (chid: 2038)
Exported frame 6/9 DefineSprite (chid: 2038)
Exported frame 7/9 DefineSprite (chid: 2038)
Exported frame 8/9 DefineSprite (chid: 2038)
Exported frame 9/9 DefineSprite (chid: 2038)
Exported frame 1/1 DefineSprite (chid: 2039)
Exported frame 1/1 DefineSprite (chid: 2055)
Exported frame 1/1 DefineSprite (chid: 2056)
Exported frame 1/1 DefineSprite (chid: 2057)
Exported frame 1/1 DefineSprite (chid: 2058)
Exported frame 1/1 DefineSprite (chid: 2059)
Exported frame 1/3 DefineSprite (chid: 2062)
Exported frame 2/3 DefineSprite (chid: 2062)
Exported frame 3/3 DefineSprite (chid: 2062)
Exported frame 1/1 DefineSprite (chid: 2063)
Exported frame 1/1 DefineSprite (chid: 2064)
Exported frame 1/1 DefineSprite (chid: 2065)
Exported frame 1/1 DefineSprite (chid: 2067)
Exported frame 1/1 DefineSprite (chid: 2068)
Exported frame 1/1 DefineSprite (chid: 2069)
Exported frame 1/1 DefineSprite (chid: 2071)
Exported frame 1/1 DefineSprite (chid: 2074)
Exported frame 1/1 DefineSprite (chid: 2075)
Exported frame 1/1 DefineSprite (chid: 2076)
Exported frame 1/1 DefineSprite (chid: 2077)
Exported frame 1/1 DefineSprite (chid: 2078)
Exported frame 1/1 DefineSprite (chid: 2081)
Exported frame 1/1 DefineSprite (chid: 2082)
Exported frame 1/1 DefineSprite (chid: 2085)
Exported frame 1/1 DefineSprite (chid: 2086)
Exported frame 1/1 DefineSprite (chid: 2089)
Exported frame 1/1 DefineSprite (chid: 2090)
Exported frame 1/1 DefineSprite (chid: 2093)
Exported frame 1/81 DefineSprite (chid: 2100)
Exported frame 2/81 DefineSprite (chid: 2100)
Exported frame 3/81 DefineSprite (chid: 2100)
Exported frame 4/81 DefineSprite (chid: 2100)
Exported frame 5/81 DefineSprite (chid: 2100)
Exported frame 6/81 DefineSprite (chid: 2100)
Exported frame 7/81 DefineSprite (chid: 2100)
Exported frame 8/81 DefineSprite (chid: 2100)
Exported frame 9/81 DefineSprite (chid: 2100)
Exported frame 10/81 DefineSprite (chid: 2100)
Exported frame 11/81 DefineSprite (chid: 2100)
Exported frame 12/81 DefineSprite (chid: 2100)
Exported frame 13/81 DefineSprite (chid: 2100)
Exported frame 14/81 DefineSprite (chid: 2100)
Exported frame 15/81 DefineSprite (chid: 2100)
Exported frame 16/81 DefineSprite (chid: 2100)
Exported frame 17/81 DefineSprite (chid: 2100)
Exported frame 18/81 DefineSprite (chid: 2100)
Exported frame 19/81 DefineSprite (chid: 2100)
Exported frame 20/81 DefineSprite (chid: 2100)
Exported frame 21/81 DefineSprite (chid: 2100)
Exported frame 22/81 DefineSprite (chid: 2100)
Exported frame 23/81 DefineSprite (chid: 2100)
Exported frame 24/81 DefineSprite (chid: 2100)
Exported frame 25/81 DefineSprite (chid: 2100)
Exported frame 26/81 DefineSprite (chid: 2100)
Exported frame 27/81 DefineSprite (chid: 2100)
Exported frame 28/81 DefineSprite (chid: 2100)
Exported frame 29/81 DefineSprite (chid: 2100)
Exported frame 30/81 DefineSprite (chid: 2100)
Exported frame 31/81 DefineSprite (chid: 2100)
Exported frame 32/81 DefineSprite (chid: 2100)
Exported frame 33/81 DefineSprite (chid: 2100)
Exported frame 34/81 DefineSprite (chid: 2100)
Exported frame 35/81 DefineSprite (chid: 2100)
Exported frame 36/81 DefineSprite (chid: 2100)
Exported frame 37/81 DefineSprite (chid: 2100)
Exported frame 38/81 DefineSprite (chid: 2100)
Exported frame 39/81 DefineSprite (chid: 2100)
Exported frame 40/81 DefineSprite (chid: 2100)
Exported frame 41/81 DefineSprite (chid: 2100)
Exported frame 42/81 DefineSprite (chid: 2100)
Exported frame 43/81 DefineSprite (chid: 2100)
Exported frame 44/81 DefineSprite (chid: 2100)
Exported frame 45/81 DefineSprite (chid: 2100)
Exported frame 46/81 DefineSprite (chid: 2100)
Exported frame 47/81 DefineSprite (chid: 2100)
Exported frame 48/81 DefineSprite (chid: 2100)
Exported frame 49/81 DefineSprite (chid: 2100)
Exported frame 50/81 DefineSprite (chid: 2100)
Exported frame 51/81 DefineSprite (chid: 2100)
Exported frame 52/81 DefineSprite (chid: 2100)
Exported frame 53/81 DefineSprite (chid: 2100)
Exported frame 54/81 DefineSprite (chid: 2100)
Exported frame 55/81 DefineSprite (chid: 2100)
Exported frame 56/81 DefineSprite (chid: 2100)
Exported frame 57/81 DefineSprite (chid: 2100)
Exported frame 58/81 DefineSprite (chid: 2100)
Exported frame 59/81 DefineSprite (chid: 2100)
Exported frame 60/81 DefineSprite (chid: 2100)
Exported frame 61/81 DefineSprite (chid: 2100)
Exported frame 62/81 DefineSprite (chid: 2100)
Exported frame 63/81 DefineSprite (chid: 2100)
Exported frame 64/81 DefineSprite (chid: 2100)
Exported frame 65/81 DefineSprite (chid: 2100)
Exported frame 66/81 DefineSprite (chid: 2100)
Exported frame 67/81 DefineSprite (chid: 2100)
Exported frame 68/81 DefineSprite (chid: 2100)
Exported frame 69/81 DefineSprite (chid: 2100)
Exported frame 70/81 DefineSprite (chid: 2100)
Exported frame 71/81 DefineSprite (chid: 2100)
Exported frame 72/81 DefineSprite (chid: 2100)
Exported frame 73/81 DefineSprite (chid: 2100)
Exported frame 74/81 DefineSprite (chid: 2100)
Exported frame 75/81 DefineSprite (chid: 2100)
Exported frame 76/81 DefineSprite (chid: 2100)
Exported frame 77/81 DefineSprite (chid: 2100)
Exported frame 78/81 DefineSprite (chid: 2100)
Exported frame 79/81 DefineSprite (chid: 2100)
Exported frame 80/81 DefineSprite (chid: 2100)
Exported frame 81/81 DefineSprite (chid: 2100)
Exported frame 1/1 DefineSprite (chid: 2101)
Exported frame 1/1 DefineSprite (chid: 2102)
Exported frame 1/1 DefineSprite (chid: 2103)
Exported frame 1/1 DefineSprite (chid: 2104)
Exported frame 1/1 DefineSprite (chid: 2105)
Exported frame 1/1 DefineSprite (chid: 2106)
Exported frame 1/1 DefineSprite (chid: 2108)
Exported frame 1/1 DefineSprite (chid: 2109)
Exported frame 1/1 DefineSprite (chid: 2111)
Exported frame 1/1 DefineSprite (chid: 2114)
Exported frame 1/1 DefineSprite (chid: 2117)
Exported frame 1/1 DefineSprite (chid: 2118)
Exported frame 1/1 DefineSprite (chid: 2121)
Exported frame 1/1 DefineSprite (chid: 2122)
Exported frame 1/1 DefineSprite (chid: 2124)
Exported frame 1/1 DefineSprite (chid: 2126)
Exported frame 1/1 DefineSprite (chid: 2127)
Exported frame 1/1 DefineSprite (chid: 2129)
Exported frame 1/1 DefineSprite (chid: 2130)
Exported frame 1/1 DefineSprite (chid: 2131)
Exported frame 1/1 DefineSprite (chid: 2132)
Exported frame 1/1 DefineSprite (chid: 2133)
Exported frame 1/1 DefineSprite (chid: 2134)
Exported frame 1/1 DefineSprite (chid: 2135)
Exported frame 1/1 DefineSprite (chid: 2137)
Exported frame 1/1 DefineSprite (chid: 2139)
Exported frame 1/1 DefineSprite (chid: 2141)
Exported frame 1/1 DefineSprite (chid: 2142)
Exported frame 1/1 DefineSprite (chid: 2143)
Exported frame 1/1 DefineSprite (chid: 2145)
Exported frame 1/1 DefineSprite (chid: 2146)
Exported frame 1/1 DefineSprite (chid: 2147)
Exported frame 1/1 DefineSprite (chid: 2149)
Exported frame 1/1 DefineSprite (chid: 2150)
Exported frame 1/1 DefineSprite (chid: 2152)
Exported frame 1/1 DefineSprite (chid: 2154)
Exported frame 1/1 DefineSprite (chid: 2156)
Exported frame 1/1 DefineSprite (chid: 2157)
Exported frame 1/1 DefineSprite (chid: 2159)
Exported frame 1/1 DefineSprite (chid: 2160)
Exported frame 1/1 DefineSprite (chid: 2162)
Exported frame 1/1 DefineSprite (chid: 2164)
Exported frame 1/1 DefineSprite (chid: 2166)
Exported frame 1/1 DefineSprite (chid: 2168)
Exported frame 1/1 DefineSprite (chid: 2170)
Exported frame 1/1 DefineSprite (chid: 2171)
Exported frame 1/1 DefineSprite (chid: 2173)
Exported frame 1/1 DefineSprite (chid: 2174)
Exported frame 1/1 DefineSprite (chid: 2176)
Exported frame 1/1 DefineSprite (chid: 2177)
Exported frame 1/1 DefineSprite (chid: 2178)
Exported frame 1/1 DefineSprite (chid: 2179)
Exported frame 1/1 DefineSprite (chid: 2180)
Exported frame 1/1 DefineSprite (chid: 2187)
Exported frame 1/1 DefineSprite (chid: 2190)
Exported frame 1/1 DefineSprite (chid: 2192)
Exported frame 1/1 DefineSprite (chid: 2194)
Exported frame 1/1 DefineSprite (chid: 2197, cls: backgroundcomponent)
Exported frame 1/1 DefineSprite (chid: 2199)
Exported frame 1/1 DefineSprite (chid: 2200)
Exported frame 1/1 DefineSprite (chid: 2201, cls: AbyssalBow)
Exported frame 1/1 DefineSprite (chid: 2203)
Exported frame 1/1 DefineSprite (chid: 2204)
Exported frame 1/29 DefineSprite (chid: 2227)
Exported frame 2/29 DefineSprite (chid: 2227)
Exported frame 3/29 DefineSprite (chid: 2227)
Exported frame 4/29 DefineSprite (chid: 2227)
Exported frame 5/29 DefineSprite (chid: 2227)
Exported frame 6/29 DefineSprite (chid: 2227)
Exported frame 7/29 DefineSprite (chid: 2227)
Exported frame 8/29 DefineSprite (chid: 2227)
Exported frame 9/29 DefineSprite (chid: 2227)
Exported frame 10/29 DefineSprite (chid: 2227)
Exported frame 11/29 DefineSprite (chid: 2227)
Exported frame 12/29 DefineSprite (chid: 2227)
Exported frame 13/29 DefineSprite (chid: 2227)
Exported frame 14/29 DefineSprite (chid: 2227)
Exported frame 15/29 DefineSprite (chid: 2227)
Exported frame 16/29 DefineSprite (chid: 2227)
Exported frame 17/29 DefineSprite (chid: 2227)
Exported frame 18/29 DefineSprite (chid: 2227)
Exported frame 19/29 DefineSprite (chid: 2227)
Exported frame 20/29 DefineSprite (chid: 2227)
Exported frame 21/29 DefineSprite (chid: 2227)
Exported frame 22/29 DefineSprite (chid: 2227)
Exported frame 23/29 DefineSprite (chid: 2227)
Exported frame 24/29 DefineSprite (chid: 2227)
Exported frame 25/29 DefineSprite (chid: 2227)
Exported frame 26/29 DefineSprite (chid: 2227)
Exported frame 27/29 DefineSprite (chid: 2227)
Exported frame 28/29 DefineSprite (chid: 2227)
Exported frame 29/29 DefineSprite (chid: 2227)
Exported frame 1/37 DefineSprite (chid: 2228, cls: Paradigm_fla.mcCape_87)
Exported frame 2/37 DefineSprite (chid: 2228, cls: Paradigm_fla.mcCape_87)
Exported frame 3/37 DefineSprite (chid: 2228, cls: Paradigm_fla.mcCape_87)
Exported frame 4/37 DefineSprite (chid: 2228, cls: Paradigm_fla.mcCape_87)
Exported frame 5/37 DefineSprite (chid: 2228, cls: Paradigm_fla.mcCape_87)
Exported frame 6/37 DefineSprite (chid: 2228, cls: Paradigm_fla.mcCape_87)
Exported frame 7/37 DefineSprite (chid: 2228, cls: Paradigm_fla.mcCape_87)
Exported frame 8/37 DefineSprite (chid: 2228, cls: Paradigm_fla.mcCape_87)
Exported frame 9/37 DefineSprite (chid: 2228, cls: Paradigm_fla.mcCape_87)
Exported frame 10/37 DefineSprite (chid: 2228, cls: Paradigm_fla.mcCape_87)
Exported frame 11/37 DefineSprite (chid: 2228, cls: Paradigm_fla.mcCape_87)
Exported frame 12/37 DefineSprite (chid: 2228, cls: Paradigm_fla.mcCape_87)
Exported frame 13/37 DefineSprite (chid: 2228, cls: Paradigm_fla.mcCape_87)
Exported frame 14/37 DefineSprite (chid: 2228, cls: Paradigm_fla.mcCape_87)
Exported frame 15/37 DefineSprite (chid: 2228, cls: Paradigm_fla.mcCape_87)
Exported frame 16/37 DefineSprite (chid: 2228, cls: Paradigm_fla.mcCape_87)
Exported frame 17/37 DefineSprite (chid: 2228, cls: Paradigm_fla.mcCape_87)
Exported frame 18/37 DefineSprite (chid: 2228, cls: Paradigm_fla.mcCape_87)
Exported frame 19/37 DefineSprite (chid: 2228, cls: Paradigm_fla.mcCape_87)
Exported frame 20/37 DefineSprite (chid: 2228, cls: Paradigm_fla.mcCape_87)
Exported frame 21/37 DefineSprite (chid: 2228, cls: Paradigm_fla.mcCape_87)
Exported frame 22/37 DefineSprite (chid: 2228, cls: Paradigm_fla.mcCape_87)
Exported frame 23/37 DefineSprite (chid: 2228, cls: Paradigm_fla.mcCape_87)
Exported frame 24/37 DefineSprite (chid: 2228, cls: Paradigm_fla.mcCape_87)
Exported frame 25/37 DefineSprite (chid: 2228, cls: Paradigm_fla.mcCape_87)
Exported frame 26/37 DefineSprite (chid: 2228, cls: Paradigm_fla.mcCape_87)
Exported frame 27/37 DefineSprite (chid: 2228, cls: Paradigm_fla.mcCape_87)
Exported frame 28/37 DefineSprite (chid: 2228, cls: Paradigm_fla.mcCape_87)
Exported frame 29/37 DefineSprite (chid: 2228, cls: Paradigm_fla.mcCape_87)
Exported frame 30/37 DefineSprite (chid: 2228, cls: Paradigm_fla.mcCape_87)
Exported frame 31/37 DefineSprite (chid: 2228, cls: Paradigm_fla.mcCape_87)
Exported frame 32/37 DefineSprite (chid: 2228, cls: Paradigm_fla.mcCape_87)
Exported frame 33/37 DefineSprite (chid: 2228, cls: Paradigm_fla.mcCape_87)
Exported frame 34/37 DefineSprite (chid: 2228, cls: Paradigm_fla.mcCape_87)
Exported frame 35/37 DefineSprite (chid: 2228, cls: Paradigm_fla.mcCape_87)
Exported frame 36/37 DefineSprite (chid: 2228, cls: Paradigm_fla.mcCape_87)
Exported frame 37/37 DefineSprite (chid: 2228, cls: Paradigm_fla.mcCape_87)
Exported frame 1/1 DefineSprite (chid: 2229)
Exported frame 1/1 DefineSprite (chid: 2231)
Exported frame 1/1 DefineSprite (chid: 2233)
Exported frame 1/1 DefineSprite (chid: 2235)
Exported frame 1/1 DefineSprite (chid: 2237)
Exported frame 1/1 DefineSprite (chid: 2238)
Exported frame 1/1 DefineSprite (chid: 2239)
Exported frame 1/1 DefineSprite (chid: 2241)
Exported frame 1/1 DefineSprite (chid: 2242)
Exported frame 1/1 DefineSprite (chid: 2244)
Exported frame 1/1 DefineSprite (chid: 2245)
Exported frame 1/1 DefineSprite (chid: 2247)
Exported frame 1/1 DefineSprite (chid: 2248)
Exported frame 1/1 DefineSprite (chid: 2250)
Exported frame 1/1 DefineSprite (chid: 2251)
Exported frame 1/1 DefineSprite (chid: 2253)
Exported frame 1/1 DefineSprite (chid: 2254)
Exported frame 1/1 DefineSprite (chid: 2256)
Exported frame 1/1 DefineSprite (chid: 2257)
Exported frame 1/1 DefineSprite (chid: 2259)
Exported frame 1/1 DefineSprite (chid: 2260)
Exported frame 1/1 DefineSprite (chid: 2261)
Exported frame 1/1 DefineSprite (chid: 2263)
Exported frame 1/1 DefineSprite (chid: 2264)
Exported frame 1/1 DefineSprite (chid: 2266)
Exported frame 1/1 DefineSprite (chid: 2268)
Exported frame 1/1 DefineSprite (chid: 2269)
Exported frame 1/1 DefineSprite (chid: 2271)
Exported frame 1/1 DefineSprite (chid: 2272)
Exported frame 1/1 DefineSprite (chid: 2274)
Exported frame 1/68 DefineSprite (chid: 2278)
Exported frame 2/68 DefineSprite (chid: 2278)
Exported frame 3/68 DefineSprite (chid: 2278)
Exported frame 4/68 DefineSprite (chid: 2278)
Exported frame 5/68 DefineSprite (chid: 2278)
Exported frame 6/68 DefineSprite (chid: 2278)
Exported frame 7/68 DefineSprite (chid: 2278)
Exported frame 8/68 DefineSprite (chid: 2278)
Exported frame 9/68 DefineSprite (chid: 2278)
Exported frame 10/68 DefineSprite (chid: 2278)
Exported frame 11/68 DefineSprite (chid: 2278)
Exported frame 12/68 DefineSprite (chid: 2278)
Exported frame 13/68 DefineSprite (chid: 2278)
Exported frame 14/68 DefineSprite (chid: 2278)
Exported frame 15/68 DefineSprite (chid: 2278)
Exported frame 16/68 DefineSprite (chid: 2278)
Exported frame 17/68 DefineSprite (chid: 2278)
Exported frame 18/68 DefineSprite (chid: 2278)
Exported frame 19/68 DefineSprite (chid: 2278)
Exported frame 20/68 DefineSprite (chid: 2278)
Exported frame 21/68 DefineSprite (chid: 2278)
Exported frame 22/68 DefineSprite (chid: 2278)
Exported frame 23/68 DefineSprite (chid: 2278)
Exported frame 24/68 DefineSprite (chid: 2278)
Exported frame 25/68 DefineSprite (chid: 2278)
Exported frame 26/68 DefineSprite (chid: 2278)
Exported frame 27/68 DefineSprite (chid: 2278)
Exported frame 28/68 DefineSprite (chid: 2278)
Exported frame 29/68 DefineSprite (chid: 2278)
Exported frame 30/68 DefineSprite (chid: 2278)
Exported frame 31/68 DefineSprite (chid: 2278)
Exported frame 32/68 DefineSprite (chid: 2278)
Exported frame 33/68 DefineSprite (chid: 2278)
Exported frame 34/68 DefineSprite (chid: 2278)
Exported frame 35/68 DefineSprite (chid: 2278)
Exported frame 36/68 DefineSprite (chid: 2278)
Exported frame 37/68 DefineSprite (chid: 2278)
Exported frame 38/68 DefineSprite (chid: 2278)
Exported frame 39/68 DefineSprite (chid: 2278)
Exported frame 40/68 DefineSprite (chid: 2278)
Exported frame 41/68 DefineSprite (chid: 2278)
Exported frame 42/68 DefineSprite (chid: 2278)
Exported frame 43/68 DefineSprite (chid: 2278)
Exported frame 44/68 DefineSprite (chid: 2278)
Exported frame 45/68 DefineSprite (chid: 2278)
Exported frame 46/68 DefineSprite (chid: 2278)
Exported frame 47/68 DefineSprite (chid: 2278)
Exported frame 48/68 DefineSprite (chid: 2278)
Exported frame 49/68 DefineSprite (chid: 2278)
Exported frame 50/68 DefineSprite (chid: 2278)
Exported frame 51/68 DefineSprite (chid: 2278)
Exported frame 52/68 DefineSprite (chid: 2278)
Exported frame 53/68 DefineSprite (chid: 2278)
Exported frame 54/68 DefineSprite (chid: 2278)
Exported frame 55/68 DefineSprite (chid: 2278)
Exported frame 56/68 DefineSprite (chid: 2278)
Exported frame 57/68 DefineSprite (chid: 2278)
Exported frame 58/68 DefineSprite (chid: 2278)
Exported frame 59/68 DefineSprite (chid: 2278)
Exported frame 60/68 DefineSprite (chid: 2278)
Exported frame 61/68 DefineSprite (chid: 2278)
Exported frame 62/68 DefineSprite (chid: 2278)
Exported frame 63/68 DefineSprite (chid: 2278)
Exported frame 64/68 DefineSprite (chid: 2278)
Exported frame 65/68 DefineSprite (chid: 2278)
Exported frame 66/68 DefineSprite (chid: 2278)
Exported frame 67/68 DefineSprite (chid: 2278)
Exported frame 68/68 DefineSprite (chid: 2278)
Exported frame 1/1 DefineSprite (chid: 2280)
Exported frame 1/1 DefineSprite (chid: 2281)
Exported frame 1/3 DefineSprite (chid: 2285)
Exported frame 2/3 DefineSprite (chid: 2285)
Exported frame 3/3 DefineSprite (chid: 2285)
Exported frame 1/1 DefineSprite (chid: 2288)
Exported frame 1/1 DefineSprite (chid: 2310)
Exported frame 1/1 DefineSprite (chid: 2311)
Exported frame 1/1 DefineSprite (chid: 2312)
Exported frame 1/1 DefineSprite (chid: 2314)
Exported frame 1/14 DefineSprite (chid: 2315, cls: Paradigm_fla.fxx_128)
Exported frame 2/14 DefineSprite (chid: 2315, cls: Paradigm_fla.fxx_128)
Exported frame 3/14 DefineSprite (chid: 2315, cls: Paradigm_fla.fxx_128)
Exported frame 4/14 DefineSprite (chid: 2315, cls: Paradigm_fla.fxx_128)
Exported frame 5/14 DefineSprite (chid: 2315, cls: Paradigm_fla.fxx_128)
Exported frame 6/14 DefineSprite (chid: 2315, cls: Paradigm_fla.fxx_128)
Exported frame 7/14 DefineSprite (chid: 2315, cls: Paradigm_fla.fxx_128)
Exported frame 8/14 DefineSprite (chid: 2315, cls: Paradigm_fla.fxx_128)
Exported frame 9/14 DefineSprite (chid: 2315, cls: Paradigm_fla.fxx_128)
Exported frame 10/14 DefineSprite (chid: 2315, cls: Paradigm_fla.fxx_128)
Exported frame 11/14 DefineSprite (chid: 2315, cls: Paradigm_fla.fxx_128)
Exported frame 12/14 DefineSprite (chid: 2315, cls: Paradigm_fla.fxx_128)
Exported frame 13/14 DefineSprite (chid: 2315, cls: Paradigm_fla.fxx_128)
Exported frame 14/14 DefineSprite (chid: 2315, cls: Paradigm_fla.fxx_128)
Exported frame 1/1 DefineSprite (chid: 2331)
Exported frame 1/1 DefineSprite (chid: 2333)
Exported frame 1/1 DefineSprite (chid: 2334)
Exported frame 1/1 DefineSprite (chid: 2335)
Exported frame 1/1 DefineSprite (chid: 2339)
Exported frame 1/1 DefineSprite (chid: 2343)
Exported frame 1/1 DefineSprite (chid: 2348)
Exported frame 1/1 DefineSprite (chid: 2349)
Exported frame 1/1 DefineSprite (chid: 2351)
Exported frame 1/1 DefineSprite (chid: 2382)
Exported frame 1/27 DefineSprite (chid: 2383)
Exported frame 2/27 DefineSprite (chid: 2383)
Exported frame 3/27 DefineSprite (chid: 2383)
Exported frame 4/27 DefineSprite (chid: 2383)
Exported frame 5/27 DefineSprite (chid: 2383)
Exported frame 6/27 DefineSprite (chid: 2383)
Exported frame 7/27 DefineSprite (chid: 2383)
Exported frame 8/27 DefineSprite (chid: 2383)
Exported frame 9/27 DefineSprite (chid: 2383)
Exported frame 10/27 DefineSprite (chid: 2383)
Exported frame 11/27 DefineSprite (chid: 2383)
Exported frame 12/27 DefineSprite (chid: 2383)
Exported frame 13/27 DefineSprite (chid: 2383)
Exported frame 14/27 DefineSprite (chid: 2383)
Exported frame 15/27 DefineSprite (chid: 2383)
Exported frame 16/27 DefineSprite (chid: 2383)
Exported frame 17/27 DefineSprite (chid: 2383)
Exported frame 18/27 DefineSprite (chid: 2383)
Exported frame 19/27 DefineSprite (chid: 2383)
Exported frame 20/27 DefineSprite (chid: 2383)
Exported frame 21/27 DefineSprite (chid: 2383)
Exported frame 22/27 DefineSprite (chid: 2383)
Exported frame 23/27 DefineSprite (chid: 2383)
Exported frame 24/27 DefineSprite (chid: 2383)
Exported frame 25/27 DefineSprite (chid: 2383)
Exported frame 26/27 DefineSprite (chid: 2383)
Exported frame 27/27 DefineSprite (chid: 2383)
Exported frame 1/2 DefineSprite (chid: 2385)
Exported frame 2/2 DefineSprite (chid: 2385)
Exported frame 1/20 DefineSprite (chid: 2387)
Exported frame 2/20 DefineSprite (chid: 2387)
Exported frame 3/20 DefineSprite (chid: 2387)
Exported frame 4/20 DefineSprite (chid: 2387)
Exported frame 5/20 DefineSprite (chid: 2387)
Exported frame 6/20 DefineSprite (chid: 2387)
Exported frame 7/20 DefineSprite (chid: 2387)
Exported frame 8/20 DefineSprite (chid: 2387)
Exported frame 9/20 DefineSprite (chid: 2387)
Exported frame 10/20 DefineSprite (chid: 2387)
Exported frame 11/20 DefineSprite (chid: 2387)
Exported frame 12/20 DefineSprite (chid: 2387)
Exported frame 13/20 DefineSprite (chid: 2387)
Exported frame 14/20 DefineSprite (chid: 2387)
Exported frame 15/20 DefineSprite (chid: 2387)
Exported frame 16/20 DefineSprite (chid: 2387)
Exported frame 17/20 DefineSprite (chid: 2387)
Exported frame 18/20 DefineSprite (chid: 2387)
Exported frame 19/20 DefineSprite (chid: 2387)
Exported frame 20/20 DefineSprite (chid: 2387)
Exported frame 1/1 DefineSprite (chid: 2389)
Exported frame 1/1 DefineSprite (chid: 2391)
Exported frame 1/1 DefineSprite (chid: 2393)
Exported frame 1/1 DefineSprite (chid: 2399)
Exported frame 1/1 DefineSprite (chid: 2402)
Exported frame 1/1837 DefineSprite (chid: 2408, cls: AQWorlds.mcSkel)
Exported frame 2/1837 DefineSprite (chid: 2408, cls: AQWorlds.mcSkel)
Exported frame 3/1837 DefineSprite (chid: 2408, cls: AQWorlds.mcSkel)
Exported frame 4/1837 DefineSprite (chid: 2408, cls: AQWorlds.mcSkel)
Exported frame 5/1837 DefineSprite (chid: 2408, cls: AQWorlds.mcSkel)
Exported frame 6/1837 DefineSprite (chid: 2408, cls: AQWorlds.mcSkel)
Exported frame 7/1837 DefineSprite (chid: 2408, cls: AQWorlds.mcSkel)
Exported frame 8/1837 DefineSprite (chid: 2408, cls: AQWorlds.mcSkel)
Exported frame 9/1837 DefineSprite (chid: 2408, cls: AQWorlds.mcSkel)
Exported frame 10/1837 DefineSprite (chid: 2408, cls: AQWorlds.mcSkel)
Exported frame 11/1837 DefineSprite (chid: 2408, cls: AQWorlds.mcSkel)
Exported frame 12/1837 DefineSprite (chid: 2408, cls: AQWorlds.mcSkel)
Exported frame 13/1837 DefineSprite (chid: 2408, cls: AQWorlds.mcSkel)
Exported frame 14/1837 DefineSprite (chid: 2408, cls: AQWorlds.mcSkel)
Exported frame 15/1837 DefineSprite (chid: 2408, cls: AQWorlds.mcSkel)
Exported frame 16/1837 DefineSprite (chid: 2408, cls: AQWorlds.mcSkel)
Exported frame 17/1837 DefineSprite (chid: 2408, cls: AQWorlds.mcSkel)
Exported frame 18/1837 DefineSprite (chid: 2408, cls: AQWorlds.mcSkel)
Exported frame 19/1837 DefineSprite (chid: 2408, cls: AQWorlds.mcSkel)
Exported frame 20/1837 DefineSprite (chid: 2408, cls: AQWorlds.mcSkel)
Exported frame 21/1837 DefineSprite (chid: 2408, cls: AQWorlds.mcSkel)
Exported frame 22/1837 DefineSprite (chid: 2408, cls: AQWorlds.mcSkel)
Exported frame 23/1837 DefineSprite (chid: 2408, cls: AQWorlds.mcSkel)
Exported frame 24/1837 DefineSprite (chid: 2408, cls: AQWorlds.mcSkel)
Exported frame 25/1837 DefineSprite (chid: 2408, cls: AQWorlds.mcSkel)
Exported frame 26/1837 DefineSprite (chid: 2408, cls: AQWorlds.mcSkel)
Exported frame 27/1837 DefineSprite (chid: 2408, cls: AQWorlds.mcSkel)
Exported frame 28/1837 DefineSprite (chid: 2408, cls: AQWorlds.mcSkel)
Exported frame 29/1837 DefineSprite (chid: 2408, cls: AQWorlds.mcSkel)
Exported frame 30/1837 DefineSprite (chid: 2408, cls: AQWorlds.mcSkel)
Exported frame 31/1837 DefineSprite (chid: 2408, cls: AQWorlds.mcSkel)
Exported frame 32/1837 DefineSprite (chid: 2408, cls: AQWorlds.mcSkel)
Exported frame 33/1837 DefineSprite (chid: 2408, cls: AQWorlds.mcSkel)
Exported frame 34/1837 DefineSprite (chid: 2408, cls: AQWorlds.mcSkel)
Exported frame 35/1837 DefineSprite (chid: 2408, cls: AQWorlds.mcSkel)
Exported frame 36/1837 DefineSprite (chid: 2408, cls: AQWorlds.mcSkel)
Exported frame 37/1837 DefineSprite (chid: 2408, cls: AQWorlds.mcSkel)
Exported frame 38/1837 DefineSprite (chid: 2408, cls: AQWorlds.mcSkel)
Exported frame 39/1837 DefineSprite (chid: 2408, cls: AQWorlds.mcSkel)
Exported frame 40/1837 DefineSprite (chid: 2408, cls: AQWorlds.mcSkel)
Exported frame 41/1837 DefineSprite (chid: 2408, cls: AQWorlds.mcSkel)
Exported frame 42/1837 DefineSprite (chid: 2408, cls: AQWorlds.mcSkel)
Exported frame 43/1837 DefineSprite (chid: 2408, cls: AQWorlds.mcSkel)
Exported frame 44/1837 DefineSprite (chid: 2408, cls: AQWorlds.mcSkel)
Exported frame 45/1837 DefineSprite (chid: 2408, cls: AQWorlds.mcSkel)
Exported frame 46/1837 DefineSprite (chid: 2408, cls: AQWorlds.mcSkel)
Exported frame 47/1837 DefineSprite (chid: 2408, cls: AQWorlds.mcSkel)
Exported frame 48/1837 DefineSprite (chid: 2408, cls: AQWorlds.mcSkel)
Exported frame 49/1837 DefineSprite (chid: 2408, cls: AQWorlds.mcSkel)
Exported frame 50/1837 DefineSprite (chid: 2408, cls: AQWorlds.mcSkel)
Exported frame 51/1837 DefineSprite (chid: 2408, cls: AQWorlds.mcSkel)
Exported frame 52/1837 DefineSprite (chid: 2408, cls: AQWorlds.mcSkel)
Exported frame 53/1837 DefineSprite (chid: 2408, cls: AQWorlds.mcSkel)
Exported frame 54/1837 DefineSprite (chid: 2408, cls: AQWorlds.mcSkel)
Exported frame 55/1837 DefineSprite (chid: 2408, cls: AQWorlds.mcSkel)
Exported frame 56/1837 DefineSprite (chid: 2408, cls: AQWorlds.mcSkel)
Exported frame 57/1837 DefineSprite (chid: 2408, cls: AQWorlds.mcSkel)
Exported frame 58/1837 DefineSprite (chid: 2408, cls: AQWorlds.mcSkel)
Exported frame 59/1837 DefineSprite (chid: 2408, cls: AQWorlds.mcSkel)
Exported frame 60/1837 DefineSprite (chid: 2408, cls: AQWorlds.mcSkel)
Exported frame 61/1837 DefineSprite (chid: 2408, cls: AQWorlds.mcSkel)
Exported frame 62/1837 DefineSprite (chid: 2408, cls: AQWorlds.mcSkel)
Exported frame 63/1837 DefineSprite (chid: 2408, cls: AQWorlds.mcSkel)
Exported frame 64/1837 DefineSprite (chid: 2408, cls: AQWorlds.mcSkel)
Exported frame 65/1837 DefineSprite (chid: 2408, cls: AQWorlds.mcSkel)
Exported frame 66/1837 DefineSprite (chid: 2408, cls: AQWorlds.mcSkel)
Exported frame 67/1837 DefineSprite (chid: 2408, cls: AQWorlds.mcSkel)
Exported frame 68/1837 DefineSprite (chid: 2408, cls: AQWorlds.mcSkel)
Exported frame 69/1837 DefineSprite (chid: 2408, cls: AQWorlds.mcSkel)
Exported frame 70/1837 DefineSprite (chid: 2408, cls: AQWorlds.mcSkel)
Exported frame 71/1837 DefineSprite (chid: 2408, cls: AQWorlds.mcSkel)
Exported frame 72/1837 DefineSprite (chid: 2408, cls: AQWorlds.mcSkel)
Exported frame 73/1837 DefineSprite (chid: 2408, cls: AQWorlds.mcSkel)
Exported frame 74/1837 DefineSprite (chid: 2408, cls: AQWorlds.mcSkel)
Exported frame 75/1837 DefineSprite (chid: 2408, cls: AQWorlds.mcSkel)
Exported frame 76/1837 DefineSprite (chid: 2408, cls: AQWorlds.mcSkel)
Exported frame 77/1837 DefineSprite (chid: 2408, cls: AQWorlds.mcSkel)
Exported frame 78/1837 DefineSprite (chid: 2408, cls: AQWorlds.mcSkel)
Exported frame 79/1837 DefineSprite (chid: 2408, cls: AQWorlds.mcSkel)
Exported frame 80/1837 DefineSprite (chid: 2408, cls: AQWorlds.mcSkel)
Exported frame 81/1837 DefineSprite (chid: 2408, cls: AQWorlds.mcSkel)
Exported frame 82/1837 DefineSprite (chid: 2408, cls: AQWorlds.mcSkel)
Exported frame 83/1837 DefineSprite (chid: 2408, cls: AQWorlds.mcSkel)
Exported frame 84/1837 DefineSprite (chid: 2408, cls: AQWorlds.mcSkel)
Exported frame 85/1837 DefineSprite (chid: 2408, cls: AQWorlds.mcSkel)
Exported frame 86/1837 DefineSprite (chid: 2408, cls: AQWorlds.mcSkel)
Exported frame 87/1837 DefineSprite (chid: 2408, cls: AQWorlds.mcSkel)
Exported frame 88/1837 DefineSprite (chid: 2408, cls: AQWorlds.mcSkel)
Exported frame 89/1837 DefineSprite (chid: 2408, cls: AQWorlds.mcSkel)
Exported frame 90/1837 DefineSprite (chid: 2408, cls: AQWorlds.mcSkel)
Exported frame 91/1837 DefineSprite (chid: 2408, cls: AQWorlds.mcSkel)
Exported frame 92/1837 DefineSprite (chid: 2408, cls: AQWorlds.mcSkel)
Exported frame 93/1837 DefineSprite (chid: 2408, cls: AQWorlds.mcSkel)
Exported frame 94/1837 DefineSprite (chid: 2408, cls: AQWorlds.mcSkel)
Exported frame 95/1837 DefineSprite (chid: 2408, cls: AQWorlds.mcSkel)
Exported frame 96/1837 DefineSprite (chid: 2408, cls: AQWorlds.mcSkel)
Exported frame 97/1837 DefineSprite (chid: 2408, cls: AQWorlds.mcSkel)
Exported frame 98/1837 DefineSprite (chid: 2408, cls: AQWorlds.mcSkel)
Exported frame 99/1837 DefineSprite (chid: 2408, cls: AQWorlds.mcSkel)
Exported frame 100/1837 DefineSprite (chid: 2408, cls: AQWorlds.mcSkel)
Exported frame 101/1837 DefineSprite (chid: 2408, cls: AQWorlds.mcSkel)
Exported frame 102/1837 DefineSprite (chid: 2408, cls: AQWorlds.mcSkel)
Exported frame 103/1837 DefineSprite (chid: 2408, cls: AQWorlds.mcSkel)
Exported frame 104/1837 DefineSprite (chid: 2408, cls: AQWorlds.mcSkel)
Exported frame 105/1837 DefineSprite (chid: 2408, cls: AQWorlds.mcSkel)
Exported frame 106/1837 DefineSprite (chid: 2408, cls: AQWorlds.mcSkel)
Exported frame 107/1837 DefineSprite (chid: 2408, cls: AQWorlds.mcSkel)
Exported frame 108/1837 DefineSprite (chid: 2408, cls: AQWorlds.mcSkel)
Exported frame 109/1837 DefineSprite (chid: 2408, cls: AQWorlds.mcSkel)
Exported frame 110/1837 DefineSprite (chid: 2408, cls: AQWorlds.mcSkel)
Exported frame 111/1837 DefineSprite (chid: 2408, cls: AQWorlds.mcSkel)
Exported frame 112/1837 DefineSprite (chid: 2408, cls: AQWorlds.mcSkel)
Exported frame 113/1837 DefineSprite (chid: 2408, cls: AQWorlds.mcSkel)
Exported frame 114/1837 DefineSprite (chid: 2408, cls: AQWorlds.mcSkel)
Exported frame 115/1837 DefineSprite (chid: 2408, cls: AQWorlds.mcSkel)
Exported frame 116/1837 DefineSprite (chid: 2408, cls: AQWorlds.mcSkel)
Exported frame 117/1837 DefineSprite (chid: 2408, cls: AQWorlds.mcSkel)
Exported frame 118/1837 DefineSprite (chid: 2408, cls: AQWorlds.mcSkel)
Exported frame 119/1837 DefineSprite (chid: 2408, cls: AQWorlds.mcSkel)
Exported frame 120/1837 DefineSprite (chid: 2408, cls: AQWorlds.mcSkel)
Exported frame 121/1837 DefineSprite (chid: 2408, cls: AQWorlds.mcSkel)
Exported frame 122/1837 DefineSprite (chid: 2408, cls: AQWorlds.mcSkel)
Exported frame 123/1837 DefineSprite (chid: 2408, cls: AQWorlds.mcSkel)
Exported frame 124/1837 DefineSprite (chid: 2408, cls: AQWorlds.mcSkel)
Exported frame 125/1837 DefineSprite (chid: 2408, cls: AQWorlds.mcSkel)
Exported frame 126/1837 DefineSprite (chid: 2408, cls: AQWorlds.mcSkel)
Exported frame 127/1837 DefineSprite (chid: 2408, cls: AQWorlds.mcSkel)
Exported frame 128/1837 DefineSprite (chid: 2408, cls: AQWorlds.mcSkel)
Exported frame 129/1837 DefineSprite (chid: 2408, cls: AQWorlds.mcSkel)
Exported frame 130/1837 DefineSprite (chid: 2408, cls: AQWorlds.mcSkel)
Exported frame 131/1837 DefineSprite (chid: 2408, cls: AQWorlds.mcSkel)
Exported frame 132/1837 DefineSprite (chid: 2408, cls: AQWorlds.mcSkel)
Exported frame 133/1837 DefineSprite (chid: 2408, cls: AQWorlds.mcSkel)
Exported frame 134/1837 DefineSprite (chid: 2408, cls: AQWorlds.mcSkel)
Exported frame 135/1837 DefineSprite (chid: 2408, cls: AQWorlds.mcSkel)
Exported frame 136/1837 DefineSprite (chid: 2408, cls: AQWorlds.mcSkel)
Exported frame 137/1837 DefineSprite (chid: 2408, cls: AQWorlds.mcSkel)
Exported frame 138/1837 DefineSprite (chid: 2408, cls: AQWorlds.mcSkel)
Exported frame 139/1837 DefineSprite (chid: 2408, cls: AQWorlds.mcSkel)
Exported frame 140/1837 DefineSprite (chid: 2408, cls: AQWorlds.mcSkel)
Exported frame 141/1837 DefineSprite (chid: 2408, cls: AQWorlds.mcSkel)
Exported frame 142/1837 DefineSprite (chid: 2408, cls: AQWorlds.mcSkel)
Exported frame 143/1837 DefineSprite (chid: 2408, cls: AQWorlds.mcSkel)
Exported frame 144/1837 DefineSprite (chid: 2408, cls: AQWorlds.mcSkel)
Exported frame 145/1837 DefineSprite (chid: 2408, cls: AQWorlds.mcSkel)
Exported frame 146/1837 DefineSprite (chid: 2408, cls: AQWorlds.mcSkel)
Exported frame 147/1837 DefineSprite (chid: 2408, cls: AQWorlds.mcSkel)
Exported frame 148/1837 DefineSprite (chid: 2408, cls: AQWorlds.mcSkel)
Exported frame 149/1837 DefineSprite (chid: 2408, cls: AQWorlds.mcSkel)
Exported frame 150/1837 DefineSprite (chid: 2408, cls: AQWorlds.mcSkel)
Exported frame 151/1837 DefineSprite (chid: 2408, cls: AQWorlds.mcSkel)
Exported frame 152/1837 DefineSprite (chid: 2408, cls: AQWorlds.mcSkel)
Exported frame 153/1837 DefineSprite (chid: 2408, cls: AQWorlds.mcSkel)
Exported frame 154/1837 DefineSprite (chid: 2408, cls: AQWorlds.mcSkel)
Exported frame 155/1837 DefineSprite (chid: 2408, cls: AQWorlds.mcSkel)
Exported frame 156/1837 DefineSprite (chid: 2408, cls: AQWorlds.mcSkel)
Exported frame 157/1837 DefineSprite (chid: 2408, cls: AQWorlds.mcSkel)
Exported frame 158/1837 DefineSprite (chid: 2408, cls: AQWorlds.mcSkel)
Exported frame 159/1837 DefineSprite (chid: 2408, cls: AQWorlds.mcSkel)
Exported frame 160/1837 DefineSprite (chid: 2408, cls: AQWorlds.mcSkel)
Exported frame 161/1837 DefineSprite (chid: 2408, cls: AQWorlds.mcSkel)
Exported frame 162/1837 DefineSprite (chid: 2408, cls: AQWorlds.mcSkel)
Exported frame 163/1837 DefineSprite (chid: 2408, cls: AQWorlds.mcSkel)
Exported frame 164/1837 DefineSprite (chid: 2408, cls: AQWorlds.mcSkel)
Exported frame 165/1837 DefineSprite (chid: 2408, cls: AQWorlds.mcSkel)
Exported frame 166/1837 DefineSprite (chid: 2408, cls: AQWorlds.mcSkel)
Exported frame 167/1837 DefineSprite (chid: 2408, cls: AQWorlds.mcSkel)
Exported frame 168/1837 DefineSprite (chid: 2408, cls: AQWorlds.mcSkel)
Exported frame 169/1837 DefineSprite (chid: 2408, cls: AQWorlds.mcSkel)
Exported frame 170/1837 DefineSprite (chid: 2408, cls: AQWorlds.mcSkel)
Exported frame 171/1837 DefineSprite (chid: 2408, cls: AQWorlds.mcSkel)
Exported frame 172/1837 DefineSprite (chid: 2408, cls: AQWorlds.mcSkel)
Exported frame 173/1837 DefineSprite (chid: 2408, cls: AQWorlds.mcSkel)
Exported frame 174/1837 DefineSprite (chid: 2408, cls: AQWorlds.mcSkel)
Exported frame 175/1837 DefineSprite (chid: 2408, cls: AQWorlds.mcSkel)
Exported frame 176/1837 DefineSprite (chid: 2408, cls: AQWorlds.mcSkel)
Exported frame 177/1837 DefineSprite (chid: 2408, cls: AQWorlds.mcSkel)
Exported frame 178/1837 DefineSprite (chid: 2408, cls: AQWorlds.mcSkel)
Exported frame 179/1837 DefineSprite (chid: 2408, cls: AQWorlds.mcSkel)
Exported frame 180/1837 DefineSprite (chid: 2408, cls: AQWorlds.mcSkel)
Exported frame 181/1837 DefineSprite (chid: 2408, cls: AQWorlds.mcSkel)
Exported frame 182/1837 DefineSprite (chid: 2408, cls: AQWorlds.mcSkel)
Exported frame 183/1837 DefineSprite (chid: 2408, cls: AQWorlds.mcSkel)
Exported frame 184/1837 DefineSprite (chid: 2408, cls: AQWorlds.mcSkel)
Exported frame 185/1837 DefineSprite (chid: 2408, cls: AQWorlds.mcSkel)
Exported frame 186/1837 DefineSprite (chid: 2408, cls: AQWorlds.mcSkel)
Exported frame 187/1837 DefineSprite (chid: 2408, cls: AQWorlds.mcSkel)
Exported frame 188/1837 DefineSprite (chid: 2408, cls: AQWorlds.mcSkel)
Exported frame 189/1837 DefineSprite (chid: 2408, cls: AQWorlds.mcSkel)
Exported frame 190/1837 DefineSprite (chid: 2408, cls: AQWorlds.mcSkel)
Exported frame 191/1837 DefineSprite (chid: 2408, cls: AQWorlds.mcSkel)
Exported frame 192/1837 DefineSprite (chid: 2408, cls: AQWorlds.mcSkel)
Exported frame 193/1837 DefineSprite (chid: 2408, cls: AQWorlds.mcSkel)
Exported frame 194/1837 DefineSprite (chid: 2408, cls: AQWorlds.mcSkel)
Exported frame 195/1837 DefineSprite (chid: 2408, cls: AQWorlds.mcSkel)
Exported frame 196/1837 DefineSprite (chid: 2408, cls: AQWorlds.mcSkel)
Exported frame 197/1837 DefineSprite (chid: 2408, cls: AQWorlds.mcSkel)
Exported frame 198/1837 DefineSprite (chid: 2408, cls: AQWorlds.mcSkel)
Exported frame 199/1837 DefineSprite (chid: 2408, cls: AQWorlds.mcSkel)
Exported frame 200/1837 DefineSprite (chid: 2408, cls: AQWorlds.mcSkel)
Exported frame 201/1837 DefineSprite (chid: 2408, cls: AQWorlds.mcSkel)
Exported frame 202/1837 DefineSprite (chid: 2408, cls: AQWorlds.mcSkel)
Exported frame 203/1837 DefineSprite (chid: 2408, cls: AQWorlds.mcSkel)
Exported frame 204/1837 DefineSprite (chid: 2408, cls: AQWorlds.mcSkel)
Exported frame 205/1837 DefineSprite (chid: 2408, cls: AQWorlds.mcSkel)
Exported frame 206/1837 DefineSprite (chid: 2408, cls: AQWorlds.mcSkel)
Exported frame 207/1837 DefineSprite (chid: 2408, cls: AQWorlds.mcSkel)
Exported frame 208/1837 DefineSprite (chid: 2408, cls: AQWorlds.mcSkel)
Exported frame 209/1837 DefineSprite (chid: 2408, cls: AQWorlds.mcSkel)
Exported frame 210/1837 DefineSprite (chid: 2408, cls: AQWorlds.mcSkel)
Exported frame 211/1837 DefineSprite (chid: 2408, cls: AQWorlds.mcSkel)
Exported frame 212/1837 DefineSprite (chid: 2408, cls: AQWorlds.mcSkel)
Exported frame 213/1837 DefineSprite (chid: 2408, cls: AQWorlds.mcSkel)
Exported frame 214/1837 DefineSprite (chid: 2408, cls: AQWorlds.mcSkel)
Exported frame 215/1837 DefineSprite (chid: 2408, cls: AQWorlds.mcSkel)
Exported frame 216/1837 DefineSprite (chid: 2408, cls: AQWorlds.mcSkel)
Exported frame 217/1837 DefineSprite (chid: 2408, cls: AQWorlds.mcSkel)
Exported frame 218/1837 DefineSprite (chid: 2408, cls: AQWorlds.mcSkel)
Exported frame 219/1837 DefineSprite (chid: 2408, cls: AQWorlds.mcSkel)
Exported frame 220/1837 DefineSprite (chid: 2408, cls: AQWorlds.mcSkel)
Exported frame 221/1837 DefineSprite (chid: 2408, cls: AQWorlds.mcSkel)
Exported frame 222/1837 DefineSprite (chid: 2408, cls: AQWorlds.mcSkel)
Exported frame 223/1837 DefineSprite (chid: 2408, cls: AQWorlds.mcSkel)
Exported frame 224/1837 DefineSprite (chid: 2408, cls: AQWorlds.mcSkel)
Exported frame 225/1837 DefineSprite (chid: 2408, cls: AQWorlds.mcSkel)
Exported frame 226/1837 DefineSprite (chid: 2408, cls: AQWorlds.mcSkel)
Exported frame 227/1837 DefineSprite (chid: 2408, cls: AQWorlds.mcSkel)
Exported frame 228/1837 DefineSprite (chid: 2408, cls: AQWorlds.mcSkel)
Exported frame 229/1837 DefineSprite (chid: 2408, cls: AQWorlds.mcSkel)
Exported frame 230/1837 DefineSprite (chid: 2408, cls: AQWorlds.mcSkel)
Exported frame 231/1837 DefineSprite (chid: 2408, cls: AQWorlds.mcSkel)
Exported frame 232/1837 DefineSprite (chid: 2408, cls: AQWorlds.mcSkel)
Exported frame 233/1837 DefineSprite (chid: 2408, cls: AQWorlds.mcSkel)
Exported frame 234/1837 DefineSprite (chid: 2408, cls: AQWorlds.mcSkel)
Exported frame 235/1837 DefineSprite (chid: 2408, cls: AQWorlds.mcSkel)
Exported frame 236/1837 DefineSprite (chid: 2408, cls: AQWorlds.mcSkel)
Exported frame 237/1837 DefineSprite (chid: 2408, cls: AQWorlds.mcSkel)
Exported frame 238/1837 DefineSprite (chid: 2408, cls: AQWorlds.mcSkel)
Exported frame 239/1837 DefineSprite (chid: 2408, cls: AQWorlds.mcSkel)
Exported frame 240/1837 DefineSprite (chid: 2408, cls: AQWorlds.mcSkel)
Exported frame 241/1837 DefineSprite (chid: 2408, cls: AQWorlds.mcSkel)
Exported frame 242/1837 DefineSprite (chid: 2408, cls: AQWorlds.mcSkel)
Exported frame 243/1837 DefineSprite (chid: 2408, cls: AQWorlds.mcSkel)
Exported frame 244/1837 DefineSprite (chid: 2408, cls: AQWorlds.mcSkel)
Exported frame 245/1837 DefineSprite (chid: 2408, cls: AQWorlds.mcSkel)
Exported frame 246/1837 DefineSprite (chid: 2408, cls: AQWorlds.mcSkel)
Exported frame 247/1837 DefineSprite (chid: 2408, cls: AQWorlds.mcSkel)
Exported frame 248/1837 DefineSprite (chid: 2408, cls: AQWorlds.mcSkel)
Exported frame 249/1837 DefineSprite (chid: 2408, cls: AQWorlds.mcSkel)
Exported frame 250/1837 DefineSprite (chid: 2408, cls: AQWorlds.mcSkel)
Exported frame 251/1837 DefineSprite (chid: 2408, cls: AQWorlds.mcSkel)
Exported frame 252/1837 DefineSprite (chid: 2408, cls: AQWorlds.mcSkel)
Exported frame 253/1837 DefineSprite (chid: 2408, cls: AQWorlds.mcSkel)
Exported frame 254/1837 DefineSprite (chid: 2408, cls: AQWorlds.mcSkel)
Exported frame 255/1837 DefineSprite (chid: 2408, cls: AQWorlds.mcSkel)
Exported frame 256/1837 DefineSprite (chid: 2408, cls: AQWorlds.mcSkel)
Exported frame 257/1837 DefineSprite (chid: 2408, cls: AQWorlds.mcSkel)
Exported frame 258/1837 DefineSprite (chid: 2408, cls: AQWorlds.mcSkel)
Exported frame 259/1837 DefineSprite (chid: 2408, cls: AQWorlds.mcSkel)
Exported frame 260/1837 DefineSprite (chid: 2408, cls: AQWorlds.mcSkel)
Exported frame 261/1837 DefineSprite (chid: 2408, cls: AQWorlds.mcSkel)
Exported frame 262/1837 DefineSprite (chid: 2408, cls: AQWorlds.mcSkel)
Exported frame 263/1837 DefineSprite (chid: 2408, cls: AQWorlds.mcSkel)
Exported frame 264/1837 DefineSprite (chid: 2408, cls: AQWorlds.mcSkel)
Exported frame 265/1837 DefineSprite (chid: 2408, cls: AQWorlds.mcSkel)
Exported frame 266/1837 DefineSprite (chid: 2408, cls: AQWorlds.mcSkel)
Exported frame 267/1837 DefineSprite (chid: 2408, cls: AQWorlds.mcSkel)
Exported frame 268/1837 DefineSprite (chid: 2408, cls: AQWorlds.mcSkel)
Exported frame 269/1837 DefineSprite (chid: 2408, cls: AQWorlds.mcSkel)
Exported frame 270/1837 DefineSprite (chid: 2408, cls: AQWorlds.mcSkel)
Exported frame 271/1837 DefineSprite (chid: 2408, cls: AQWorlds.mcSkel)
Exported frame 272/1837 DefineSprite (chid: 2408, cls: AQWorlds.mcSkel)
Exported frame 273/1837 DefineSprite (chid: 2408, cls: AQWorlds.mcSkel)
Exported frame 274/1837 DefineSprite (chid: 2408, cls: AQWorlds.mcSkel)
Exported frame 275/1837 DefineSprite (chid: 2408, cls: AQWorlds.mcSkel)
Exported frame 276/1837 DefineSprite (chid: 2408, cls: AQWorlds.mcSkel)
Exported frame 277/1837 DefineSprite (chid: 2408, cls: AQWorlds.mcSkel)
Exported frame 278/1837 DefineSprite (chid: 2408, cls: AQWorlds.mcSkel)
Exported frame 279/1837 DefineSprite (chid: 2408, cls: AQWorlds.mcSkel)
Exported frame 280/1837 DefineSprite (chid: 2408, cls: AQWorlds.mcSkel)
Exported frame 281/1837 DefineSprite (chid: 2408, cls: AQWorlds.mcSkel)
Exported frame 282/1837 DefineSprite (chid: 2408, cls: AQWorlds.mcSkel)
Exported frame 283/1837 DefineSprite (chid: 2408, cls: AQWorlds.mcSkel)
Exported frame 284/1837 DefineSprite (chid: 2408, cls: AQWorlds.mcSkel)
Exported frame 285/1837 DefineSprite (chid: 2408, cls: AQWorlds.mcSkel)
Exported frame 286/1837 DefineSprite (chid: 2408, cls: AQWorlds.mcSkel)
Exported frame 287/1837 DefineSprite (chid: 2408, cls: AQWorlds.mcSkel)
Exported frame 288/1837 DefineSprite (chid: 2408, cls: AQWorlds.mcSkel)
Exported frame 289/1837 DefineSprite (chid: 2408, cls: AQWorlds.mcSkel)
Exported frame 290/1837 DefineSprite (chid: 2408, cls: AQWorlds.mcSkel)
Exported frame 291/1837 DefineSprite (chid: 2408, cls: AQWorlds.mcSkel)
Exported frame 292/1837 DefineSprite (chid: 2408, cls: AQWorlds.mcSkel)
Exported frame 293/1837 DefineSprite (chid: 2408, cls: AQWorlds.mcSkel)
Exported frame 294/1837 DefineSprite (chid: 2408, cls: AQWorlds.mcSkel)
Exported frame 295/1837 DefineSprite (chid: 2408, cls: AQWorlds.mcSkel)
Exported frame 296/1837 DefineSprite (chid: 2408, cls: AQWorlds.mcSkel)
Exported frame 297/1837 DefineSprite (chid: 2408, cls: AQWorlds.mcSkel)
Exported frame 298/1837 DefineSprite (chid: 2408, cls: AQWorlds.mcSkel)
Exported frame 299/1837 DefineSprite (chid: 2408, cls: AQWorlds.mcSkel)
Exported frame 300/1837 DefineSprite (chid: 2408, cls: AQWorlds.mcSkel)
Exported frame 301/1837 DefineSprite (chid: 2408, cls: AQWorlds.mcSkel)
Exported frame 302/1837 DefineSprite (chid: 2408, cls: AQWorlds.mcSkel)
Exported frame 303/1837 DefineSprite (chid: 2408, cls: AQWorlds.mcSkel)
Exported frame 304/1837 DefineSprite (chid: 2408, cls: AQWorlds.mcSkel)
Exported frame 305/1837 DefineSprite (chid: 2408, cls: AQWorlds.mcSkel)
Exported frame 306/1837 DefineSprite (chid: 2408, cls: AQWorlds.mcSkel)
Exported frame 307/1837 DefineSprite (chid: 2408, cls: AQWorlds.mcSkel)
Exported frame 308/1837 DefineSprite (chid: 2408, cls: AQWorlds.mcSkel)
Exported frame 309/1837 DefineSprite (chid: 2408, cls: AQWorlds.mcSkel)
Exported frame 310/1837 DefineSprite (chid: 2408, cls: AQWorlds.mcSkel)
Exported frame 311/1837 DefineSprite (chid: 2408, cls: AQWorlds.mcSkel)
Exported frame 312/1837 DefineSprite (chid: 2408, cls: AQWorlds.mcSkel)
Exported frame 313/1837 DefineSprite (chid: 2408, cls: AQWorlds.mcSkel)
Exported frame 314/1837 DefineSprite (chid: 2408, cls: AQWorlds.mcSkel)
Exported frame 315/1837 DefineSprite (chid: 2408, cls: AQWorlds.mcSkel)
Exported frame 316/1837 DefineSprite (chid: 2408, cls: AQWorlds.mcSkel)
Exported frame 317/1837 DefineSprite (chid: 2408, cls: AQWorlds.mcSkel)
Exported frame 318/1837 DefineSprite (chid: 2408, cls: AQWorlds.mcSkel)
Exported frame 319/1837 DefineSprite (chid: 2408, cls: AQWorlds.mcSkel)
Exported frame 320/1837 DefineSprite (chid: 2408, cls: AQWorlds.mcSkel)
Exported frame 321/1837 DefineSprite (chid: 2408, cls: AQWorlds.mcSkel)
Exported frame 322/1837 DefineSprite (chid: 2408, cls: AQWorlds.mcSkel)
Exported frame 323/1837 DefineSprite (chid: 2408, cls: AQWorlds.mcSkel)
Exported frame 324/1837 DefineSprite (chid: 2408, cls: AQWorlds.mcSkel)
Exported frame 325/1837 DefineSprite (chid: 2408, cls: AQWorlds.mcSkel)
Exported frame 326/1837 DefineSprite (chid: 2408, cls: AQWorlds.mcSkel)
Exported frame 327/1837 DefineSprite (chid: 2408, cls: AQWorlds.mcSkel)
Exported frame 328/1837 DefineSprite (chid: 2408, cls: AQWorlds.mcSkel)
Exported frame 329/1837 DefineSprite (chid: 2408, cls: AQWorlds.mcSkel)
Exported frame 330/1837 DefineSprite (chid: 2408, cls: AQWorlds.mcSkel)
Exported frame 331/1837 DefineSprite (chid: 2408, cls: AQWorlds.mcSkel)
Exported frame 332/1837 DefineSprite (chid: 2408, cls: AQWorlds.mcSkel)
Exported frame 333/1837 DefineSprite (chid: 2408, cls: AQWorlds.mcSkel)
Exported frame 334/1837 DefineSprite (chid: 2408, cls: AQWorlds.mcSkel)
Exported frame 335/1837 DefineSprite (chid: 2408, cls: AQWorlds.mcSkel)
Exported frame 336/1837 DefineSprite (chid: 2408, cls: AQWorlds.mcSkel)
Exported frame 337/1837 DefineSprite (chid: 2408, cls: AQWorlds.mcSkel)
Exported frame 338/1837 DefineSprite (chid: 2408, cls: AQWorlds.mcSkel)
Exported frame 339/1837 DefineSprite (chid: 2408, cls: AQWorlds.mcSkel)
Exported frame 340/1837 DefineSprite (chid: 2408, cls: AQWorlds.mcSkel)
Exported frame 341/1837 DefineSprite (chid: 2408, cls: AQWorlds.mcSkel)
Exported frame 342/1837 DefineSprite (chid: 2408, cls: AQWorlds.mcSkel)
Exported frame 343/1837 DefineSprite (chid: 2408, cls: AQWorlds.mcSkel)
Exported frame 344/1837 DefineSprite (chid: 2408, cls: AQWorlds.mcSkel)
Exported frame 345/1837 DefineSprite (chid: 2408, cls: AQWorlds.mcSkel)
Exported frame 346/1837 DefineSprite (chid: 2408, cls: AQWorlds.mcSkel)
Exported frame 347/1837 DefineSprite (chid: 2408, cls: AQWorlds.mcSkel)
Exported frame 348/1837 DefineSprite (chid: 2408, cls: AQWorlds.mcSkel)
Exported frame 349/1837 DefineSprite (chid: 2408, cls: AQWorlds.mcSkel)
Exported frame 350/1837 DefineSprite (chid: 2408, cls: AQWorlds.mcSkel)
Exported frame 351/1837 DefineSprite (chid: 2408, cls: AQWorlds.mcSkel)
Exported frame 352/1837 DefineSprite (chid: 2408, cls: AQWorlds.mcSkel)
Exported frame 353/1837 DefineSprite (chid: 2408, cls: AQWorlds.mcSkel)
Exported frame 354/1837 DefineSprite (chid: 2408, cls: AQWorlds.mcSkel)
Exported frame 355/1837 DefineSprite (chid: 2408, cls: AQWorlds.mcSkel)
Exported frame 356/1837 DefineSprite (chid: 2408, cls: AQWorlds.mcSkel)
Exported frame 357/1837 DefineSprite (chid: 2408, cls: AQWorlds.mcSkel)
Exported frame 358/1837 DefineSprite (chid: 2408, cls: AQWorlds.mcSkel)
Exported frame 359/1837 DefineSprite (chid: 2408, cls: AQWorlds.mcSkel)
Exported frame 360/1837 DefineSprite (chid: 2408, cls: AQWorlds.mcSkel)
Exported frame 361/1837 DefineSprite (chid: 2408, cls: AQWorlds.mcSkel)
Exported frame 362/1837 DefineSprite (chid: 2408, cls: AQWorlds.mcSkel)
Exported frame 363/1837 DefineSprite (chid: 2408, cls: AQWorlds.mcSkel)
Exported frame 364/1837 DefineSprite (chid: 2408, cls: AQWorlds.mcSkel)
Exported frame 365/1837 DefineSprite (chid: 2408, cls: AQWorlds.mcSkel)
Exported frame 366/1837 DefineSprite (chid: 2408, cls: AQWorlds.mcSkel)
Exported frame 367/1837 DefineSprite (chid: 2408, cls: AQWorlds.mcSkel)
Exported frame 368/1837 DefineSprite (chid: 2408, cls: AQWorlds.mcSkel)
Exported frame 369/1837 DefineSprite (chid: 2408, cls: AQWorlds.mcSkel)
Exported frame 370/1837 DefineSprite (chid: 2408, cls: AQWorlds.mcSkel)
Exported frame 371/1837 DefineSprite (chid: 2408, cls: AQWorlds.mcSkel)
Exported frame 372/1837 DefineSprite (chid: 2408, cls: AQWorlds.mcSkel)
Exported frame 373/1837 DefineSprite (chid: 2408, cls: AQWorlds.mcSkel)
Exported frame 374/1837 DefineSprite (chid: 2408, cls: AQWorlds.mcSkel)
Exported frame 375/1837 DefineSprite (chid: 2408, cls: AQWorlds.mcSkel)
Exported frame 376/1837 DefineSprite (chid: 2408, cls: AQWorlds.mcSkel)
Exported frame 377/1837 DefineSprite (chid: 2408, cls: AQWorlds.mcSkel)
Exported frame 378/1837 DefineSprite (chid: 2408, cls: AQWorlds.mcSkel)
Exported frame 379/1837 DefineSprite (chid: 2408, cls: AQWorlds.mcSkel)
Exported frame 380/1837 DefineSprite (chid: 2408, cls: AQWorlds.mcSkel)
Exported frame 381/1837 DefineSprite (chid: 2408, cls: AQWorlds.mcSkel)
Exported frame 382/1837 DefineSprite (chid: 2408, cls: AQWorlds.mcSkel)
Exported frame 383/1837 DefineSprite (chid: 2408, cls: AQWorlds.mcSkel)
Exported frame 384/1837 DefineSprite (chid: 2408, cls: AQWorlds.mcSkel)
Exported frame 385/1837 DefineSprite (chid: 2408, cls: AQWorlds.mcSkel)
Exported frame 386/1837 DefineSprite (chid: 2408, cls: AQWorlds.mcSkel)
Exported frame 387/1837 DefineSprite (chid: 2408, cls: AQWorlds.mcSkel)
Exported frame 388/1837 DefineSprite (chid: 2408, cls: AQWorlds.mcSkel)
Exported frame 389/1837 DefineSprite (chid: 2408, cls: AQWorlds.mcSkel)
Exported frame 390/1837 DefineSprite (chid: 2408, cls: AQWorlds.mcSkel)
Exported frame 391/1837 DefineSprite (chid: 2408, cls: AQWorlds.mcSkel)
Exported frame 392/1837 DefineSprite (chid: 2408, cls: AQWorlds.mcSkel)
Exported frame 393/1837 DefineSprite (chid: 2408, cls: AQWorlds.mcSkel)
Exported frame 394/1837 DefineSprite (chid: 2408, cls: AQWorlds.mcSkel)
Exported frame 395/1837 DefineSprite (chid: 2408, cls: AQWorlds.mcSkel)
Exported frame 396/1837 DefineSprite (chid: 2408, cls: AQWorlds.mcSkel)
Exported frame 397/1837 DefineSprite (chid: 2408, cls: AQWorlds.mcSkel)
Exported frame 398/1837 DefineSprite (chid: 2408, cls: AQWorlds.mcSkel)
Exported frame 399/1837 DefineSprite (chid: 2408, cls: AQWorlds.mcSkel)
Exported frame 400/1837 DefineSprite (chid: 2408, cls: AQWorlds.mcSkel)
Exported frame 401/1837 DefineSprite (chid: 2408, cls: AQWorlds.mcSkel)
Exported frame 402/1837 DefineSprite (chid: 2408, cls: AQWorlds.mcSkel)
Exported frame 403/1837 DefineSprite (chid: 2408, cls: AQWorlds.mcSkel)
Exported frame 404/1837 DefineSprite (chid: 2408, cls: AQWorlds.mcSkel)
Exported frame 405/1837 DefineSprite (chid: 2408, cls: AQWorlds.mcSkel)
Exported frame 406/1837 DefineSprite (chid: 2408, cls: AQWorlds.mcSkel)
Exported frame 407/1837 DefineSprite (chid: 2408, cls: AQWorlds.mcSkel)
Exported frame 408/1837 DefineSprite (chid: 2408, cls: AQWorlds.mcSkel)
Exported frame 409/1837 DefineSprite (chid: 2408, cls: AQWorlds.mcSkel)
Exported frame 410/1837 DefineSprite (chid: 2408, cls: AQWorlds.mcSkel)
Exported frame 411/1837 DefineSprite (chid: 2408, cls: AQWorlds.mcSkel)
Exported frame 412/1837 DefineSprite (chid: 2408, cls: AQWorlds.mcSkel)
Exported frame 413/1837 DefineSprite (chid: 2408, cls: AQWorlds.mcSkel)
Exported frame 414/1837 DefineSprite (chid: 2408, cls: AQWorlds.mcSkel)
Exported frame 415/1837 DefineSprite (chid: 2408, cls: AQWorlds.mcSkel)
Exported frame 416/1837 DefineSprite (chid: 2408, cls: AQWorlds.mcSkel)
Exported frame 417/1837 DefineSprite (chid: 2408, cls: AQWorlds.mcSkel)
Exported frame 418/1837 DefineSprite (chid: 2408, cls: AQWorlds.mcSkel)
Exported frame 419/1837 DefineSprite (chid: 2408, cls: AQWorlds.mcSkel)
Exported frame 420/1837 DefineSprite (chid: 2408, cls: AQWorlds.mcSkel)
Exported frame 421/1837 DefineSprite (chid: 2408, cls: AQWorlds.mcSkel)
Exported frame 422/1837 DefineSprite (chid: 2408, cls: AQWorlds.mcSkel)
Exported frame 423/1837 DefineSprite (chid: 2408, cls: AQWorlds.mcSkel)
Exported frame 424/1837 DefineSprite (chid: 2408, cls: AQWorlds.mcSkel)
Exported frame 425/1837 DefineSprite (chid: 2408, cls: AQWorlds.mcSkel)
Exported frame 426/1837 DefineSprite (chid: 2408, cls: AQWorlds.mcSkel)
Exported frame 427/1837 DefineSprite (chid: 2408, cls: AQWorlds.mcSkel)
Exported frame 428/1837 DefineSprite (chid: 2408, cls: AQWorlds.mcSkel)
Exported frame 429/1837 DefineSprite (chid: 2408, cls: AQWorlds.mcSkel)
Exported frame 430/1837 DefineSprite (chid: 2408, cls: AQWorlds.mcSkel)
Exported frame 431/1837 DefineSprite (chid: 2408, cls: AQWorlds.mcSkel)
Exported frame 432/1837 DefineSprite (chid: 2408, cls: AQWorlds.mcSkel)
Exported frame 433/1837 DefineSprite (chid: 2408, cls: AQWorlds.mcSkel)
Exported frame 434/1837 DefineSprite (chid: 2408, cls: AQWorlds.mcSkel)
Exported frame 435/1837 DefineSprite (chid: 2408, cls: AQWorlds.mcSkel)
Exported frame 436/1837 DefineSprite (chid: 2408, cls: AQWorlds.mcSkel)
Exported frame 437/1837 DefineSprite (chid: 2408, cls: AQWorlds.mcSkel)
Exported frame 438/1837 DefineSprite (chid: 2408, cls: AQWorlds.mcSkel)
Exported frame 439/1837 DefineSprite (chid: 2408, cls: AQWorlds.mcSkel)
Exported frame 440/1837 DefineSprite (chid: 2408, cls: AQWorlds.mcSkel)
Exported frame 441/1837 DefineSprite (chid: 2408, cls: AQWorlds.mcSkel)
Exported frame 442/1837 DefineSprite (chid: 2408, cls: AQWorlds.mcSkel)
Exported frame 443/1837 DefineSprite (chid: 2408, cls: AQWorlds.mcSkel)
Exported frame 444/1837 DefineSprite (chid: 2408, cls: AQWorlds.mcSkel)
Exported frame 445/1837 DefineSprite (chid: 2408, cls: AQWorlds.mcSkel)
Exported frame 446/1837 DefineSprite (chid: 2408, cls: AQWorlds.mcSkel)
Exported frame 447/1837 DefineSprite (chid: 2408, cls: AQWorlds.mcSkel)
Exported frame 448/1837 DefineSprite (chid: 2408, cls: AQWorlds.mcSkel)
Exported frame 449/1837 DefineSprite (chid: 2408, cls: AQWorlds.mcSkel)
Exported frame 450/1837 DefineSprite (chid: 2408, cls: AQWorlds.mcSkel)
Exported frame 451/1837 DefineSprite (chid: 2408, cls: AQWorlds.mcSkel)
Exported frame 452/1837 DefineSprite (chid: 2408, cls: AQWorlds.mcSkel)
Exported frame 453/1837 DefineSprite (chid: 2408, cls: AQWorlds.mcSkel)
Exported frame 454/1837 DefineSprite (chid: 2408, cls: AQWorlds.mcSkel)
Exported frame 455/1837 DefineSprite (chid: 2408, cls: AQWorlds.mcSkel)
Exported frame 456/1837 DefineSprite (chid: 2408, cls: AQWorlds.mcSkel)
Exported frame 457/1837 DefineSprite (chid: 2408, cls: AQWorlds.mcSkel)
Exported frame 458/1837 DefineSprite (chid: 2408, cls: AQWorlds.mcSkel)
Exported frame 459/1837 DefineSprite (chid: 2408, cls: AQWorlds.mcSkel)
Exported frame 460/1837 DefineSprite (chid: 2408, cls: AQWorlds.mcSkel)
Exported frame 461/1837 DefineSprite (chid: 2408, cls: AQWorlds.mcSkel)
Exported frame 462/1837 DefineSprite (chid: 2408, cls: AQWorlds.mcSkel)
Exported frame 463/1837 DefineSprite (chid: 2408, cls: AQWorlds.mcSkel)
Exported frame 464/1837 DefineSprite (chid: 2408, cls: AQWorlds.mcSkel)
Exported frame 465/1837 DefineSprite (chid: 2408, cls: AQWorlds.mcSkel)
Exported frame 466/1837 DefineSprite (chid: 2408, cls: AQWorlds.mcSkel)
Exported frame 467/1837 DefineSprite (chid: 2408, cls: AQWorlds.mcSkel)
Exported frame 468/1837 DefineSprite (chid: 2408, cls: AQWorlds.mcSkel)
Exported frame 469/1837 DefineSprite (chid: 2408, cls: AQWorlds.mcSkel)
Exported frame 470/1837 DefineSprite (chid: 2408, cls: AQWorlds.mcSkel)
Exported frame 471/1837 DefineSprite (chid: 2408, cls: AQWorlds.mcSkel)
Exported frame 472/1837 DefineSprite (chid: 2408, cls: AQWorlds.mcSkel)
Exported frame 473/1837 DefineSprite (chid: 2408, cls: AQWorlds.mcSkel)
Exported frame 474/1837 DefineSprite (chid: 2408, cls: AQWorlds.mcSkel)
Exported frame 475/1837 DefineSprite (chid: 2408, cls: AQWorlds.mcSkel)
Exported frame 476/1837 DefineSprite (chid: 2408, cls: AQWorlds.mcSkel)
Exported frame 477/1837 DefineSprite (chid: 2408, cls: AQWorlds.mcSkel)
Exported frame 478/1837 DefineSprite (chid: 2408, cls: AQWorlds.mcSkel)
Exported frame 479/1837 DefineSprite (chid: 2408, cls: AQWorlds.mcSkel)
Exported frame 480/1837 DefineSprite (chid: 2408, cls: AQWorlds.mcSkel)
Exported frame 481/1837 DefineSprite (chid: 2408, cls: AQWorlds.mcSkel)
Exported frame 482/1837 DefineSprite (chid: 2408, cls: AQWorlds.mcSkel)
Exported frame 483/1837 DefineSprite (chid: 2408, cls: AQWorlds.mcSkel)
Exported frame 484/1837 DefineSprite (chid: 2408, cls: AQWorlds.mcSkel)
Exported frame 485/1837 DefineSprite (chid: 2408, cls: AQWorlds.mcSkel)
Exported frame 486/1837 DefineSprite (chid: 2408, cls: AQWorlds.mcSkel)
Exported frame 487/1837 DefineSprite (chid: 2408, cls: AQWorlds.mcSkel)
Exported frame 488/1837 DefineSprite (chid: 2408, cls: AQWorlds.mcSkel)
Exported frame 489/1837 DefineSprite (chid: 2408, cls: AQWorlds.mcSkel)
Exported frame 490/1837 DefineSprite (chid: 2408, cls: AQWorlds.mcSkel)
Exported frame 491/1837 DefineSprite (chid: 2408, cls: AQWorlds.mcSkel)
Exported frame 492/1837 DefineSprite (chid: 2408, cls: AQWorlds.mcSkel)
Exported frame 493/1837 DefineSprite (chid: 2408, cls: AQWorlds.mcSkel)
Exported frame 494/1837 DefineSprite (chid: 2408, cls: AQWorlds.mcSkel)
Exported frame 495/1837 DefineSprite (chid: 2408, cls: AQWorlds.mcSkel)
Exported frame 496/1837 DefineSprite (chid: 2408, cls: AQWorlds.mcSkel)
Exported frame 497/1837 DefineSprite (chid: 2408, cls: AQWorlds.mcSkel)
Exported frame 498/1837 DefineSprite (chid: 2408, cls: AQWorlds.mcSkel)
Exported frame 499/1837 DefineSprite (chid: 2408, cls: AQWorlds.mcSkel)
Exported frame 500/1837 DefineSprite (chid: 2408, cls: AQWorlds.mcSkel)
Exported frame 501/1837 DefineSprite (chid: 2408, cls: AQWorlds.mcSkel)
Exported frame 502/1837 DefineSprite (chid: 2408, cls: AQWorlds.mcSkel)
Exported frame 503/1837 DefineSprite (chid: 2408, cls: AQWorlds.mcSkel)
Exported frame 504/1837 DefineSprite (chid: 2408, cls: AQWorlds.mcSkel)
Exported frame 505/1837 DefineSprite (chid: 2408, cls: AQWorlds.mcSkel)
Exported frame 506/1837 DefineSprite (chid: 2408, cls: AQWorlds.mcSkel)
Exported frame 507/1837 DefineSprite (chid: 2408, cls: AQWorlds.mcSkel)
Exported frame 508/1837 DefineSprite (chid: 2408, cls: AQWorlds.mcSkel)
Exported frame 509/1837 DefineSprite (chid: 2408, cls: AQWorlds.mcSkel)
Exported frame 510/1837 DefineSprite (chid: 2408, cls: AQWorlds.mcSkel)
Exported frame 511/1837 DefineSprite (chid: 2408, cls: AQWorlds.mcSkel)
Exported frame 512/1837 DefineSprite (chid: 2408, cls: AQWorlds.mcSkel)
Exported frame 513/1837 DefineSprite (chid: 2408, cls: AQWorlds.mcSkel)
Exported frame 514/1837 DefineSprite (chid: 2408, cls: AQWorlds.mcSkel)
Exported frame 515/1837 DefineSprite (chid: 2408, cls: AQWorlds.mcSkel)
Exported frame 516/1837 DefineSprite (chid: 2408, cls: AQWorlds.mcSkel)
Exported frame 517/1837 DefineSprite (chid: 2408, cls: AQWorlds.mcSkel)
Exported frame 518/1837 DefineSprite (chid: 2408, cls: AQWorlds.mcSkel)
Exported frame 519/1837 DefineSprite (chid: 2408, cls: AQWorlds.mcSkel)
Exported frame 520/1837 DefineSprite (chid: 2408, cls: AQWorlds.mcSkel)
Exported frame 521/1837 DefineSprite (chid: 2408, cls: AQWorlds.mcSkel)
Exported frame 522/1837 DefineSprite (chid: 2408, cls: AQWorlds.mcSkel)
Exported frame 523/1837 DefineSprite (chid: 2408, cls: AQWorlds.mcSkel)
Exported frame 524/1837 DefineSprite (chid: 2408, cls: AQWorlds.mcSkel)
Exported frame 525/1837 DefineSprite (chid: 2408, cls: AQWorlds.mcSkel)
Exported frame 526/1837 DefineSprite (chid: 2408, cls: AQWorlds.mcSkel)
Exported frame 527/1837 DefineSprite (chid: 2408, cls: AQWorlds.mcSkel)
Exported frame 528/1837 DefineSprite (chid: 2408, cls: AQWorlds.mcSkel)
Exported frame 529/1837 DefineSprite (chid: 2408, cls: AQWorlds.mcSkel)
Exported frame 530/1837 DefineSprite (chid: 2408, cls: AQWorlds.mcSkel)
Exported frame 531/1837 DefineSprite (chid: 2408, cls: AQWorlds.mcSkel)
Exported frame 532/1837 DefineSprite (chid: 2408, cls: AQWorlds.mcSkel)
Exported frame 533/1837 DefineSprite (chid: 2408, cls: AQWorlds.mcSkel)
Exported frame 534/1837 DefineSprite (chid: 2408, cls: AQWorlds.mcSkel)
Exported frame 535/1837 DefineSprite (chid: 2408, cls: AQWorlds.mcSkel)
Exported frame 536/1837 DefineSprite (chid: 2408, cls: AQWorlds.mcSkel)
Exported frame 537/1837 DefineSprite (chid: 2408, cls: AQWorlds.mcSkel)
Exported frame 538/1837 DefineSprite (chid: 2408, cls: AQWorlds.mcSkel)
Exported frame 539/1837 DefineSprite (chid: 2408, cls: AQWorlds.mcSkel)
Exported frame 540/1837 DefineSprite (chid: 2408, cls: AQWorlds.mcSkel)
Exported frame 541/1837 DefineSprite (chid: 2408, cls: AQWorlds.mcSkel)
Exported frame 542/1837 DefineSprite (chid: 2408, cls: AQWorlds.mcSkel)
Exported frame 543/1837 DefineSprite (chid: 2408, cls: AQWorlds.mcSkel)
Exported frame 544/1837 DefineSprite (chid: 2408, cls: AQWorlds.mcSkel)
Exported frame 545/1837 DefineSprite (chid: 2408, cls: AQWorlds.mcSkel)
Exported frame 546/1837 DefineSprite (chid: 2408, cls: AQWorlds.mcSkel)
Exported frame 547/1837 DefineSprite (chid: 2408, cls: AQWorlds.mcSkel)
Exported frame 548/1837 DefineSprite (chid: 2408, cls: AQWorlds.mcSkel)
Exported frame 549/1837 DefineSprite (chid: 2408, cls: AQWorlds.mcSkel)
Exported frame 550/1837 DefineSprite (chid: 2408, cls: AQWorlds.mcSkel)
Exported frame 551/1837 DefineSprite (chid: 2408, cls: AQWorlds.mcSkel)
Exported frame 552/1837 DefineSprite (chid: 2408, cls: AQWorlds.mcSkel)
Exported frame 553/1837 DefineSprite (chid: 2408, cls: AQWorlds.mcSkel)
Exported frame 554/1837 DefineSprite (chid: 2408, cls: AQWorlds.mcSkel)
Exported frame 555/1837 DefineSprite (chid: 2408, cls: AQWorlds.mcSkel)
Exported frame 556/1837 DefineSprite (chid: 2408, cls: AQWorlds.mcSkel)
Exported frame 557/1837 DefineSprite (chid: 2408, cls: AQWorlds.mcSkel)
Exported frame 558/1837 DefineSprite (chid: 2408, cls: AQWorlds.mcSkel)
Exported frame 559/1837 DefineSprite (chid: 2408, cls: AQWorlds.mcSkel)
Exported frame 560/1837 DefineSprite (chid: 2408, cls: AQWorlds.mcSkel)
Exported frame 561/1837 DefineSprite (chid: 2408, cls: AQWorlds.mcSkel)
Exported frame 562/1837 DefineSprite (chid: 2408, cls: AQWorlds.mcSkel)
Exported frame 563/1837 DefineSprite (chid: 2408, cls: AQWorlds.mcSkel)
Exported frame 564/1837 DefineSprite (chid: 2408, cls: AQWorlds.mcSkel)
Exported frame 565/1837 DefineSprite (chid: 2408, cls: AQWorlds.mcSkel)
Exported frame 566/1837 DefineSprite (chid: 2408, cls: AQWorlds.mcSkel)
Exported frame 567/1837 DefineSprite (chid: 2408, cls: AQWorlds.mcSkel)
Exported frame 568/1837 DefineSprite (chid: 2408, cls: AQWorlds.mcSkel)
Exported frame 569/1837 DefineSprite (chid: 2408, cls: AQWorlds.mcSkel)
Exported frame 570/1837 DefineSprite (chid: 2408, cls: AQWorlds.mcSkel)
Exported frame 571/1837 DefineSprite (chid: 2408, cls: AQWorlds.mcSkel)
Exported frame 572/1837 DefineSprite (chid: 2408, cls: AQWorlds.mcSkel)
Exported frame 573/1837 DefineSprite (chid: 2408, cls: AQWorlds.mcSkel)
Exported frame 574/1837 DefineSprite (chid: 2408, cls: AQWorlds.mcSkel)
Exported frame 575/1837 DefineSprite (chid: 2408, cls: AQWorlds.mcSkel)
Exported frame 576/1837 DefineSprite (chid: 2408, cls: AQWorlds.mcSkel)
Exported frame 577/1837 DefineSprite (chid: 2408, cls: AQWorlds.mcSkel)
Exported frame 578/1837 DefineSprite (chid: 2408, cls: AQWorlds.mcSkel)
Exported frame 579/1837 DefineSprite (chid: 2408, cls: AQWorlds.mcSkel)
Exported frame 580/1837 DefineSprite (chid: 2408, cls: AQWorlds.mcSkel)
Exported frame 581/1837 DefineSprite (chid: 2408, cls: AQWorlds.mcSkel)
Exported frame 582/1837 DefineSprite (chid: 2408, cls: AQWorlds.mcSkel)
Exported frame 583/1837 DefineSprite (chid: 2408, cls: AQWorlds.mcSkel)
Exported frame 584/1837 DefineSprite (chid: 2408, cls: AQWorlds.mcSkel)
Exported frame 585/1837 DefineSprite (chid: 2408, cls: AQWorlds.mcSkel)
Exported frame 586/1837 DefineSprite (chid: 2408, cls: AQWorlds.mcSkel)
Exported frame 587/1837 DefineSprite (chid: 2408, cls: AQWorlds.mcSkel)
Exported frame 588/1837 DefineSprite (chid: 2408, cls: AQWorlds.mcSkel)
Exported frame 589/1837 DefineSprite (chid: 2408, cls: AQWorlds.mcSkel)
Exported frame 590/1837 DefineSprite (chid: 2408, cls: AQWorlds.mcSkel)
Exported frame 591/1837 DefineSprite (chid: 2408, cls: AQWorlds.mcSkel)
Exported frame 592/1837 DefineSprite (chid: 2408, cls: AQWorlds.mcSkel)
Exported frame 593/1837 DefineSprite (chid: 2408, cls: AQWorlds.mcSkel)
Exported frame 594/1837 DefineSprite (chid: 2408, cls: AQWorlds.mcSkel)
Exported frame 595/1837 DefineSprite (chid: 2408, cls: AQWorlds.mcSkel)
Exported frame 596/1837 DefineSprite (chid: 2408, cls: AQWorlds.mcSkel)
Exported frame 597/1837 DefineSprite (chid: 2408, cls: AQWorlds.mcSkel)
Exported frame 598/1837 DefineSprite (chid: 2408, cls: AQWorlds.mcSkel)
Exported frame 599/1837 DefineSprite (chid: 2408, cls: AQWorlds.mcSkel)
Exported frame 600/1837 DefineSprite (chid: 2408, cls: AQWorlds.mcSkel)
Exported frame 601/1837 DefineSprite (chid: 2408, cls: AQWorlds.mcSkel)
Exported frame 602/1837 DefineSprite (chid: 2408, cls: AQWorlds.mcSkel)
Exported frame 603/1837 DefineSprite (chid: 2408, cls: AQWorlds.mcSkel)
Exported frame 604/1837 DefineSprite (chid: 2408, cls: AQWorlds.mcSkel)
Exported frame 605/1837 DefineSprite (chid: 2408, cls: AQWorlds.mcSkel)
Exported frame 606/1837 DefineSprite (chid: 2408, cls: AQWorlds.mcSkel)
Exported frame 607/1837 DefineSprite (chid: 2408, cls: AQWorlds.mcSkel)
Exported frame 608/1837 DefineSprite (chid: 2408, cls: AQWorlds.mcSkel)
Exported frame 609/1837 DefineSprite (chid: 2408, cls: AQWorlds.mcSkel)
Exported frame 610/1837 DefineSprite (chid: 2408, cls: AQWorlds.mcSkel)
Exported frame 611/1837 DefineSprite (chid: 2408, cls: AQWorlds.mcSkel)
Exported frame 612/1837 DefineSprite (chid: 2408, cls: AQWorlds.mcSkel)
Exported frame 613/1837 DefineSprite (chid: 2408, cls: AQWorlds.mcSkel)
Exported frame 614/1837 DefineSprite (chid: 2408, cls: AQWorlds.mcSkel)
Exported frame 615/1837 DefineSprite (chid: 2408, cls: AQWorlds.mcSkel)
Exported frame 616/1837 DefineSprite (chid: 2408, cls: AQWorlds.mcSkel)
Exported frame 617/1837 DefineSprite (chid: 2408, cls: AQWorlds.mcSkel)
Exported frame 618/1837 DefineSprite (chid: 2408, cls: AQWorlds.mcSkel)
Exported frame 619/1837 DefineSprite (chid: 2408, cls: AQWorlds.mcSkel)
Exported frame 620/1837 DefineSprite (chid: 2408, cls: AQWorlds.mcSkel)
Exported frame 621/1837 DefineSprite (chid: 2408, cls: AQWorlds.mcSkel)
Exported frame 622/1837 DefineSprite (chid: 2408, cls: AQWorlds.mcSkel)
Exported frame 623/1837 DefineSprite (chid: 2408, cls: AQWorlds.mcSkel)
Exported frame 624/1837 DefineSprite (chid: 2408, cls: AQWorlds.mcSkel)
Exported frame 625/1837 DefineSprite (chid: 2408, cls: AQWorlds.mcSkel)
Exported frame 626/1837 DefineSprite (chid: 2408, cls: AQWorlds.mcSkel)
Exported frame 627/1837 DefineSprite (chid: 2408, cls: AQWorlds.mcSkel)
Exported frame 628/1837 DefineSprite (chid: 2408, cls: AQWorlds.mcSkel)
Exported frame 629/1837 DefineSprite (chid: 2408, cls: AQWorlds.mcSkel)
Exported frame 630/1837 DefineSprite (chid: 2408, cls: AQWorlds.mcSkel)
Exported frame 631/1837 DefineSprite (chid: 2408, cls: AQWorlds.mcSkel)
Exported frame 632/1837 DefineSprite (chid: 2408, cls: AQWorlds.mcSkel)
Exported frame 633/1837 DefineSprite (chid: 2408, cls: AQWorlds.mcSkel)
Exported frame 634/1837 DefineSprite (chid: 2408, cls: AQWorlds.mcSkel)
Exported frame 635/1837 DefineSprite (chid: 2408, cls: AQWorlds.mcSkel)
Exported frame 636/1837 DefineSprite (chid: 2408, cls: AQWorlds.mcSkel)
Exported frame 637/1837 DefineSprite (chid: 2408, cls: AQWorlds.mcSkel)
Exported frame 638/1837 DefineSprite (chid: 2408, cls: AQWorlds.mcSkel)
Exported frame 639/1837 DefineSprite (chid: 2408, cls: AQWorlds.mcSkel)
Exported frame 640/1837 DefineSprite (chid: 2408, cls: AQWorlds.mcSkel)
Exported frame 641/1837 DefineSprite (chid: 2408, cls: AQWorlds.mcSkel)
Exported frame 642/1837 DefineSprite (chid: 2408, cls: AQWorlds.mcSkel)
Exported frame 643/1837 DefineSprite (chid: 2408, cls: AQWorlds.mcSkel)
Exported frame 644/1837 DefineSprite (chid: 2408, cls: AQWorlds.mcSkel)
Exported frame 645/1837 DefineSprite (chid: 2408, cls: AQWorlds.mcSkel)
Exported frame 646/1837 DefineSprite (chid: 2408, cls: AQWorlds.mcSkel)
Exported frame 647/1837 DefineSprite (chid: 2408, cls: AQWorlds.mcSkel)
Exported frame 648/1837 DefineSprite (chid: 2408, cls: AQWorlds.mcSkel)
Exported frame 649/1837 DefineSprite (chid: 2408, cls: AQWorlds.mcSkel)
Exported frame 650/1837 DefineSprite (chid: 2408, cls: AQWorlds.mcSkel)
Exported frame 651/1837 DefineSprite (chid: 2408, cls: AQWorlds.mcSkel)
Exported frame 652/1837 DefineSprite (chid: 2408, cls: AQWorlds.mcSkel)
Exported frame 653/1837 DefineSprite (chid: 2408, cls: AQWorlds.mcSkel)
Exported frame 654/1837 DefineSprite (chid: 2408, cls: AQWorlds.mcSkel)
Exported frame 655/1837 DefineSprite (chid: 2408, cls: AQWorlds.mcSkel)
Exported frame 656/1837 DefineSprite (chid: 2408, cls: AQWorlds.mcSkel)
Exported frame 657/1837 DefineSprite (chid: 2408, cls: AQWorlds.mcSkel)
Exported frame 658/1837 DefineSprite (chid: 2408, cls: AQWorlds.mcSkel)
Exported frame 659/1837 DefineSprite (chid: 2408, cls: AQWorlds.mcSkel)
Exported frame 660/1837 DefineSprite (chid: 2408, cls: AQWorlds.mcSkel)
Exported frame 661/1837 DefineSprite (chid: 2408, cls: AQWorlds.mcSkel)
Exported frame 662/1837 DefineSprite (chid: 2408, cls: AQWorlds.mcSkel)
Exported frame 663/1837 DefineSprite (chid: 2408, cls: AQWorlds.mcSkel)
Exported frame 664/1837 DefineSprite (chid: 2408, cls: AQWorlds.mcSkel)
Exported frame 665/1837 DefineSprite (chid: 2408, cls: AQWorlds.mcSkel)
Exported frame 666/1837 DefineSprite (chid: 2408, cls: AQWorlds.mcSkel)
Exported frame 667/1837 DefineSprite (chid: 2408, cls: AQWorlds.mcSkel)
Exported frame 668/1837 DefineSprite (chid: 2408, cls: AQWorlds.mcSkel)
Exported frame 669/1837 DefineSprite (chid: 2408, cls: AQWorlds.mcSkel)
Exported frame 670/1837 DefineSprite (chid: 2408, cls: AQWorlds.mcSkel)
Exported frame 671/1837 DefineSprite (chid: 2408, cls: AQWorlds.mcSkel)
Exported frame 672/1837 DefineSprite (chid: 2408, cls: AQWorlds.mcSkel)
Exported frame 673/1837 DefineSprite (chid: 2408, cls: AQWorlds.mcSkel)
Exported frame 674/1837 DefineSprite (chid: 2408, cls: AQWorlds.mcSkel)
Exported frame 675/1837 DefineSprite (chid: 2408, cls: AQWorlds.mcSkel)
Exported frame 676/1837 DefineSprite (chid: 2408, cls: AQWorlds.mcSkel)
Exported frame 677/1837 DefineSprite (chid: 2408, cls: AQWorlds.mcSkel)
Exported frame 678/1837 DefineSprite (chid: 2408, cls: AQWorlds.mcSkel)
Exported frame 679/1837 DefineSprite (chid: 2408, cls: AQWorlds.mcSkel)
Exported frame 680/1837 DefineSprite (chid: 2408, cls: AQWorlds.mcSkel)
Exported frame 681/1837 DefineSprite (chid: 2408, cls: AQWorlds.mcSkel)
Exported frame 682/1837 DefineSprite (chid: 2408, cls: AQWorlds.mcSkel)
Exported frame 683/1837 DefineSprite (chid: 2408, cls: AQWorlds.mcSkel)
Exported frame 684/1837 DefineSprite (chid: 2408, cls: AQWorlds.mcSkel)
Exported frame 685/1837 DefineSprite (chid: 2408, cls: AQWorlds.mcSkel)
Exported frame 686/1837 DefineSprite (chid: 2408, cls: AQWorlds.mcSkel)
Exported frame 687/1837 DefineSprite (chid: 2408, cls: AQWorlds.mcSkel)
Exported frame 688/1837 DefineSprite (chid: 2408, cls: AQWorlds.mcSkel)
Exported frame 689/1837 DefineSprite (chid: 2408, cls: AQWorlds.mcSkel)
Exported frame 690/1837 DefineSprite (chid: 2408, cls: AQWorlds.mcSkel)
Exported frame 691/1837 DefineSprite (chid: 2408, cls: AQWorlds.mcSkel)
Exported frame 692/1837 DefineSprite (chid: 2408, cls: AQWorlds.mcSkel)
Exported frame 693/1837 DefineSprite (chid: 2408, cls: AQWorlds.mcSkel)
Exported frame 694/1837 DefineSprite (chid: 2408, cls: AQWorlds.mcSkel)
Exported frame 695/1837 DefineSprite (chid: 2408, cls: AQWorlds.mcSkel)
Exported frame 696/1837 DefineSprite (chid: 2408, cls: AQWorlds.mcSkel)
Exported frame 697/1837 DefineSprite (chid: 2408, cls: AQWorlds.mcSkel)
Exported frame 698/1837 DefineSprite (chid: 2408, cls: AQWorlds.mcSkel)
Exported frame 699/1837 DefineSprite (chid: 2408, cls: AQWorlds.mcSkel)
Exported frame 700/1837 DefineSprite (chid: 2408, cls: AQWorlds.mcSkel)
Exported frame 701/1837 DefineSprite (chid: 2408, cls: AQWorlds.mcSkel)
Exported frame 702/1837 DefineSprite (chid: 2408, cls: AQWorlds.mcSkel)
Exported frame 703/1837 DefineSprite (chid: 2408, cls: AQWorlds.mcSkel)
Exported frame 704/1837 DefineSprite (chid: 2408, cls: AQWorlds.mcSkel)
Exported frame 705/1837 DefineSprite (chid: 2408, cls: AQWorlds.mcSkel)
Exported frame 706/1837 DefineSprite (chid: 2408, cls: AQWorlds.mcSkel)
Exported frame 707/1837 DefineSprite (chid: 2408, cls: AQWorlds.mcSkel)
Exported frame 708/1837 DefineSprite (chid: 2408, cls: AQWorlds.mcSkel)
Exported frame 709/1837 DefineSprite (chid: 2408, cls: AQWorlds.mcSkel)
Exported frame 710/1837 DefineSprite (chid: 2408, cls: AQWorlds.mcSkel)
Exported frame 711/1837 DefineSprite (chid: 2408, cls: AQWorlds.mcSkel)
Exported frame 712/1837 DefineSprite (chid: 2408, cls: AQWorlds.mcSkel)
Exported frame 713/1837 DefineSprite (chid: 2408, cls: AQWorlds.mcSkel)
Exported frame 714/1837 DefineSprite (chid: 2408, cls: AQWorlds.mcSkel)
Exported frame 715/1837 DefineSprite (chid: 2408, cls: AQWorlds.mcSkel)
Exported frame 716/1837 DefineSprite (chid: 2408, cls: AQWorlds.mcSkel)
Exported frame 717/1837 DefineSprite (chid: 2408, cls: AQWorlds.mcSkel)
Exported frame 718/1837 DefineSprite (chid: 2408, cls: AQWorlds.mcSkel)
Exported frame 719/1837 DefineSprite (chid: 2408, cls: AQWorlds.mcSkel)
Exported frame 720/1837 DefineSprite (chid: 2408, cls: AQWorlds.mcSkel)
Exported frame 721/1837 DefineSprite (chid: 2408, cls: AQWorlds.mcSkel)
Exported frame 722/1837 DefineSprite (chid: 2408, cls: AQWorlds.mcSkel)
Exported frame 723/1837 DefineSprite (chid: 2408, cls: AQWorlds.mcSkel)
Exported frame 724/1837 DefineSprite (chid: 2408, cls: AQWorlds.mcSkel)
Exported frame 725/1837 DefineSprite (chid: 2408, cls: AQWorlds.mcSkel)
Exported frame 726/1837 DefineSprite (chid: 2408, cls: AQWorlds.mcSkel)
Exported frame 727/1837 DefineSprite (chid: 2408, cls: AQWorlds.mcSkel)
Exported frame 728/1837 DefineSprite (chid: 2408, cls: AQWorlds.mcSkel)
Exported frame 729/1837 DefineSprite (chid: 2408, cls: AQWorlds.mcSkel)
Exported frame 730/1837 DefineSprite (chid: 2408, cls: AQWorlds.mcSkel)
Exported frame 731/1837 DefineSprite (chid: 2408, cls: AQWorlds.mcSkel)
Exported frame 732/1837 DefineSprite (chid: 2408, cls: AQWorlds.mcSkel)
Exported frame 733/1837 DefineSprite (chid: 2408, cls: AQWorlds.mcSkel)
Exported frame 734/1837 DefineSprite (chid: 2408, cls: AQWorlds.mcSkel)
Exported frame 735/1837 DefineSprite (chid: 2408, cls: AQWorlds.mcSkel)
Exported frame 736/1837 DefineSprite (chid: 2408, cls: AQWorlds.mcSkel)
Exported frame 737/1837 DefineSprite (chid: 2408, cls: AQWorlds.mcSkel)
Exported frame 738/1837 DefineSprite (chid: 2408, cls: AQWorlds.mcSkel)
Exported frame 739/1837 DefineSprite (chid: 2408, cls: AQWorlds.mcSkel)
Exported frame 740/1837 DefineSprite (chid: 2408, cls: AQWorlds.mcSkel)
Exported frame 741/1837 DefineSprite (chid: 2408, cls: AQWorlds.mcSkel)
Exported frame 742/1837 DefineSprite (chid: 2408, cls: AQWorlds.mcSkel)
Exported frame 743/1837 DefineSprite (chid: 2408, cls: AQWorlds.mcSkel)
Exported frame 744/1837 DefineSprite (chid: 2408, cls: AQWorlds.mcSkel)
Exported frame 745/1837 DefineSprite (chid: 2408, cls: AQWorlds.mcSkel)
Exported frame 746/1837 DefineSprite (chid: 2408, cls: AQWorlds.mcSkel)
Exported frame 747/1837 DefineSprite (chid: 2408, cls: AQWorlds.mcSkel)
Exported frame 748/1837 DefineSprite (chid: 2408, cls: AQWorlds.mcSkel)
Exported frame 749/1837 DefineSprite (chid: 2408, cls: AQWorlds.mcSkel)
Exported frame 750/1837 DefineSprite (chid: 2408, cls: AQWorlds.mcSkel)
Exported frame 751/1837 DefineSprite (chid: 2408, cls: AQWorlds.mcSkel)
Exported frame 752/1837 DefineSprite (chid: 2408, cls: AQWorlds.mcSkel)
Exported frame 753/1837 DefineSprite (chid: 2408, cls: AQWorlds.mcSkel)
Exported frame 754/1837 DefineSprite (chid: 2408, cls: AQWorlds.mcSkel)
Exported frame 755/1837 DefineSprite (chid: 2408, cls: AQWorlds.mcSkel)
Exported frame 756/1837 DefineSprite (chid: 2408, cls: AQWorlds.mcSkel)
Exported frame 757/1837 DefineSprite (chid: 2408, cls: AQWorlds.mcSkel)
Exported frame 758/1837 DefineSprite (chid: 2408, cls: AQWorlds.mcSkel)
Exported frame 759/1837 DefineSprite (chid: 2408, cls: AQWorlds.mcSkel)
Exported frame 760/1837 DefineSprite (chid: 2408, cls: AQWorlds.mcSkel)
Exported frame 761/1837 DefineSprite (chid: 2408, cls: AQWorlds.mcSkel)
Exported frame 762/1837 DefineSprite (chid: 2408, cls: AQWorlds.mcSkel)
Exported frame 763/1837 DefineSprite (chid: 2408, cls: AQWorlds.mcSkel)
Exported frame 764/1837 DefineSprite (chid: 2408, cls: AQWorlds.mcSkel)
Exported frame 765/1837 DefineSprite (chid: 2408, cls: AQWorlds.mcSkel)
Exported frame 766/1837 DefineSprite (chid: 2408, cls: AQWorlds.mcSkel)
Exported frame 767/1837 DefineSprite (chid: 2408, cls: AQWorlds.mcSkel)
Exported frame 768/1837 DefineSprite (chid: 2408, cls: AQWorlds.mcSkel)
Exported frame 769/1837 DefineSprite (chid: 2408, cls: AQWorlds.mcSkel)
Exported frame 770/1837 DefineSprite (chid: 2408, cls: AQWorlds.mcSkel)
Exported frame 771/1837 DefineSprite (chid: 2408, cls: AQWorlds.mcSkel)
Exported frame 772/1837 DefineSprite (chid: 2408, cls: AQWorlds.mcSkel)
Exported frame 773/1837 DefineSprite (chid: 2408, cls: AQWorlds.mcSkel)
Exported frame 774/1837 DefineSprite (chid: 2408, cls: AQWorlds.mcSkel)
Exported frame 775/1837 DefineSprite (chid: 2408, cls: AQWorlds.mcSkel)
Exported frame 776/1837 DefineSprite (chid: 2408, cls: AQWorlds.mcSkel)
Exported frame 777/1837 DefineSprite (chid: 2408, cls: AQWorlds.mcSkel)
Exported frame 778/1837 DefineSprite (chid: 2408, cls: AQWorlds.mcSkel)
Exported frame 779/1837 DefineSprite (chid: 2408, cls: AQWorlds.mcSkel)
Exported frame 780/1837 DefineSprite (chid: 2408, cls: AQWorlds.mcSkel)
Exported frame 781/1837 DefineSprite (chid: 2408, cls: AQWorlds.mcSkel)
Exported frame 782/1837 DefineSprite (chid: 2408, cls: AQWorlds.mcSkel)
Exported frame 783/1837 DefineSprite (chid: 2408, cls: AQWorlds.mcSkel)
Exported frame 784/1837 DefineSprite (chid: 2408, cls: AQWorlds.mcSkel)
Exported frame 785/1837 DefineSprite (chid: 2408, cls: AQWorlds.mcSkel)
Exported frame 786/1837 DefineSprite (chid: 2408, cls: AQWorlds.mcSkel)
Exported frame 787/1837 DefineSprite (chid: 2408, cls: AQWorlds.mcSkel)
Exported frame 788/1837 DefineSprite (chid: 2408, cls: AQWorlds.mcSkel)
Exported frame 789/1837 DefineSprite (chid: 2408, cls: AQWorlds.mcSkel)
Exported frame 790/1837 DefineSprite (chid: 2408, cls: AQWorlds.mcSkel)
Exported frame 791/1837 DefineSprite (chid: 2408, cls: AQWorlds.mcSkel)
Exported frame 792/1837 DefineSprite (chid: 2408, cls: AQWorlds.mcSkel)
Exported frame 793/1837 DefineSprite (chid: 2408, cls: AQWorlds.mcSkel)
Exported frame 794/1837 DefineSprite (chid: 2408, cls: AQWorlds.mcSkel)
Exported frame 795/1837 DefineSprite (chid: 2408, cls: AQWorlds.mcSkel)
Exported frame 796/1837 DefineSprite (chid: 2408, cls: AQWorlds.mcSkel)
Exported frame 797/1837 DefineSprite (chid: 2408, cls: AQWorlds.mcSkel)
Exported frame 798/1837 DefineSprite (chid: 2408, cls: AQWorlds.mcSkel)
Exported frame 799/1837 DefineSprite (chid: 2408, cls: AQWorlds.mcSkel)
Exported frame 800/1837 DefineSprite (chid: 2408, cls: AQWorlds.mcSkel)
Exported frame 801/1837 DefineSprite (chid: 2408, cls: AQWorlds.mcSkel)
Exported frame 802/1837 DefineSprite (chid: 2408, cls: AQWorlds.mcSkel)
Exported frame 803/1837 DefineSprite (chid: 2408, cls: AQWorlds.mcSkel)
Exported frame 804/1837 DefineSprite (chid: 2408, cls: AQWorlds.mcSkel)
Exported frame 805/1837 DefineSprite (chid: 2408, cls: AQWorlds.mcSkel)
Exported frame 806/1837 DefineSprite (chid: 2408, cls: AQWorlds.mcSkel)
Exported frame 807/1837 DefineSprite (chid: 2408, cls: AQWorlds.mcSkel)
Exported frame 808/1837 DefineSprite (chid: 2408, cls: AQWorlds.mcSkel)
Exported frame 809/1837 DefineSprite (chid: 2408, cls: AQWorlds.mcSkel)
Exported frame 810/1837 DefineSprite (chid: 2408, cls: AQWorlds.mcSkel)
Exported frame 811/1837 DefineSprite (chid: 2408, cls: AQWorlds.mcSkel)
Exported frame 812/1837 DefineSprite (chid: 2408, cls: AQWorlds.mcSkel)
Exported frame 813/1837 DefineSprite (chid: 2408, cls: AQWorlds.mcSkel)
Exported frame 814/1837 DefineSprite (chid: 2408, cls: AQWorlds.mcSkel)
Exported frame 815/1837 DefineSprite (chid: 2408, cls: AQWorlds.mcSkel)
Exported frame 816/1837 DefineSprite (chid: 2408, cls: AQWorlds.mcSkel)
Exported frame 817/1837 DefineSprite (chid: 2408, cls: AQWorlds.mcSkel)
Exported frame 818/1837 DefineSprite (chid: 2408, cls: AQWorlds.mcSkel)
Exported frame 819/1837 DefineSprite (chid: 2408, cls: AQWorlds.mcSkel)
Exported frame 820/1837 DefineSprite (chid: 2408, cls: AQWorlds.mcSkel)
Exported frame 821/1837 DefineSprite (chid: 2408, cls: AQWorlds.mcSkel)
Exported frame 822/1837 DefineSprite (chid: 2408, cls: AQWorlds.mcSkel)
Exported frame 823/1837 DefineSprite (chid: 2408, cls: AQWorlds.mcSkel)
Exported frame 824/1837 DefineSprite (chid: 2408, cls: AQWorlds.mcSkel)
Exported frame 825/1837 DefineSprite (chid: 2408, cls: AQWorlds.mcSkel)
Exported frame 826/1837 DefineSprite (chid: 2408, cls: AQWorlds.mcSkel)
Exported frame 827/1837 DefineSprite (chid: 2408, cls: AQWorlds.mcSkel)
Exported frame 828/1837 DefineSprite (chid: 2408, cls: AQWorlds.mcSkel)
Exported frame 829/1837 DefineSprite (chid: 2408, cls: AQWorlds.mcSkel)
Exported frame 830/1837 DefineSprite (chid: 2408, cls: AQWorlds.mcSkel)
Exported frame 831/1837 DefineSprite (chid: 2408, cls: AQWorlds.mcSkel)
Exported frame 832/1837 DefineSprite (chid: 2408, cls: AQWorlds.mcSkel)
Exported frame 833/1837 DefineSprite (chid: 2408, cls: AQWorlds.mcSkel)
Exported frame 834/1837 DefineSprite (chid: 2408, cls: AQWorlds.mcSkel)
Exported frame 835/1837 DefineSprite (chid: 2408, cls: AQWorlds.mcSkel)
Exported frame 836/1837 DefineSprite (chid: 2408, cls: AQWorlds.mcSkel)
Exported frame 837/1837 DefineSprite (chid: 2408, cls: AQWorlds.mcSkel)
Exported frame 838/1837 DefineSprite (chid: 2408, cls: AQWorlds.mcSkel)
Exported frame 839/1837 DefineSprite (chid: 2408, cls: AQWorlds.mcSkel)
Exported frame 840/1837 DefineSprite (chid: 2408, cls: AQWorlds.mcSkel)
Exported frame 841/1837 DefineSprite (chid: 2408, cls: AQWorlds.mcSkel)
Exported frame 842/1837 DefineSprite (chid: 2408, cls: AQWorlds.mcSkel)
Exported frame 843/1837 DefineSprite (chid: 2408, cls: AQWorlds.mcSkel)
Exported frame 844/1837 DefineSprite (chid: 2408, cls: AQWorlds.mcSkel)
Exported frame 845/1837 DefineSprite (chid: 2408, cls: AQWorlds.mcSkel)
Exported frame 846/1837 DefineSprite (chid: 2408, cls: AQWorlds.mcSkel)
Exported frame 847/1837 DefineSprite (chid: 2408, cls: AQWorlds.mcSkel)
Exported frame 848/1837 DefineSprite (chid: 2408, cls: AQWorlds.mcSkel)
Exported frame 849/1837 DefineSprite (chid: 2408, cls: AQWorlds.mcSkel)
Exported frame 850/1837 DefineSprite (chid: 2408, cls: AQWorlds.mcSkel)
Exported frame 851/1837 DefineSprite (chid: 2408, cls: AQWorlds.mcSkel)
Exported frame 852/1837 DefineSprite (chid: 2408, cls: AQWorlds.mcSkel)
Exported frame 853/1837 DefineSprite (chid: 2408, cls: AQWorlds.mcSkel)
Exported frame 854/1837 DefineSprite (chid: 2408, cls: AQWorlds.mcSkel)
Exported frame 855/1837 DefineSprite (chid: 2408, cls: AQWorlds.mcSkel)
Exported frame 856/1837 DefineSprite (chid: 2408, cls: AQWorlds.mcSkel)
Exported frame 857/1837 DefineSprite (chid: 2408, cls: AQWorlds.mcSkel)
Exported frame 858/1837 DefineSprite (chid: 2408, cls: AQWorlds.mcSkel)
Exported frame 859/1837 DefineSprite (chid: 2408, cls: AQWorlds.mcSkel)
Exported frame 860/1837 DefineSprite (chid: 2408, cls: AQWorlds.mcSkel)
Exported frame 861/1837 DefineSprite (chid: 2408, cls: AQWorlds.mcSkel)
Exported frame 862/1837 DefineSprite (chid: 2408, cls: AQWorlds.mcSkel)
Exported frame 863/1837 DefineSprite (chid: 2408, cls: AQWorlds.mcSkel)
Exported frame 864/1837 DefineSprite (chid: 2408, cls: AQWorlds.mcSkel)
Exported frame 865/1837 DefineSprite (chid: 2408, cls: AQWorlds.mcSkel)
Exported frame 866/1837 DefineSprite (chid: 2408, cls: AQWorlds.mcSkel)
Exported frame 867/1837 DefineSprite (chid: 2408, cls: AQWorlds.mcSkel)
Exported frame 868/1837 DefineSprite (chid: 2408, cls: AQWorlds.mcSkel)
Exported frame 869/1837 DefineSprite (chid: 2408, cls: AQWorlds.mcSkel)
Exported frame 870/1837 DefineSprite (chid: 2408, cls: AQWorlds.mcSkel)
Exported frame 871/1837 DefineSprite (chid: 2408, cls: AQWorlds.mcSkel)
Exported frame 872/1837 DefineSprite (chid: 2408, cls: AQWorlds.mcSkel)
Exported frame 873/1837 DefineSprite (chid: 2408, cls: AQWorlds.mcSkel)
Exported frame 874/1837 DefineSprite (chid: 2408, cls: AQWorlds.mcSkel)
Exported frame 875/1837 DefineSprite (chid: 2408, cls: AQWorlds.mcSkel)
Exported frame 876/1837 DefineSprite (chid: 2408, cls: AQWorlds.mcSkel)
Exported frame 877/1837 DefineSprite (chid: 2408, cls: AQWorlds.mcSkel)
Exported frame 878/1837 DefineSprite (chid: 2408, cls: AQWorlds.mcSkel)
Exported frame 879/1837 DefineSprite (chid: 2408, cls: AQWorlds.mcSkel)
Exported frame 880/1837 DefineSprite (chid: 2408, cls: AQWorlds.mcSkel)
Exported frame 881/1837 DefineSprite (chid: 2408, cls: AQWorlds.mcSkel)
Exported frame 882/1837 DefineSprite (chid: 2408, cls: AQWorlds.mcSkel)
Exported frame 883/1837 DefineSprite (chid: 2408, cls: AQWorlds.mcSkel)
Exported frame 884/1837 DefineSprite (chid: 2408, cls: AQWorlds.mcSkel)
Exported frame 885/1837 DefineSprite (chid: 2408, cls: AQWorlds.mcSkel)
Exported frame 886/1837 DefineSprite (chid: 2408, cls: AQWorlds.mcSkel)
Exported frame 887/1837 DefineSprite (chid: 2408, cls: AQWorlds.mcSkel)
Exported frame 888/1837 DefineSprite (chid: 2408, cls: AQWorlds.mcSkel)
Exported frame 889/1837 DefineSprite (chid: 2408, cls: AQWorlds.mcSkel)
Exported frame 890/1837 DefineSprite (chid: 2408, cls: AQWorlds.mcSkel)
Exported frame 891/1837 DefineSprite (chid: 2408, cls: AQWorlds.mcSkel)
Exported frame 892/1837 DefineSprite (chid: 2408, cls: AQWorlds.mcSkel)
Exported frame 893/1837 DefineSprite (chid: 2408, cls: AQWorlds.mcSkel)
Exported frame 894/1837 DefineSprite (chid: 2408, cls: AQWorlds.mcSkel)
Exported frame 895/1837 DefineSprite (chid: 2408, cls: AQWorlds.mcSkel)
Exported frame 896/1837 DefineSprite (chid: 2408, cls: AQWorlds.mcSkel)
Exported frame 897/1837 DefineSprite (chid: 2408, cls: AQWorlds.mcSkel)
Exported frame 898/1837 DefineSprite (chid: 2408, cls: AQWorlds.mcSkel)
Exported frame 899/1837 DefineSprite (chid: 2408, cls: AQWorlds.mcSkel)
Exported frame 900/1837 DefineSprite (chid: 2408, cls: AQWorlds.mcSkel)
Exported frame 901/1837 DefineSprite (chid: 2408, cls: AQWorlds.mcSkel)
Exported frame 902/1837 DefineSprite (chid: 2408, cls: AQWorlds.mcSkel)
Exported frame 903/1837 DefineSprite (chid: 2408, cls: AQWorlds.mcSkel)
Exported frame 904/1837 DefineSprite (chid: 2408, cls: AQWorlds.mcSkel)
Exported frame 905/1837 DefineSprite (chid: 2408, cls: AQWorlds.mcSkel)
Exported frame 906/1837 DefineSprite (chid: 2408, cls: AQWorlds.mcSkel)
Exported frame 907/1837 DefineSprite (chid: 2408, cls: AQWorlds.mcSkel)
Exported frame 908/1837 DefineSprite (chid: 2408, cls: AQWorlds.mcSkel)
Exported frame 909/1837 DefineSprite (chid: 2408, cls: AQWorlds.mcSkel)
Exported frame 910/1837 DefineSprite (chid: 2408, cls: AQWorlds.mcSkel)
Exported frame 911/1837 DefineSprite (chid: 2408, cls: AQWorlds.mcSkel)
Exported frame 912/1837 DefineSprite (chid: 2408, cls: AQWorlds.mcSkel)
Exported frame 913/1837 DefineSprite (chid: 2408, cls: AQWorlds.mcSkel)
Exported frame 914/1837 DefineSprite (chid: 2408, cls: AQWorlds.mcSkel)
Exported frame 915/1837 DefineSprite (chid: 2408, cls: AQWorlds.mcSkel)
Exported frame 916/1837 DefineSprite (chid: 2408, cls: AQWorlds.mcSkel)
Exported frame 917/1837 DefineSprite (chid: 2408, cls: AQWorlds.mcSkel)
Exported frame 918/1837 DefineSprite (chid: 2408, cls: AQWorlds.mcSkel)
Exported frame 919/1837 DefineSprite (chid: 2408, cls: AQWorlds.mcSkel)
Exported frame 920/1837 DefineSprite (chid: 2408, cls: AQWorlds.mcSkel)
Exported frame 921/1837 DefineSprite (chid: 2408, cls: AQWorlds.mcSkel)
Exported frame 922/1837 DefineSprite (chid: 2408, cls: AQWorlds.mcSkel)
Exported frame 923/1837 DefineSprite (chid: 2408, cls: AQWorlds.mcSkel)
Exported frame 924/1837 DefineSprite (chid: 2408, cls: AQWorlds.mcSkel)
Exported frame 925/1837 DefineSprite (chid: 2408, cls: AQWorlds.mcSkel)
Exported frame 926/1837 DefineSprite (chid: 2408, cls: AQWorlds.mcSkel)
Exported frame 927/1837 DefineSprite (chid: 2408, cls: AQWorlds.mcSkel)
Exported frame 928/1837 DefineSprite (chid: 2408, cls: AQWorlds.mcSkel)
Exported frame 929/1837 DefineSprite (chid: 2408, cls: AQWorlds.mcSkel)
Exported frame 930/1837 DefineSprite (chid: 2408, cls: AQWorlds.mcSkel)
Exported frame 931/1837 DefineSprite (chid: 2408, cls: AQWorlds.mcSkel)
Exported frame 932/1837 DefineSprite (chid: 2408, cls: AQWorlds.mcSkel)
Exported frame 933/1837 DefineSprite (chid: 2408, cls: AQWorlds.mcSkel)
Exported frame 934/1837 DefineSprite (chid: 2408, cls: AQWorlds.mcSkel)
Exported frame 935/1837 DefineSprite (chid: 2408, cls: AQWorlds.mcSkel)
Exported frame 936/1837 DefineSprite (chid: 2408, cls: AQWorlds.mcSkel)
Exported frame 937/1837 DefineSprite (chid: 2408, cls: AQWorlds.mcSkel)
Exported frame 938/1837 DefineSprite (chid: 2408, cls: AQWorlds.mcSkel)
Exported frame 939/1837 DefineSprite (chid: 2408, cls: AQWorlds.mcSkel)
Exported frame 940/1837 DefineSprite (chid: 2408, cls: AQWorlds.mcSkel)
Exported frame 941/1837 DefineSprite (chid: 2408, cls: AQWorlds.mcSkel)
Exported frame 942/1837 DefineSprite (chid: 2408, cls: AQWorlds.mcSkel)
Exported frame 943/1837 DefineSprite (chid: 2408, cls: AQWorlds.mcSkel)
Exported frame 944/1837 DefineSprite (chid: 2408, cls: AQWorlds.mcSkel)
Exported frame 945/1837 DefineSprite (chid: 2408, cls: AQWorlds.mcSkel)
Exported frame 946/1837 DefineSprite (chid: 2408, cls: AQWorlds.mcSkel)
Exported frame 947/1837 DefineSprite (chid: 2408, cls: AQWorlds.mcSkel)
Exported frame 948/1837 DefineSprite (chid: 2408, cls: AQWorlds.mcSkel)
Exported frame 949/1837 DefineSprite (chid: 2408, cls: AQWorlds.mcSkel)
Exported frame 950/1837 DefineSprite (chid: 2408, cls: AQWorlds.mcSkel)
Exported frame 951/1837 DefineSprite (chid: 2408, cls: AQWorlds.mcSkel)
Exported frame 952/1837 DefineSprite (chid: 2408, cls: AQWorlds.mcSkel)
Exported frame 953/1837 DefineSprite (chid: 2408, cls: AQWorlds.mcSkel)
Exported frame 954/1837 DefineSprite (chid: 2408, cls: AQWorlds.mcSkel)
Exported frame 955/1837 DefineSprite (chid: 2408, cls: AQWorlds.mcSkel)
Exported frame 956/1837 DefineSprite (chid: 2408, cls: AQWorlds.mcSkel)
Exported frame 957/1837 DefineSprite (chid: 2408, cls: AQWorlds.mcSkel)
Exported frame 958/1837 DefineSprite (chid: 2408, cls: AQWorlds.mcSkel)
Exported frame 959/1837 DefineSprite (chid: 2408, cls: AQWorlds.mcSkel)
Exported frame 960/1837 DefineSprite (chid: 2408, cls: AQWorlds.mcSkel)
Exported frame 961/1837 DefineSprite (chid: 2408, cls: AQWorlds.mcSkel)
Exported frame 962/1837 DefineSprite (chid: 2408, cls: AQWorlds.mcSkel)
Exported frame 963/1837 DefineSprite (chid: 2408, cls: AQWorlds.mcSkel)
Exported frame 964/1837 DefineSprite (chid: 2408, cls: AQWorlds.mcSkel)
Exported frame 965/1837 DefineSprite (chid: 2408, cls: AQWorlds.mcSkel)
Exported frame 966/1837 DefineSprite (chid: 2408, cls: AQWorlds.mcSkel)
Exported frame 967/1837 DefineSprite (chid: 2408, cls: AQWorlds.mcSkel)
Exported frame 968/1837 DefineSprite (chid: 2408, cls: AQWorlds.mcSkel)
Exported frame 969/1837 DefineSprite (chid: 2408, cls: AQWorlds.mcSkel)
Exported frame 970/1837 DefineSprite (chid: 2408, cls: AQWorlds.mcSkel)
Exported frame 971/1837 DefineSprite (chid: 2408, cls: AQWorlds.mcSkel)
Exported frame 972/1837 DefineSprite (chid: 2408, cls: AQWorlds.mcSkel)
Exported frame 973/1837 DefineSprite (chid: 2408, cls: AQWorlds.mcSkel)
Exported frame 974/1837 DefineSprite (chid: 2408, cls: AQWorlds.mcSkel)
Exported frame 975/1837 DefineSprite (chid: 2408, cls: AQWorlds.mcSkel)
Exported frame 976/1837 DefineSprite (chid: 2408, cls: AQWorlds.mcSkel)
Exported frame 977/1837 DefineSprite (chid: 2408, cls: AQWorlds.mcSkel)
Exported frame 978/1837 DefineSprite (chid: 2408, cls: AQWorlds.mcSkel)
Exported frame 979/1837 DefineSprite (chid: 2408, cls: AQWorlds.mcSkel)
Exported frame 980/1837 DefineSprite (chid: 2408, cls: AQWorlds.mcSkel)
Exported frame 981/1837 DefineSprite (chid: 2408, cls: AQWorlds.mcSkel)
Exported frame 982/1837 DefineSprite (chid: 2408, cls: AQWorlds.mcSkel)
Exported frame 983/1837 DefineSprite (chid: 2408, cls: AQWorlds.mcSkel)
Exported frame 984/1837 DefineSprite (chid: 2408, cls: AQWorlds.mcSkel)
Exported frame 985/1837 DefineSprite (chid: 2408, cls: AQWorlds.mcSkel)
Exported frame 986/1837 DefineSprite (chid: 2408, cls: AQWorlds.mcSkel)
Exported frame 987/1837 DefineSprite (chid: 2408, cls: AQWorlds.mcSkel)
Exported frame 988/1837 DefineSprite (chid: 2408, cls: AQWorlds.mcSkel)
Exported frame 989/1837 DefineSprite (chid: 2408, cls: AQWorlds.mcSkel)
Exported frame 990/1837 DefineSprite (chid: 2408, cls: AQWorlds.mcSkel)
Exported frame 991/1837 DefineSprite (chid: 2408, cls: AQWorlds.mcSkel)
Exported frame 992/1837 DefineSprite (chid: 2408, cls: AQWorlds.mcSkel)
Exported frame 993/1837 DefineSprite (chid: 2408, cls: AQWorlds.mcSkel)
Exported frame 994/1837 DefineSprite (chid: 2408, cls: AQWorlds.mcSkel)
Exported frame 995/1837 DefineSprite (chid: 2408, cls: AQWorlds.mcSkel)
Exported frame 996/1837 DefineSprite (chid: 2408, cls: AQWorlds.mcSkel)
Exported frame 997/1837 DefineSprite (chid: 2408, cls: AQWorlds.mcSkel)
Exported frame 998/1837 DefineSprite (chid: 2408, cls: AQWorlds.mcSkel)
Exported frame 999/1837 DefineSprite (chid: 2408, cls: AQWorlds.mcSkel)
Exported frame 1000/1837 DefineSprite (chid: 2408, cls: AQWorlds.mcSkel)
Exported frame 1001/1837 DefineSprite (chid: 2408, cls: AQWorlds.mcSkel)
Exported frame 1002/1837 DefineSprite (chid: 2408, cls: AQWorlds.mcSkel)
Exported frame 1003/1837 DefineSprite (chid: 2408, cls: AQWorlds.mcSkel)
Exported frame 1004/1837 DefineSprite (chid: 2408, cls: AQWorlds.mcSkel)
Exported frame 1005/1837 DefineSprite (chid: 2408, cls: AQWorlds.mcSkel)
Exported frame 1006/1837 DefineSprite (chid: 2408, cls: AQWorlds.mcSkel)
Exported frame 1007/1837 DefineSprite (chid: 2408, cls: AQWorlds.mcSkel)
Exported frame 1008/1837 DefineSprite (chid: 2408, cls: AQWorlds.mcSkel)
Exported frame 1009/1837 DefineSprite (chid: 2408, cls: AQWorlds.mcSkel)
Exported frame 1010/1837 DefineSprite (chid: 2408, cls: AQWorlds.mcSkel)
Exported frame 1011/1837 DefineSprite (chid: 2408, cls: AQWorlds.mcSkel)
Exported frame 1012/1837 DefineSprite (chid: 2408, cls: AQWorlds.mcSkel)
Exported frame 1013/1837 DefineSprite (chid: 2408, cls: AQWorlds.mcSkel)
Exported frame 1014/1837 DefineSprite (chid: 2408, cls: AQWorlds.mcSkel)
Exported frame 1015/1837 DefineSprite (chid: 2408, cls: AQWorlds.mcSkel)
Exported frame 1016/1837 DefineSprite (chid: 2408, cls: AQWorlds.mcSkel)
Exported frame 1017/1837 DefineSprite (chid: 2408, cls: AQWorlds.mcSkel)
Exported frame 1018/1837 DefineSprite (chid: 2408, cls: AQWorlds.mcSkel)
Exported frame 1019/1837 DefineSprite (chid: 2408, cls: AQWorlds.mcSkel)
Exported frame 1020/1837 DefineSprite (chid: 2408, cls: AQWorlds.mcSkel)
Exported frame 1021/1837 DefineSprite (chid: 2408, cls: AQWorlds.mcSkel)
Exported frame 1022/1837 DefineSprite (chid: 2408, cls: AQWorlds.mcSkel)
Exported frame 1023/1837 DefineSprite (chid: 2408, cls: AQWorlds.mcSkel)
Exported frame 1024/1837 DefineSprite (chid: 2408, cls: AQWorlds.mcSkel)
Exported frame 1025/1837 DefineSprite (chid: 2408, cls: AQWorlds.mcSkel)
Exported frame 1026/1837 DefineSprite (chid: 2408, cls: AQWorlds.mcSkel)
Exported frame 1027/1837 DefineSprite (chid: 2408, cls: AQWorlds.mcSkel)
Exported frame 1028/1837 DefineSprite (chid: 2408, cls: AQWorlds.mcSkel)
Exported frame 1029/1837 DefineSprite (chid: 2408, cls: AQWorlds.mcSkel)
Exported frame 1030/1837 DefineSprite (chid: 2408, cls: AQWorlds.mcSkel)
Exported frame 1031/1837 DefineSprite (chid: 2408, cls: AQWorlds.mcSkel)
Exported frame 1032/1837 DefineSprite (chid: 2408, cls: AQWorlds.mcSkel)
Exported frame 1033/1837 DefineSprite (chid: 2408, cls: AQWorlds.mcSkel)
Exported frame 1034/1837 DefineSprite (chid: 2408, cls: AQWorlds.mcSkel)
Exported frame 1035/1837 DefineSprite (chid: 2408, cls: AQWorlds.mcSkel)
Exported frame 1036/1837 DefineSprite (chid: 2408, cls: AQWorlds.mcSkel)
Exported frame 1037/1837 DefineSprite (chid: 2408, cls: AQWorlds.mcSkel)
Exported frame 1038/1837 DefineSprite (chid: 2408, cls: AQWorlds.mcSkel)
Exported frame 1039/1837 DefineSprite (chid: 2408, cls: AQWorlds.mcSkel)
Exported frame 1040/1837 DefineSprite (chid: 2408, cls: AQWorlds.mcSkel)
Exported frame 1041/1837 DefineSprite (chid: 2408, cls: AQWorlds.mcSkel)
Exported frame 1042/1837 DefineSprite (chid: 2408, cls: AQWorlds.mcSkel)
Exported frame 1043/1837 DefineSprite (chid: 2408, cls: AQWorlds.mcSkel)
Exported frame 1044/1837 DefineSprite (chid: 2408, cls: AQWorlds.mcSkel)
Exported frame 1045/1837 DefineSprite (chid: 2408, cls: AQWorlds.mcSkel)
Exported frame 1046/1837 DefineSprite (chid: 2408, cls: AQWorlds.mcSkel)
Exported frame 1047/1837 DefineSprite (chid: 2408, cls: AQWorlds.mcSkel)
Exported frame 1048/1837 DefineSprite (chid: 2408, cls: AQWorlds.mcSkel)
Exported frame 1049/1837 DefineSprite (chid: 2408, cls: AQWorlds.mcSkel)
Exported frame 1050/1837 DefineSprite (chid: 2408, cls: AQWorlds.mcSkel)
Exported frame 1051/1837 DefineSprite (chid: 2408, cls: AQWorlds.mcSkel)
Exported frame 1052/1837 DefineSprite (chid: 2408, cls: AQWorlds.mcSkel)
Exported frame 1053/1837 DefineSprite (chid: 2408, cls: AQWorlds.mcSkel)
Exported frame 1054/1837 DefineSprite (chid: 2408, cls: AQWorlds.mcSkel)
Exported frame 1055/1837 DefineSprite (chid: 2408, cls: AQWorlds.mcSkel)
Exported frame 1056/1837 DefineSprite (chid: 2408, cls: AQWorlds.mcSkel)
Exported frame 1057/1837 DefineSprite (chid: 2408, cls: AQWorlds.mcSkel)
Exported frame 1058/1837 DefineSprite (chid: 2408, cls: AQWorlds.mcSkel)
Exported frame 1059/1837 DefineSprite (chid: 2408, cls: AQWorlds.mcSkel)
Exported frame 1060/1837 DefineSprite (chid: 2408, cls: AQWorlds.mcSkel)
Exported frame 1061/1837 DefineSprite (chid: 2408, cls: AQWorlds.mcSkel)
Exported frame 1062/1837 DefineSprite (chid: 2408, cls: AQWorlds.mcSkel)
Exported frame 1063/1837 DefineSprite (chid: 2408, cls: AQWorlds.mcSkel)
Exported frame 1064/1837 DefineSprite (chid: 2408, cls: AQWorlds.mcSkel)
Exported frame 1065/1837 DefineSprite (chid: 2408, cls: AQWorlds.mcSkel)
Exported frame 1066/1837 DefineSprite (chid: 2408, cls: AQWorlds.mcSkel)
Exported frame 1067/1837 DefineSprite (chid: 2408, cls: AQWorlds.mcSkel)
Exported frame 1068/1837 DefineSprite (chid: 2408, cls: AQWorlds.mcSkel)
Exported frame 1069/1837 DefineSprite (chid: 2408, cls: AQWorlds.mcSkel)
Exported frame 1070/1837 DefineSprite (chid: 2408, cls: AQWorlds.mcSkel)
Exported frame 1071/1837 DefineSprite (chid: 2408, cls: AQWorlds.mcSkel)
Exported frame 1072/1837 DefineSprite (chid: 2408, cls: AQWorlds.mcSkel)
Exported frame 1073/1837 DefineSprite (chid: 2408, cls: AQWorlds.mcSkel)
Exported frame 1074/1837 DefineSprite (chid: 2408, cls: AQWorlds.mcSkel)
Exported frame 1075/1837 DefineSprite (chid: 2408, cls: AQWorlds.mcSkel)
Exported frame 1076/1837 DefineSprite (chid: 2408, cls: AQWorlds.mcSkel)
Exported frame 1077/1837 DefineSprite (chid: 2408, cls: AQWorlds.mcSkel)
Exported frame 1078/1837 DefineSprite (chid: 2408, cls: AQWorlds.mcSkel)
Exported frame 1079/1837 DefineSprite (chid: 2408, cls: AQWorlds.mcSkel)
Exported frame 1080/1837 DefineSprite (chid: 2408, cls: AQWorlds.mcSkel)
Exported frame 1081/1837 DefineSprite (chid: 2408, cls: AQWorlds.mcSkel)
Exported frame 1082/1837 DefineSprite (chid: 2408, cls: AQWorlds.mcSkel)
Exported frame 1083/1837 DefineSprite (chid: 2408, cls: AQWorlds.mcSkel)
Exported frame 1084/1837 DefineSprite (chid: 2408, cls: AQWorlds.mcSkel)
Exported frame 1085/1837 DefineSprite (chid: 2408, cls: AQWorlds.mcSkel)
Exported frame 1086/1837 DefineSprite (chid: 2408, cls: AQWorlds.mcSkel)
Exported frame 1087/1837 DefineSprite (chid: 2408, cls: AQWorlds.mcSkel)
Exported frame 1088/1837 DefineSprite (chid: 2408, cls: AQWorlds.mcSkel)
Exported frame 1089/1837 DefineSprite (chid: 2408, cls: AQWorlds.mcSkel)
Exported frame 1090/1837 DefineSprite (chid: 2408, cls: AQWorlds.mcSkel)
Exported frame 1091/1837 DefineSprite (chid: 2408, cls: AQWorlds.mcSkel)
Exported frame 1092/1837 DefineSprite (chid: 2408, cls: AQWorlds.mcSkel)
Exported frame 1093/1837 DefineSprite (chid: 2408, cls: AQWorlds.mcSkel)
Exported frame 1094/1837 DefineSprite (chid: 2408, cls: AQWorlds.mcSkel)
Exported frame 1095/1837 DefineSprite (chid: 2408, cls: AQWorlds.mcSkel)
Exported frame 1096/1837 DefineSprite (chid: 2408, cls: AQWorlds.mcSkel)
Exported frame 1097/1837 DefineSprite (chid: 2408, cls: AQWorlds.mcSkel)
Exported frame 1098/1837 DefineSprite (chid: 2408, cls: AQWorlds.mcSkel)
Exported frame 1099/1837 DefineSprite (chid: 2408, cls: AQWorlds.mcSkel)
Exported frame 1100/1837 DefineSprite (chid: 2408, cls: AQWorlds.mcSkel)
Exported frame 1101/1837 DefineSprite (chid: 2408, cls: AQWorlds.mcSkel)
Exported frame 1102/1837 DefineSprite (chid: 2408, cls: AQWorlds.mcSkel)
Exported frame 1103/1837 DefineSprite (chid: 2408, cls: AQWorlds.mcSkel)
Exported frame 1104/1837 DefineSprite (chid: 2408, cls: AQWorlds.mcSkel)
Exported frame 1105/1837 DefineSprite (chid: 2408, cls: AQWorlds.mcSkel)
Exported frame 1106/1837 DefineSprite (chid: 2408, cls: AQWorlds.mcSkel)
Exported frame 1107/1837 DefineSprite (chid: 2408, cls: AQWorlds.mcSkel)
Exported frame 1108/1837 DefineSprite (chid: 2408, cls: AQWorlds.mcSkel)
Exported frame 1109/1837 DefineSprite (chid: 2408, cls: AQWorlds.mcSkel)
Exported frame 1110/1837 DefineSprite (chid: 2408, cls: AQWorlds.mcSkel)
Exported frame 1111/1837 DefineSprite (chid: 2408, cls: AQWorlds.mcSkel)
Exported frame 1112/1837 DefineSprite (chid: 2408, cls: AQWorlds.mcSkel)
Exported frame 1113/1837 DefineSprite (chid: 2408, cls: AQWorlds.mcSkel)
Exported frame 1114/1837 DefineSprite (chid: 2408, cls: AQWorlds.mcSkel)
Exported frame 1115/1837 DefineSprite (chid: 2408, cls: AQWorlds.mcSkel)
Exported frame 1116/1837 DefineSprite (chid: 2408, cls: AQWorlds.mcSkel)
Exported frame 1117/1837 DefineSprite (chid: 2408, cls: AQWorlds.mcSkel)
Exported frame 1118/1837 DefineSprite (chid: 2408, cls: AQWorlds.mcSkel)
Exported frame 1119/1837 DefineSprite (chid: 2408, cls: AQWorlds.mcSkel)
Exported frame 1120/1837 DefineSprite (chid: 2408, cls: AQWorlds.mcSkel)
Exported frame 1121/1837 DefineSprite (chid: 2408, cls: AQWorlds.mcSkel)
Exported frame 1122/1837 DefineSprite (chid: 2408, cls: AQWorlds.mcSkel)
Exported frame 1123/1837 DefineSprite (chid: 2408, cls: AQWorlds.mcSkel)
Exported frame 1124/1837 DefineSprite (chid: 2408, cls: AQWorlds.mcSkel)
Exported frame 1125/1837 DefineSprite (chid: 2408, cls: AQWorlds.mcSkel)
Exported frame 1126/1837 DefineSprite (chid: 2408, cls: AQWorlds.mcSkel)
Exported frame 1127/1837 DefineSprite (chid: 2408, cls: AQWorlds.mcSkel)
Exported frame 1128/1837 DefineSprite (chid: 2408, cls: AQWorlds.mcSkel)
Exported frame 1129/1837 DefineSprite (chid: 2408, cls: AQWorlds.mcSkel)
Exported frame 1130/1837 DefineSprite (chid: 2408, cls: AQWorlds.mcSkel)
Exported frame 1131/1837 DefineSprite (chid: 2408, cls: AQWorlds.mcSkel)
Exported frame 1132/1837 DefineSprite (chid: 2408, cls: AQWorlds.mcSkel)
Exported frame 1133/1837 DefineSprite (chid: 2408, cls: AQWorlds.mcSkel)
Exported frame 1134/1837 DefineSprite (chid: 2408, cls: AQWorlds.mcSkel)
Exported frame 1135/1837 DefineSprite (chid: 2408, cls: AQWorlds.mcSkel)
Exported frame 1136/1837 DefineSprite (chid: 2408, cls: AQWorlds.mcSkel)
Exported frame 1137/1837 DefineSprite (chid: 2408, cls: AQWorlds.mcSkel)
Exported frame 1138/1837 DefineSprite (chid: 2408, cls: AQWorlds.mcSkel)
Exported frame 1139/1837 DefineSprite (chid: 2408, cls: AQWorlds.mcSkel)
Exported frame 1140/1837 DefineSprite (chid: 2408, cls: AQWorlds.mcSkel)
Exported frame 1141/1837 DefineSprite (chid: 2408, cls: AQWorlds.mcSkel)
Exported frame 1142/1837 DefineSprite (chid: 2408, cls: AQWorlds.mcSkel)
Exported frame 1143/1837 DefineSprite (chid: 2408, cls: AQWorlds.mcSkel)
Exported frame 1144/1837 DefineSprite (chid: 2408, cls: AQWorlds.mcSkel)
Exported frame 1145/1837 DefineSprite (chid: 2408, cls: AQWorlds.mcSkel)
Exported frame 1146/1837 DefineSprite (chid: 2408, cls: AQWorlds.mcSkel)
Exported frame 1147/1837 DefineSprite (chid: 2408, cls: AQWorlds.mcSkel)
Exported frame 1148/1837 DefineSprite (chid: 2408, cls: AQWorlds.mcSkel)
Exported frame 1149/1837 DefineSprite (chid: 2408, cls: AQWorlds.mcSkel)
Exported frame 1150/1837 DefineSprite (chid: 2408, cls: AQWorlds.mcSkel)
Exported frame 1151/1837 DefineSprite (chid: 2408, cls: AQWorlds.mcSkel)
Exported frame 1152/1837 DefineSprite (chid: 2408, cls: AQWorlds.mcSkel)
Exported frame 1153/1837 DefineSprite (chid: 2408, cls: AQWorlds.mcSkel)
Exported frame 1154/1837 DefineSprite (chid: 2408, cls: AQWorlds.mcSkel)
Exported frame 1155/1837 DefineSprite (chid: 2408, cls: AQWorlds.mcSkel)
Exported frame 1156/1837 DefineSprite (chid: 2408, cls: AQWorlds.mcSkel)
Exported frame 1157/1837 DefineSprite (chid: 2408, cls: AQWorlds.mcSkel)
Exported frame 1158/1837 DefineSprite (chid: 2408, cls: AQWorlds.mcSkel)
Exported frame 1159/1837 DefineSprite (chid: 2408, cls: AQWorlds.mcSkel)
Exported frame 1160/1837 DefineSprite (chid: 2408, cls: AQWorlds.mcSkel)
Exported frame 1161/1837 DefineSprite (chid: 2408, cls: AQWorlds.mcSkel)
Exported frame 1162/1837 DefineSprite (chid: 2408, cls: AQWorlds.mcSkel)
Exported frame 1163/1837 DefineSprite (chid: 2408, cls: AQWorlds.mcSkel)
Exported frame 1164/1837 DefineSprite (chid: 2408, cls: AQWorlds.mcSkel)
Exported frame 1165/1837 DefineSprite (chid: 2408, cls: AQWorlds.mcSkel)
Exported frame 1166/1837 DefineSprite (chid: 2408, cls: AQWorlds.mcSkel)
Exported frame 1167/1837 DefineSprite (chid: 2408, cls: AQWorlds.mcSkel)
Exported frame 1168/1837 DefineSprite (chid: 2408, cls: AQWorlds.mcSkel)
Exported frame 1169/1837 DefineSprite (chid: 2408, cls: AQWorlds.mcSkel)
Exported frame 1170/1837 DefineSprite (chid: 2408, cls: AQWorlds.mcSkel)
Exported frame 1171/1837 DefineSprite (chid: 2408, cls: AQWorlds.mcSkel)
Exported frame 1172/1837 DefineSprite (chid: 2408, cls: AQWorlds.mcSkel)
Exported frame 1173/1837 DefineSprite (chid: 2408, cls: AQWorlds.mcSkel)
Exported frame 1174/1837 DefineSprite (chid: 2408, cls: AQWorlds.mcSkel)
Exported frame 1175/1837 DefineSprite (chid: 2408, cls: AQWorlds.mcSkel)
Exported frame 1176/1837 DefineSprite (chid: 2408, cls: AQWorlds.mcSkel)
Exported frame 1177/1837 DefineSprite (chid: 2408, cls: AQWorlds.mcSkel)
Exported frame 1178/1837 DefineSprite (chid: 2408, cls: AQWorlds.mcSkel)
Exported frame 1179/1837 DefineSprite (chid: 2408, cls: AQWorlds.mcSkel)
Exported frame 1180/1837 DefineSprite (chid: 2408, cls: AQWorlds.mcSkel)
Exported frame 1181/1837 DefineSprite (chid: 2408, cls: AQWorlds.mcSkel)
Exported frame 1182/1837 DefineSprite (chid: 2408, cls: AQWorlds.mcSkel)
Exported frame 1183/1837 DefineSprite (chid: 2408, cls: AQWorlds.mcSkel)
Exported frame 1184/1837 DefineSprite (chid: 2408, cls: AQWorlds.mcSkel)
Exported frame 1185/1837 DefineSprite (chid: 2408, cls: AQWorlds.mcSkel)
Exported frame 1186/1837 DefineSprite (chid: 2408, cls: AQWorlds.mcSkel)
Exported frame 1187/1837 DefineSprite (chid: 2408, cls: AQWorlds.mcSkel)
Exported frame 1188/1837 DefineSprite (chid: 2408, cls: AQWorlds.mcSkel)
Exported frame 1189/1837 DefineSprite (chid: 2408, cls: AQWorlds.mcSkel)
Exported frame 1190/1837 DefineSprite (chid: 2408, cls: AQWorlds.mcSkel)
Exported frame 1191/1837 DefineSprite (chid: 2408, cls: AQWorlds.mcSkel)
Exported frame 1192/1837 DefineSprite (chid: 2408, cls: AQWorlds.mcSkel)
Exported frame 1193/1837 DefineSprite (chid: 2408, cls: AQWorlds.mcSkel)
Exported frame 1194/1837 DefineSprite (chid: 2408, cls: AQWorlds.mcSkel)
Exported frame 1195/1837 DefineSprite (chid: 2408, cls: AQWorlds.mcSkel)
Exported frame 1196/1837 DefineSprite (chid: 2408, cls: AQWorlds.mcSkel)
Exported frame 1197/1837 DefineSprite (chid: 2408, cls: AQWorlds.mcSkel)
Exported frame 1198/1837 DefineSprite (chid: 2408, cls: AQWorlds.mcSkel)
Exported frame 1199/1837 DefineSprite (chid: 2408, cls: AQWorlds.mcSkel)
Exported frame 1200/1837 DefineSprite (chid: 2408, cls: AQWorlds.mcSkel)
Exported frame 1201/1837 DefineSprite (chid: 2408, cls: AQWorlds.mcSkel)
Exported frame 1202/1837 DefineSprite (chid: 2408, cls: AQWorlds.mcSkel)
Exported frame 1203/1837 DefineSprite (chid: 2408, cls: AQWorlds.mcSkel)
Exported frame 1204/1837 DefineSprite (chid: 2408, cls: AQWorlds.mcSkel)
Exported frame 1205/1837 DefineSprite (chid: 2408, cls: AQWorlds.mcSkel)
Exported frame 1206/1837 DefineSprite (chid: 2408, cls: AQWorlds.mcSkel)
Exported frame 1207/1837 DefineSprite (chid: 2408, cls: AQWorlds.mcSkel)
Exported frame 1208/1837 DefineSprite (chid: 2408, cls: AQWorlds.mcSkel)
Exported frame 1209/1837 DefineSprite (chid: 2408, cls: AQWorlds.mcSkel)
Exported frame 1210/1837 DefineSprite (chid: 2408, cls: AQWorlds.mcSkel)
Exported frame 1211/1837 DefineSprite (chid: 2408, cls: AQWorlds.mcSkel)
Exported frame 1212/1837 DefineSprite (chid: 2408, cls: AQWorlds.mcSkel)
Exported frame 1213/1837 DefineSprite (chid: 2408, cls: AQWorlds.mcSkel)
Exported frame 1214/1837 DefineSprite (chid: 2408, cls: AQWorlds.mcSkel)
Exported frame 1215/1837 DefineSprite (chid: 2408, cls: AQWorlds.mcSkel)
Exported frame 1216/1837 DefineSprite (chid: 2408, cls: AQWorlds.mcSkel)
Exported frame 1217/1837 DefineSprite (chid: 2408, cls: AQWorlds.mcSkel)
Exported frame 1218/1837 DefineSprite (chid: 2408, cls: AQWorlds.mcSkel)
Exported frame 1219/1837 DefineSprite (chid: 2408, cls: AQWorlds.mcSkel)
Exported frame 1220/1837 DefineSprite (chid: 2408, cls: AQWorlds.mcSkel)
Exported frame 1221/1837 DefineSprite (chid: 2408, cls: AQWorlds.mcSkel)
Exported frame 1222/1837 DefineSprite (chid: 2408, cls: AQWorlds.mcSkel)
Exported frame 1223/1837 DefineSprite (chid: 2408, cls: AQWorlds.mcSkel)
Exported frame 1224/1837 DefineSprite (chid: 2408, cls: AQWorlds.mcSkel)
Exported frame 1225/1837 DefineSprite (chid: 2408, cls: AQWorlds.mcSkel)
Exported frame 1226/1837 DefineSprite (chid: 2408, cls: AQWorlds.mcSkel)
Exported frame 1227/1837 DefineSprite (chid: 2408, cls: AQWorlds.mcSkel)
Exported frame 1228/1837 DefineSprite (chid: 2408, cls: AQWorlds.mcSkel)
Exported frame 1229/1837 DefineSprite (chid: 2408, cls: AQWorlds.mcSkel)
Exported frame 1230/1837 DefineSprite (chid: 2408, cls: AQWorlds.mcSkel)
Exported frame 1231/1837 DefineSprite (chid: 2408, cls: AQWorlds.mcSkel)
Exported frame 1232/1837 DefineSprite (chid: 2408, cls: AQWorlds.mcSkel)
Exported frame 1233/1837 DefineSprite (chid: 2408, cls: AQWorlds.mcSkel)
Exported frame 1234/1837 DefineSprite (chid: 2408, cls: AQWorlds.mcSkel)
Exported frame 1235/1837 DefineSprite (chid: 2408, cls: AQWorlds.mcSkel)
Exported frame 1236/1837 DefineSprite (chid: 2408, cls: AQWorlds.mcSkel)
Exported frame 1237/1837 DefineSprite (chid: 2408, cls: AQWorlds.mcSkel)
Exported frame 1238/1837 DefineSprite (chid: 2408, cls: AQWorlds.mcSkel)
Exported frame 1239/1837 DefineSprite (chid: 2408, cls: AQWorlds.mcSkel)
Exported frame 1240/1837 DefineSprite (chid: 2408, cls: AQWorlds.mcSkel)
Exported frame 1241/1837 DefineSprite (chid: 2408, cls: AQWorlds.mcSkel)
Exported frame 1242/1837 DefineSprite (chid: 2408, cls: AQWorlds.mcSkel)
Exported frame 1243/1837 DefineSprite (chid: 2408, cls: AQWorlds.mcSkel)
Exported frame 1244/1837 DefineSprite (chid: 2408, cls: AQWorlds.mcSkel)
Exported frame 1245/1837 DefineSprite (chid: 2408, cls: AQWorlds.mcSkel)
Exported frame 1246/1837 DefineSprite (chid: 2408, cls: AQWorlds.mcSkel)
Exported frame 1247/1837 DefineSprite (chid: 2408, cls: AQWorlds.mcSkel)
Exported frame 1248/1837 DefineSprite (chid: 2408, cls: AQWorlds.mcSkel)
Exported frame 1249/1837 DefineSprite (chid: 2408, cls: AQWorlds.mcSkel)
Exported frame 1250/1837 DefineSprite (chid: 2408, cls: AQWorlds.mcSkel)
Exported frame 1251/1837 DefineSprite (chid: 2408, cls: AQWorlds.mcSkel)
Exported frame 1252/1837 DefineSprite (chid: 2408, cls: AQWorlds.mcSkel)
Exported frame 1253/1837 DefineSprite (chid: 2408, cls: AQWorlds.mcSkel)
Exported frame 1254/1837 DefineSprite (chid: 2408, cls: AQWorlds.mcSkel)
Exported frame 1255/1837 DefineSprite (chid: 2408, cls: AQWorlds.mcSkel)
Exported frame 1256/1837 DefineSprite (chid: 2408, cls: AQWorlds.mcSkel)
Exported frame 1257/1837 DefineSprite (chid: 2408, cls: AQWorlds.mcSkel)
Exported frame 1258/1837 DefineSprite (chid: 2408, cls: AQWorlds.mcSkel)
Exported frame 1259/1837 DefineSprite (chid: 2408, cls: AQWorlds.mcSkel)
Exported frame 1260/1837 DefineSprite (chid: 2408, cls: AQWorlds.mcSkel)
Exported frame 1261/1837 DefineSprite (chid: 2408, cls: AQWorlds.mcSkel)
Exported frame 1262/1837 DefineSprite (chid: 2408, cls: AQWorlds.mcSkel)
Exported frame 1263/1837 DefineSprite (chid: 2408, cls: AQWorlds.mcSkel)
Exported frame 1264/1837 DefineSprite (chid: 2408, cls: AQWorlds.mcSkel)
Exported frame 1265/1837 DefineSprite (chid: 2408, cls: AQWorlds.mcSkel)
Exported frame 1266/1837 DefineSprite (chid: 2408, cls: AQWorlds.mcSkel)
Exported frame 1267/1837 DefineSprite (chid: 2408, cls: AQWorlds.mcSkel)
Exported frame 1268/1837 DefineSprite (chid: 2408, cls: AQWorlds.mcSkel)
Exported frame 1269/1837 DefineSprite (chid: 2408, cls: AQWorlds.mcSkel)
Exported frame 1270/1837 DefineSprite (chid: 2408, cls: AQWorlds.mcSkel)
Exported frame 1271/1837 DefineSprite (chid: 2408, cls: AQWorlds.mcSkel)
Exported frame 1272/1837 DefineSprite (chid: 2408, cls: AQWorlds.mcSkel)
Exported frame 1273/1837 DefineSprite (chid: 2408, cls: AQWorlds.mcSkel)
Exported frame 1274/1837 DefineSprite (chid: 2408, cls: AQWorlds.mcSkel)
Exported frame 1275/1837 DefineSprite (chid: 2408, cls: AQWorlds.mcSkel)
Exported frame 1276/1837 DefineSprite (chid: 2408, cls: AQWorlds.mcSkel)
Exported frame 1277/1837 DefineSprite (chid: 2408, cls: AQWorlds.mcSkel)
Exported frame 1278/1837 DefineSprite (chid: 2408, cls: AQWorlds.mcSkel)
Exported frame 1279/1837 DefineSprite (chid: 2408, cls: AQWorlds.mcSkel)
Exported frame 1280/1837 DefineSprite (chid: 2408, cls: AQWorlds.mcSkel)
Exported frame 1281/1837 DefineSprite (chid: 2408, cls: AQWorlds.mcSkel)
Exported frame 1282/1837 DefineSprite (chid: 2408, cls: AQWorlds.mcSkel)
Exported frame 1283/1837 DefineSprite (chid: 2408, cls: AQWorlds.mcSkel)
Exported frame 1284/1837 DefineSprite (chid: 2408, cls: AQWorlds.mcSkel)
Exported frame 1285/1837 DefineSprite (chid: 2408, cls: AQWorlds.mcSkel)
Exported frame 1286/1837 DefineSprite (chid: 2408, cls: AQWorlds.mcSkel)
Exported frame 1287/1837 DefineSprite (chid: 2408, cls: AQWorlds.mcSkel)
Exported frame 1288/1837 DefineSprite (chid: 2408, cls: AQWorlds.mcSkel)
Exported frame 1289/1837 DefineSprite (chid: 2408, cls: AQWorlds.mcSkel)
Exported frame 1290/1837 DefineSprite (chid: 2408, cls: AQWorlds.mcSkel)
Exported frame 1291/1837 DefineSprite (chid: 2408, cls: AQWorlds.mcSkel)
Exported frame 1292/1837 DefineSprite (chid: 2408, cls: AQWorlds.mcSkel)
Exported frame 1293/1837 DefineSprite (chid: 2408, cls: AQWorlds.mcSkel)
Exported frame 1294/1837 DefineSprite (chid: 2408, cls: AQWorlds.mcSkel)
Exported frame 1295/1837 DefineSprite (chid: 2408, cls: AQWorlds.mcSkel)
Exported frame 1296/1837 DefineSprite (chid: 2408, cls: AQWorlds.mcSkel)
Exported frame 1297/1837 DefineSprite (chid: 2408, cls: AQWorlds.mcSkel)
Exported frame 1298/1837 DefineSprite (chid: 2408, cls: AQWorlds.mcSkel)
Exported frame 1299/1837 DefineSprite (chid: 2408, cls: AQWorlds.mcSkel)
Exported frame 1300/1837 DefineSprite (chid: 2408, cls: AQWorlds.mcSkel)
Exported frame 1301/1837 DefineSprite (chid: 2408, cls: AQWorlds.mcSkel)
Exported frame 1302/1837 DefineSprite (chid: 2408, cls: AQWorlds.mcSkel)
Exported frame 1303/1837 DefineSprite (chid: 2408, cls: AQWorlds.mcSkel)
Exported frame 1304/1837 DefineSprite (chid: 2408, cls: AQWorlds.mcSkel)
Exported frame 1305/1837 DefineSprite (chid: 2408, cls: AQWorlds.mcSkel)
Exported frame 1306/1837 DefineSprite (chid: 2408, cls: AQWorlds.mcSkel)
Exported frame 1307/1837 DefineSprite (chid: 2408, cls: AQWorlds.mcSkel)
Exported frame 1308/1837 DefineSprite (chid: 2408, cls: AQWorlds.mcSkel)
Exported frame 1309/1837 DefineSprite (chid: 2408, cls: AQWorlds.mcSkel)
Exported frame 1310/1837 DefineSprite (chid: 2408, cls: AQWorlds.mcSkel)
Exported frame 1311/1837 DefineSprite (chid: 2408, cls: AQWorlds.mcSkel)
Exported frame 1312/1837 DefineSprite (chid: 2408, cls: AQWorlds.mcSkel)
Exported frame 1313/1837 DefineSprite (chid: 2408, cls: AQWorlds.mcSkel)
Exported frame 1314/1837 DefineSprite (chid: 2408, cls: AQWorlds.mcSkel)
Exported frame 1315/1837 DefineSprite (chid: 2408, cls: AQWorlds.mcSkel)
Exported frame 1316/1837 DefineSprite (chid: 2408, cls: AQWorlds.mcSkel)
Exported frame 1317/1837 DefineSprite (chid: 2408, cls: AQWorlds.mcSkel)
Exported frame 1318/1837 DefineSprite (chid: 2408, cls: AQWorlds.mcSkel)
Exported frame 1319/1837 DefineSprite (chid: 2408, cls: AQWorlds.mcSkel)
Exported frame 1320/1837 DefineSprite (chid: 2408, cls: AQWorlds.mcSkel)
Exported frame 1321/1837 DefineSprite (chid: 2408, cls: AQWorlds.mcSkel)
Exported frame 1322/1837 DefineSprite (chid: 2408, cls: AQWorlds.mcSkel)
Exported frame 1323/1837 DefineSprite (chid: 2408, cls: AQWorlds.mcSkel)
Exported frame 1324/1837 DefineSprite (chid: 2408, cls: AQWorlds.mcSkel)
Exported frame 1325/1837 DefineSprite (chid: 2408, cls: AQWorlds.mcSkel)
Exported frame 1326/1837 DefineSprite (chid: 2408, cls: AQWorlds.mcSkel)
Exported frame 1327/1837 DefineSprite (chid: 2408, cls: AQWorlds.mcSkel)
Exported frame 1328/1837 DefineSprite (chid: 2408, cls: AQWorlds.mcSkel)
Exported frame 1329/1837 DefineSprite (chid: 2408, cls: AQWorlds.mcSkel)
Exported frame 1330/1837 DefineSprite (chid: 2408, cls: AQWorlds.mcSkel)
Exported frame 1331/1837 DefineSprite (chid: 2408, cls: AQWorlds.mcSkel)
Exported frame 1332/1837 DefineSprite (chid: 2408, cls: AQWorlds.mcSkel)
Exported frame 1333/1837 DefineSprite (chid: 2408, cls: AQWorlds.mcSkel)
Exported frame 1334/1837 DefineSprite (chid: 2408, cls: AQWorlds.mcSkel)
Exported frame 1335/1837 DefineSprite (chid: 2408, cls: AQWorlds.mcSkel)
Exported frame 1336/1837 DefineSprite (chid: 2408, cls: AQWorlds.mcSkel)
Exported frame 1337/1837 DefineSprite (chid: 2408, cls: AQWorlds.mcSkel)
Exported frame 1338/1837 DefineSprite (chid: 2408, cls: AQWorlds.mcSkel)
Exported frame 1339/1837 DefineSprite (chid: 2408, cls: AQWorlds.mcSkel)
Exported frame 1340/1837 DefineSprite (chid: 2408, cls: AQWorlds.mcSkel)
Exported frame 1341/1837 DefineSprite (chid: 2408, cls: AQWorlds.mcSkel)
Exported frame 1342/1837 DefineSprite (chid: 2408, cls: AQWorlds.mcSkel)
Exported frame 1343/1837 DefineSprite (chid: 2408, cls: AQWorlds.mcSkel)
Exported frame 1344/1837 DefineSprite (chid: 2408, cls: AQWorlds.mcSkel)
Exported frame 1345/1837 DefineSprite (chid: 2408, cls: AQWorlds.mcSkel)
Exported frame 1346/1837 DefineSprite (chid: 2408, cls: AQWorlds.mcSkel)
Exported frame 1347/1837 DefineSprite (chid: 2408, cls: AQWorlds.mcSkel)
Exported frame 1348/1837 DefineSprite (chid: 2408, cls: AQWorlds.mcSkel)
Exported frame 1349/1837 DefineSprite (chid: 2408, cls: AQWorlds.mcSkel)
Exported frame 1350/1837 DefineSprite (chid: 2408, cls: AQWorlds.mcSkel)
Exported frame 1351/1837 DefineSprite (chid: 2408, cls: AQWorlds.mcSkel)
Exported frame 1352/1837 DefineSprite (chid: 2408, cls: AQWorlds.mcSkel)
Exported frame 1353/1837 DefineSprite (chid: 2408, cls: AQWorlds.mcSkel)
Exported frame 1354/1837 DefineSprite (chid: 2408, cls: AQWorlds.mcSkel)
Exported frame 1355/1837 DefineSprite (chid: 2408, cls: AQWorlds.mcSkel)
Exported frame 1356/1837 DefineSprite (chid: 2408, cls: AQWorlds.mcSkel)
Exported frame 1357/1837 DefineSprite (chid: 2408, cls: AQWorlds.mcSkel)
Exported frame 1358/1837 DefineSprite (chid: 2408, cls: AQWorlds.mcSkel)
Exported frame 1359/1837 DefineSprite (chid: 2408, cls: AQWorlds.mcSkel)
Exported frame 1360/1837 DefineSprite (chid: 2408, cls: AQWorlds.mcSkel)
Exported frame 1361/1837 DefineSprite (chid: 2408, cls: AQWorlds.mcSkel)
Exported frame 1362/1837 DefineSprite (chid: 2408, cls: AQWorlds.mcSkel)
Exported frame 1363/1837 DefineSprite (chid: 2408, cls: AQWorlds.mcSkel)
Exported frame 1364/1837 DefineSprite (chid: 2408, cls: AQWorlds.mcSkel)
Exported frame 1365/1837 DefineSprite (chid: 2408, cls: AQWorlds.mcSkel)
Exported frame 1366/1837 DefineSprite (chid: 2408, cls: AQWorlds.mcSkel)
Exported frame 1367/1837 DefineSprite (chid: 2408, cls: AQWorlds.mcSkel)
Exported frame 1368/1837 DefineSprite (chid: 2408, cls: AQWorlds.mcSkel)
Exported frame 1369/1837 DefineSprite (chid: 2408, cls: AQWorlds.mcSkel)
Exported frame 1370/1837 DefineSprite (chid: 2408, cls: AQWorlds.mcSkel)
Exported frame 1371/1837 DefineSprite (chid: 2408, cls: AQWorlds.mcSkel)
Exported frame 1372/1837 DefineSprite (chid: 2408, cls: AQWorlds.mcSkel)
Exported frame 1373/1837 DefineSprite (chid: 2408, cls: AQWorlds.mcSkel)
Exported frame 1374/1837 DefineSprite (chid: 2408, cls: AQWorlds.mcSkel)
Exported frame 1375/1837 DefineSprite (chid: 2408, cls: AQWorlds.mcSkel)
Exported frame 1376/1837 DefineSprite (chid: 2408, cls: AQWorlds.mcSkel)
Exported frame 1377/1837 DefineSprite (chid: 2408, cls: AQWorlds.mcSkel)
Exported frame 1378/1837 DefineSprite (chid: 2408, cls: AQWorlds.mcSkel)
Exported frame 1379/1837 DefineSprite (chid: 2408, cls: AQWorlds.mcSkel)
Exported frame 1380/1837 DefineSprite (chid: 2408, cls: AQWorlds.mcSkel)
Exported frame 1381/1837 DefineSprite (chid: 2408, cls: AQWorlds.mcSkel)
Exported frame 1382/1837 DefineSprite (chid: 2408, cls: AQWorlds.mcSkel)
Exported frame 1383/1837 DefineSprite (chid: 2408, cls: AQWorlds.mcSkel)
Exported frame 1384/1837 DefineSprite (chid: 2408, cls: AQWorlds.mcSkel)
Exported frame 1385/1837 DefineSprite (chid: 2408, cls: AQWorlds.mcSkel)
Exported frame 1386/1837 DefineSprite (chid: 2408, cls: AQWorlds.mcSkel)
Exported frame 1387/1837 DefineSprite (chid: 2408, cls: AQWorlds.mcSkel)
Exported frame 1388/1837 DefineSprite (chid: 2408, cls: AQWorlds.mcSkel)
Exported frame 1389/1837 DefineSprite (chid: 2408, cls: AQWorlds.mcSkel)
Exported frame 1390/1837 DefineSprite (chid: 2408, cls: AQWorlds.mcSkel)
Exported frame 1391/1837 DefineSprite (chid: 2408, cls: AQWorlds.mcSkel)
Exported frame 1392/1837 DefineSprite (chid: 2408, cls: AQWorlds.mcSkel)
Exported frame 1393/1837 DefineSprite (chid: 2408, cls: AQWorlds.mcSkel)
Exported frame 1394/1837 DefineSprite (chid: 2408, cls: AQWorlds.mcSkel)
Exported frame 1395/1837 DefineSprite (chid: 2408, cls: AQWorlds.mcSkel)
Exported frame 1396/1837 DefineSprite (chid: 2408, cls: AQWorlds.mcSkel)
Exported frame 1397/1837 DefineSprite (chid: 2408, cls: AQWorlds.mcSkel)
Exported frame 1398/1837 DefineSprite (chid: 2408, cls: AQWorlds.mcSkel)
Exported frame 1399/1837 DefineSprite (chid: 2408, cls: AQWorlds.mcSkel)
Exported frame 1400/1837 DefineSprite (chid: 2408, cls: AQWorlds.mcSkel)
Exported frame 1401/1837 DefineSprite (chid: 2408, cls: AQWorlds.mcSkel)
Exported frame 1402/1837 DefineSprite (chid: 2408, cls: AQWorlds.mcSkel)
Exported frame 1403/1837 DefineSprite (chid: 2408, cls: AQWorlds.mcSkel)
Exported frame 1404/1837 DefineSprite (chid: 2408, cls: AQWorlds.mcSkel)
Exported frame 1405/1837 DefineSprite (chid: 2408, cls: AQWorlds.mcSkel)
Exported frame 1406/1837 DefineSprite (chid: 2408, cls: AQWorlds.mcSkel)
Exported frame 1407/1837 DefineSprite (chid: 2408, cls: AQWorlds.mcSkel)
Exported frame 1408/1837 DefineSprite (chid: 2408, cls: AQWorlds.mcSkel)
Exported frame 1409/1837 DefineSprite (chid: 2408, cls: AQWorlds.mcSkel)
Exported frame 1410/1837 DefineSprite (chid: 2408, cls: AQWorlds.mcSkel)
Exported frame 1411/1837 DefineSprite (chid: 2408, cls: AQWorlds.mcSkel)
Exported frame 1412/1837 DefineSprite (chid: 2408, cls: AQWorlds.mcSkel)
Exported frame 1413/1837 DefineSprite (chid: 2408, cls: AQWorlds.mcSkel)
Exported frame 1414/1837 DefineSprite (chid: 2408, cls: AQWorlds.mcSkel)
Exported frame 1415/1837 DefineSprite (chid: 2408, cls: AQWorlds.mcSkel)
Exported frame 1416/1837 DefineSprite (chid: 2408, cls: AQWorlds.mcSkel)
Exported frame 1417/1837 DefineSprite (chid: 2408, cls: AQWorlds.mcSkel)
Exported frame 1418/1837 DefineSprite (chid: 2408, cls: AQWorlds.mcSkel)
Exported frame 1419/1837 DefineSprite (chid: 2408, cls: AQWorlds.mcSkel)
Exported frame 1420/1837 DefineSprite (chid: 2408, cls: AQWorlds.mcSkel)
Exported frame 1421/1837 DefineSprite (chid: 2408, cls: AQWorlds.mcSkel)
Exported frame 1422/1837 DefineSprite (chid: 2408, cls: AQWorlds.mcSkel)
Exported frame 1423/1837 DefineSprite (chid: 2408, cls: AQWorlds.mcSkel)
Exported frame 1424/1837 DefineSprite (chid: 2408, cls: AQWorlds.mcSkel)
Exported frame 1425/1837 DefineSprite (chid: 2408, cls: AQWorlds.mcSkel)
Exported frame 1426/1837 DefineSprite (chid: 2408, cls: AQWorlds.mcSkel)
Exported frame 1427/1837 DefineSprite (chid: 2408, cls: AQWorlds.mcSkel)
Exported frame 1428/1837 DefineSprite (chid: 2408, cls: AQWorlds.mcSkel)
Exported frame 1429/1837 DefineSprite (chid: 2408, cls: AQWorlds.mcSkel)
Exported frame 1430/1837 DefineSprite (chid: 2408, cls: AQWorlds.mcSkel)
Exported frame 1431/1837 DefineSprite (chid: 2408, cls: AQWorlds.mcSkel)
Exported frame 1432/1837 DefineSprite (chid: 2408, cls: AQWorlds.mcSkel)
Exported frame 1433/1837 DefineSprite (chid: 2408, cls: AQWorlds.mcSkel)
Exported frame 1434/1837 DefineSprite (chid: 2408, cls: AQWorlds.mcSkel)
Exported frame 1435/1837 DefineSprite (chid: 2408, cls: AQWorlds.mcSkel)
Exported frame 1436/1837 DefineSprite (chid: 2408, cls: AQWorlds.mcSkel)
Exported frame 1437/1837 DefineSprite (chid: 2408, cls: AQWorlds.mcSkel)
Exported frame 1438/1837 DefineSprite (chid: 2408, cls: AQWorlds.mcSkel)
Exported frame 1439/1837 DefineSprite (chid: 2408, cls: AQWorlds.mcSkel)
Exported frame 1440/1837 DefineSprite (chid: 2408, cls: AQWorlds.mcSkel)
Exported frame 1441/1837 DefineSprite (chid: 2408, cls: AQWorlds.mcSkel)
Exported frame 1442/1837 DefineSprite (chid: 2408, cls: AQWorlds.mcSkel)
Exported frame 1443/1837 DefineSprite (chid: 2408, cls: AQWorlds.mcSkel)
Exported frame 1444/1837 DefineSprite (chid: 2408, cls: AQWorlds.mcSkel)
Exported frame 1445/1837 DefineSprite (chid: 2408, cls: AQWorlds.mcSkel)
Exported frame 1446/1837 DefineSprite (chid: 2408, cls: AQWorlds.mcSkel)
Exported frame 1447/1837 DefineSprite (chid: 2408, cls: AQWorlds.mcSkel)
Exported frame 1448/1837 DefineSprite (chid: 2408, cls: AQWorlds.mcSkel)
Exported frame 1449/1837 DefineSprite (chid: 2408, cls: AQWorlds.mcSkel)
Exported frame 1450/1837 DefineSprite (chid: 2408, cls: AQWorlds.mcSkel)
Exported frame 1451/1837 DefineSprite (chid: 2408, cls: AQWorlds.mcSkel)
Exported frame 1452/1837 DefineSprite (chid: 2408, cls: AQWorlds.mcSkel)
Exported frame 1453/1837 DefineSprite (chid: 2408, cls: AQWorlds.mcSkel)
Exported frame 1454/1837 DefineSprite (chid: 2408, cls: AQWorlds.mcSkel)
Exported frame 1455/1837 DefineSprite (chid: 2408, cls: AQWorlds.mcSkel)
Exported frame 1456/1837 DefineSprite (chid: 2408, cls: AQWorlds.mcSkel)
Exported frame 1457/1837 DefineSprite (chid: 2408, cls: AQWorlds.mcSkel)
Exported frame 1458/1837 DefineSprite (chid: 2408, cls: AQWorlds.mcSkel)
Exported frame 1459/1837 DefineSprite (chid: 2408, cls: AQWorlds.mcSkel)
Exported frame 1460/1837 DefineSprite (chid: 2408, cls: AQWorlds.mcSkel)
Exported frame 1461/1837 DefineSprite (chid: 2408, cls: AQWorlds.mcSkel)
Exported frame 1462/1837 DefineSprite (chid: 2408, cls: AQWorlds.mcSkel)
Exported frame 1463/1837 DefineSprite (chid: 2408, cls: AQWorlds.mcSkel)
Exported frame 1464/1837 DefineSprite (chid: 2408, cls: AQWorlds.mcSkel)
Exported frame 1465/1837 DefineSprite (chid: 2408, cls: AQWorlds.mcSkel)
Exported frame 1466/1837 DefineSprite (chid: 2408, cls: AQWorlds.mcSkel)
Exported frame 1467/1837 DefineSprite (chid: 2408, cls: AQWorlds.mcSkel)
Exported frame 1468/1837 DefineSprite (chid: 2408, cls: AQWorlds.mcSkel)
Exported frame 1469/1837 DefineSprite (chid: 2408, cls: AQWorlds.mcSkel)
Exported frame 1470/1837 DefineSprite (chid: 2408, cls: AQWorlds.mcSkel)
Exported frame 1471/1837 DefineSprite (chid: 2408, cls: AQWorlds.mcSkel)
Exported frame 1472/1837 DefineSprite (chid: 2408, cls: AQWorlds.mcSkel)
Exported frame 1473/1837 DefineSprite (chid: 2408, cls: AQWorlds.mcSkel)
Exported frame 1474/1837 DefineSprite (chid: 2408, cls: AQWorlds.mcSkel)
Exported frame 1475/1837 DefineSprite (chid: 2408, cls: AQWorlds.mcSkel)
Exported frame 1476/1837 DefineSprite (chid: 2408, cls: AQWorlds.mcSkel)
Exported frame 1477/1837 DefineSprite (chid: 2408, cls: AQWorlds.mcSkel)
Exported frame 1478/1837 DefineSprite (chid: 2408, cls: AQWorlds.mcSkel)
Exported frame 1479/1837 DefineSprite (chid: 2408, cls: AQWorlds.mcSkel)
Exported frame 1480/1837 DefineSprite (chid: 2408, cls: AQWorlds.mcSkel)
Exported frame 1481/1837 DefineSprite (chid: 2408, cls: AQWorlds.mcSkel)
Exported frame 1482/1837 DefineSprite (chid: 2408, cls: AQWorlds.mcSkel)
Exported frame 1483/1837 DefineSprite (chid: 2408, cls: AQWorlds.mcSkel)
Exported frame 1484/1837 DefineSprite (chid: 2408, cls: AQWorlds.mcSkel)
Exported frame 1485/1837 DefineSprite (chid: 2408, cls: AQWorlds.mcSkel)
Exported frame 1486/1837 DefineSprite (chid: 2408, cls: AQWorlds.mcSkel)
Exported frame 1487/1837 DefineSprite (chid: 2408, cls: AQWorlds.mcSkel)
Exported frame 1488/1837 DefineSprite (chid: 2408, cls: AQWorlds.mcSkel)
Exported frame 1489/1837 DefineSprite (chid: 2408, cls: AQWorlds.mcSkel)
Exported frame 1490/1837 DefineSprite (chid: 2408, cls: AQWorlds.mcSkel)
Exported frame 1491/1837 DefineSprite (chid: 2408, cls: AQWorlds.mcSkel)
Exported frame 1492/1837 DefineSprite (chid: 2408, cls: AQWorlds.mcSkel)
Exported frame 1493/1837 DefineSprite (chid: 2408, cls: AQWorlds.mcSkel)
Exported frame 1494/1837 DefineSprite (chid: 2408, cls: AQWorlds.mcSkel)
Exported frame 1495/1837 DefineSprite (chid: 2408, cls: AQWorlds.mcSkel)
Exported frame 1496/1837 DefineSprite (chid: 2408, cls: AQWorlds.mcSkel)
Exported frame 1497/1837 DefineSprite (chid: 2408, cls: AQWorlds.mcSkel)
Exported frame 1498/1837 DefineSprite (chid: 2408, cls: AQWorlds.mcSkel)
Exported frame 1499/1837 DefineSprite (chid: 2408, cls: AQWorlds.mcSkel)
Exported frame 1500/1837 DefineSprite (chid: 2408, cls: AQWorlds.mcSkel)
Exported frame 1501/1837 DefineSprite (chid: 2408, cls: AQWorlds.mcSkel)
Exported frame 1502/1837 DefineSprite (chid: 2408, cls: AQWorlds.mcSkel)
Exported frame 1503/1837 DefineSprite (chid: 2408, cls: AQWorlds.mcSkel)
Exported frame 1504/1837 DefineSprite (chid: 2408, cls: AQWorlds.mcSkel)
Exported frame 1505/1837 DefineSprite (chid: 2408, cls: AQWorlds.mcSkel)
Exported frame 1506/1837 DefineSprite (chid: 2408, cls: AQWorlds.mcSkel)
Exported frame 1507/1837 DefineSprite (chid: 2408, cls: AQWorlds.mcSkel)
Exported frame 1508/1837 DefineSprite (chid: 2408, cls: AQWorlds.mcSkel)
Exported frame 1509/1837 DefineSprite (chid: 2408, cls: AQWorlds.mcSkel)
Exported frame 1510/1837 DefineSprite (chid: 2408, cls: AQWorlds.mcSkel)
Exported frame 1511/1837 DefineSprite (chid: 2408, cls: AQWorlds.mcSkel)
Exported frame 1512/1837 DefineSprite (chid: 2408, cls: AQWorlds.mcSkel)
Exported frame 1513/1837 DefineSprite (chid: 2408, cls: AQWorlds.mcSkel)
Exported frame 1514/1837 DefineSprite (chid: 2408, cls: AQWorlds.mcSkel)
Exported frame 1515/1837 DefineSprite (chid: 2408, cls: AQWorlds.mcSkel)
Exported frame 1516/1837 DefineSprite (chid: 2408, cls: AQWorlds.mcSkel)
Exported frame 1517/1837 DefineSprite (chid: 2408, cls: AQWorlds.mcSkel)
Exported frame 1518/1837 DefineSprite (chid: 2408, cls: AQWorlds.mcSkel)
Exported frame 1519/1837 DefineSprite (chid: 2408, cls: AQWorlds.mcSkel)
Exported frame 1520/1837 DefineSprite (chid: 2408, cls: AQWorlds.mcSkel)
Exported frame 1521/1837 DefineSprite (chid: 2408, cls: AQWorlds.mcSkel)
Exported frame 1522/1837 DefineSprite (chid: 2408, cls: AQWorlds.mcSkel)
Exported frame 1523/1837 DefineSprite (chid: 2408, cls: AQWorlds.mcSkel)
Exported frame 1524/1837 DefineSprite (chid: 2408, cls: AQWorlds.mcSkel)
Exported frame 1525/1837 DefineSprite (chid: 2408, cls: AQWorlds.mcSkel)
Exported frame 1526/1837 DefineSprite (chid: 2408, cls: AQWorlds.mcSkel)
Exported frame 1527/1837 DefineSprite (chid: 2408, cls: AQWorlds.mcSkel)
Exported frame 1528/1837 DefineSprite (chid: 2408, cls: AQWorlds.mcSkel)
Exported frame 1529/1837 DefineSprite (chid: 2408, cls: AQWorlds.mcSkel)
Exported frame 1530/1837 DefineSprite (chid: 2408, cls: AQWorlds.mcSkel)
Exported frame 1531/1837 DefineSprite (chid: 2408, cls: AQWorlds.mcSkel)
Exported frame 1532/1837 DefineSprite (chid: 2408, cls: AQWorlds.mcSkel)
Exported frame 1533/1837 DefineSprite (chid: 2408, cls: AQWorlds.mcSkel)
Exported frame 1534/1837 DefineSprite (chid: 2408, cls: AQWorlds.mcSkel)
Exported frame 1535/1837 DefineSprite (chid: 2408, cls: AQWorlds.mcSkel)
Exported frame 1536/1837 DefineSprite (chid: 2408, cls: AQWorlds.mcSkel)
Exported frame 1537/1837 DefineSprite (chid: 2408, cls: AQWorlds.mcSkel)
Exported frame 1538/1837 DefineSprite (chid: 2408, cls: AQWorlds.mcSkel)
Exported frame 1539/1837 DefineSprite (chid: 2408, cls: AQWorlds.mcSkel)
Exported frame 1540/1837 DefineSprite (chid: 2408, cls: AQWorlds.mcSkel)
Exported frame 1541/1837 DefineSprite (chid: 2408, cls: AQWorlds.mcSkel)
Exported frame 1542/1837 DefineSprite (chid: 2408, cls: AQWorlds.mcSkel)
Exported frame 1543/1837 DefineSprite (chid: 2408, cls: AQWorlds.mcSkel)
Exported frame 1544/1837 DefineSprite (chid: 2408, cls: AQWorlds.mcSkel)
Exported frame 1545/1837 DefineSprite (chid: 2408, cls: AQWorlds.mcSkel)
Exported frame 1546/1837 DefineSprite (chid: 2408, cls: AQWorlds.mcSkel)
Exported frame 1547/1837 DefineSprite (chid: 2408, cls: AQWorlds.mcSkel)
Exported frame 1548/1837 DefineSprite (chid: 2408, cls: AQWorlds.mcSkel)
Exported frame 1549/1837 DefineSprite (chid: 2408, cls: AQWorlds.mcSkel)
Exported frame 1550/1837 DefineSprite (chid: 2408, cls: AQWorlds.mcSkel)
Exported frame 1551/1837 DefineSprite (chid: 2408, cls: AQWorlds.mcSkel)
Exported frame 1552/1837 DefineSprite (chid: 2408, cls: AQWorlds.mcSkel)
Exported frame 1553/1837 DefineSprite (chid: 2408, cls: AQWorlds.mcSkel)
Exported frame 1554/1837 DefineSprite (chid: 2408, cls: AQWorlds.mcSkel)
Exported frame 1555/1837 DefineSprite (chid: 2408, cls: AQWorlds.mcSkel)
Exported frame 1556/1837 DefineSprite (chid: 2408, cls: AQWorlds.mcSkel)
Exported frame 1557/1837 DefineSprite (chid: 2408, cls: AQWorlds.mcSkel)
Exported frame 1558/1837 DefineSprite (chid: 2408, cls: AQWorlds.mcSkel)
Exported frame 1559/1837 DefineSprite (chid: 2408, cls: AQWorlds.mcSkel)
Exported frame 1560/1837 DefineSprite (chid: 2408, cls: AQWorlds.mcSkel)
Exported frame 1561/1837 DefineSprite (chid: 2408, cls: AQWorlds.mcSkel)
Exported frame 1562/1837 DefineSprite (chid: 2408, cls: AQWorlds.mcSkel)
Exported frame 1563/1837 DefineSprite (chid: 2408, cls: AQWorlds.mcSkel)
Exported frame 1564/1837 DefineSprite (chid: 2408, cls: AQWorlds.mcSkel)
Exported frame 1565/1837 DefineSprite (chid: 2408, cls: AQWorlds.mcSkel)
Exported frame 1566/1837 DefineSprite (chid: 2408, cls: AQWorlds.mcSkel)
Exported frame 1567/1837 DefineSprite (chid: 2408, cls: AQWorlds.mcSkel)
Exported frame 1568/1837 DefineSprite (chid: 2408, cls: AQWorlds.mcSkel)
Exported frame 1569/1837 DefineSprite (chid: 2408, cls: AQWorlds.mcSkel)
Exported frame 1570/1837 DefineSprite (chid: 2408, cls: AQWorlds.mcSkel)
Exported frame 1571/1837 DefineSprite (chid: 2408, cls: AQWorlds.mcSkel)
Exported frame 1572/1837 DefineSprite (chid: 2408, cls: AQWorlds.mcSkel)
Exported frame 1573/1837 DefineSprite (chid: 2408, cls: AQWorlds.mcSkel)
Exported frame 1574/1837 DefineSprite (chid: 2408, cls: AQWorlds.mcSkel)
Exported frame 1575/1837 DefineSprite (chid: 2408, cls: AQWorlds.mcSkel)
Exported frame 1576/1837 DefineSprite (chid: 2408, cls: AQWorlds.mcSkel)
Exported frame 1577/1837 DefineSprite (chid: 2408, cls: AQWorlds.mcSkel)
Exported frame 1578/1837 DefineSprite (chid: 2408, cls: AQWorlds.mcSkel)
Exported frame 1579/1837 DefineSprite (chid: 2408, cls: AQWorlds.mcSkel)
Exported frame 1580/1837 DefineSprite (chid: 2408, cls: AQWorlds.mcSkel)
Exported frame 1581/1837 DefineSprite (chid: 2408, cls: AQWorlds.mcSkel)
Exported frame 1582/1837 DefineSprite (chid: 2408, cls: AQWorlds.mcSkel)
Exported frame 1583/1837 DefineSprite (chid: 2408, cls: AQWorlds.mcSkel)
Exported frame 1584/1837 DefineSprite (chid: 2408, cls: AQWorlds.mcSkel)
Exported frame 1585/1837 DefineSprite (chid: 2408, cls: AQWorlds.mcSkel)
Exported frame 1586/1837 DefineSprite (chid: 2408, cls: AQWorlds.mcSkel)
Exported frame 1587/1837 DefineSprite (chid: 2408, cls: AQWorlds.mcSkel)
Exported frame 1588/1837 DefineSprite (chid: 2408, cls: AQWorlds.mcSkel)
Exported frame 1589/1837 DefineSprite (chid: 2408, cls: AQWorlds.mcSkel)
Exported frame 1590/1837 DefineSprite (chid: 2408, cls: AQWorlds.mcSkel)
Exported frame 1591/1837 DefineSprite (chid: 2408, cls: AQWorlds.mcSkel)
Exported frame 1592/1837 DefineSprite (chid: 2408, cls: AQWorlds.mcSkel)
Exported frame 1593/1837 DefineSprite (chid: 2408, cls: AQWorlds.mcSkel)
Exported frame 1594/1837 DefineSprite (chid: 2408, cls: AQWorlds.mcSkel)
Exported frame 1595/1837 DefineSprite (chid: 2408, cls: AQWorlds.mcSkel)
Exported frame 1596/1837 DefineSprite (chid: 2408, cls: AQWorlds.mcSkel)
Exported frame 1597/1837 DefineSprite (chid: 2408, cls: AQWorlds.mcSkel)
Exported frame 1598/1837 DefineSprite (chid: 2408, cls: AQWorlds.mcSkel)
Exported frame 1599/1837 DefineSprite (chid: 2408, cls: AQWorlds.mcSkel)
Exported frame 1600/1837 DefineSprite (chid: 2408, cls: AQWorlds.mcSkel)
Exported frame 1601/1837 DefineSprite (chid: 2408, cls: AQWorlds.mcSkel)
Exported frame 1602/1837 DefineSprite (chid: 2408, cls: AQWorlds.mcSkel)
Exported frame 1603/1837 DefineSprite (chid: 2408, cls: AQWorlds.mcSkel)
Exported frame 1604/1837 DefineSprite (chid: 2408, cls: AQWorlds.mcSkel)
Exported frame 1605/1837 DefineSprite (chid: 2408, cls: AQWorlds.mcSkel)
Exported frame 1606/1837 DefineSprite (chid: 2408, cls: AQWorlds.mcSkel)
Exported frame 1607/1837 DefineSprite (chid: 2408, cls: AQWorlds.mcSkel)
Exported frame 1608/1837 DefineSprite (chid: 2408, cls: AQWorlds.mcSkel)
Exported frame 1609/1837 DefineSprite (chid: 2408, cls: AQWorlds.mcSkel)
Exported frame 1610/1837 DefineSprite (chid: 2408, cls: AQWorlds.mcSkel)
Exported frame 1611/1837 DefineSprite (chid: 2408, cls: AQWorlds.mcSkel)
Exported frame 1612/1837 DefineSprite (chid: 2408, cls: AQWorlds.mcSkel)
Exported frame 1613/1837 DefineSprite (chid: 2408, cls: AQWorlds.mcSkel)
Exported frame 1614/1837 DefineSprite (chid: 2408, cls: AQWorlds.mcSkel)
Exported frame 1615/1837 DefineSprite (chid: 2408, cls: AQWorlds.mcSkel)
Exported frame 1616/1837 DefineSprite (chid: 2408, cls: AQWorlds.mcSkel)
Exported frame 1617/1837 DefineSprite (chid: 2408, cls: AQWorlds.mcSkel)
Exported frame 1618/1837 DefineSprite (chid: 2408, cls: AQWorlds.mcSkel)
Exported frame 1619/1837 DefineSprite (chid: 2408, cls: AQWorlds.mcSkel)
Exported frame 1620/1837 DefineSprite (chid: 2408, cls: AQWorlds.mcSkel)
Exported frame 1621/1837 DefineSprite (chid: 2408, cls: AQWorlds.mcSkel)
Exported frame 1622/1837 DefineSprite (chid: 2408, cls: AQWorlds.mcSkel)
Exported frame 1623/1837 DefineSprite (chid: 2408, cls: AQWorlds.mcSkel)
Exported frame 1624/1837 DefineSprite (chid: 2408, cls: AQWorlds.mcSkel)
Exported frame 1625/1837 DefineSprite (chid: 2408, cls: AQWorlds.mcSkel)
Exported frame 1626/1837 DefineSprite (chid: 2408, cls: AQWorlds.mcSkel)
Exported frame 1627/1837 DefineSprite (chid: 2408, cls: AQWorlds.mcSkel)
Exported frame 1628/1837 DefineSprite (chid: 2408, cls: AQWorlds.mcSkel)
Exported frame 1629/1837 DefineSprite (chid: 2408, cls: AQWorlds.mcSkel)
Exported frame 1630/1837 DefineSprite (chid: 2408, cls: AQWorlds.mcSkel)
Exported frame 1631/1837 DefineSprite (chid: 2408, cls: AQWorlds.mcSkel)
Exported frame 1632/1837 DefineSprite (chid: 2408, cls: AQWorlds.mcSkel)
Exported frame 1633/1837 DefineSprite (chid: 2408, cls: AQWorlds.mcSkel)
Exported frame 1634/1837 DefineSprite (chid: 2408, cls: AQWorlds.mcSkel)
Exported frame 1635/1837 DefineSprite (chid: 2408, cls: AQWorlds.mcSkel)
Exported frame 1636/1837 DefineSprite (chid: 2408, cls: AQWorlds.mcSkel)
Exported frame 1637/1837 DefineSprite (chid: 2408, cls: AQWorlds.mcSkel)
Exported frame 1638/1837 DefineSprite (chid: 2408, cls: AQWorlds.mcSkel)
Exported frame 1639/1837 DefineSprite (chid: 2408, cls: AQWorlds.mcSkel)
Exported frame 1640/1837 DefineSprite (chid: 2408, cls: AQWorlds.mcSkel)
Exported frame 1641/1837 DefineSprite (chid: 2408, cls: AQWorlds.mcSkel)
Exported frame 1642/1837 DefineSprite (chid: 2408, cls: AQWorlds.mcSkel)
Exported frame 1643/1837 DefineSprite (chid: 2408, cls: AQWorlds.mcSkel)
Exported frame 1644/1837 DefineSprite (chid: 2408, cls: AQWorlds.mcSkel)
Exported frame 1645/1837 DefineSprite (chid: 2408, cls: AQWorlds.mcSkel)
Exported frame 1646/1837 DefineSprite (chid: 2408, cls: AQWorlds.mcSkel)
Exported frame 1647/1837 DefineSprite (chid: 2408, cls: AQWorlds.mcSkel)
Exported frame 1648/1837 DefineSprite (chid: 2408, cls: AQWorlds.mcSkel)
Exported frame 1649/1837 DefineSprite (chid: 2408, cls: AQWorlds.mcSkel)
Exported frame 1650/1837 DefineSprite (chid: 2408, cls: AQWorlds.mcSkel)
Exported frame 1651/1837 DefineSprite (chid: 2408, cls: AQWorlds.mcSkel)
Exported frame 1652/1837 DefineSprite (chid: 2408, cls: AQWorlds.mcSkel)
Exported frame 1653/1837 DefineSprite (chid: 2408, cls: AQWorlds.mcSkel)
Exported frame 1654/1837 DefineSprite (chid: 2408, cls: AQWorlds.mcSkel)
Exported frame 1655/1837 DefineSprite (chid: 2408, cls: AQWorlds.mcSkel)
Exported frame 1656/1837 DefineSprite (chid: 2408, cls: AQWorlds.mcSkel)
Exported frame 1657/1837 DefineSprite (chid: 2408, cls: AQWorlds.mcSkel)
Exported frame 1658/1837 DefineSprite (chid: 2408, cls: AQWorlds.mcSkel)
Exported frame 1659/1837 DefineSprite (chid: 2408, cls: AQWorlds.mcSkel)
Exported frame 1660/1837 DefineSprite (chid: 2408, cls: AQWorlds.mcSkel)
Exported frame 1661/1837 DefineSprite (chid: 2408, cls: AQWorlds.mcSkel)
Exported frame 1662/1837 DefineSprite (chid: 2408, cls: AQWorlds.mcSkel)
Exported frame 1663/1837 DefineSprite (chid: 2408, cls: AQWorlds.mcSkel)
Exported frame 1664/1837 DefineSprite (chid: 2408, cls: AQWorlds.mcSkel)
Exported frame 1665/1837 DefineSprite (chid: 2408, cls: AQWorlds.mcSkel)
Exported frame 1666/1837 DefineSprite (chid: 2408, cls: AQWorlds.mcSkel)
Exported frame 1667/1837 DefineSprite (chid: 2408, cls: AQWorlds.mcSkel)
Exported frame 1668/1837 DefineSprite (chid: 2408, cls: AQWorlds.mcSkel)
Exported frame 1669/1837 DefineSprite (chid: 2408, cls: AQWorlds.mcSkel)
Exported frame 1670/1837 DefineSprite (chid: 2408, cls: AQWorlds.mcSkel)
Exported frame 1671/1837 DefineSprite (chid: 2408, cls: AQWorlds.mcSkel)
Exported frame 1672/1837 DefineSprite (chid: 2408, cls: AQWorlds.mcSkel)
Exported frame 1673/1837 DefineSprite (chid: 2408, cls: AQWorlds.mcSkel)
Exported frame 1674/1837 DefineSprite (chid: 2408, cls: AQWorlds.mcSkel)
Exported frame 1675/1837 DefineSprite (chid: 2408, cls: AQWorlds.mcSkel)
Exported frame 1676/1837 DefineSprite (chid: 2408, cls: AQWorlds.mcSkel)
Exported frame 1677/1837 DefineSprite (chid: 2408, cls: AQWorlds.mcSkel)
Exported frame 1678/1837 DefineSprite (chid: 2408, cls: AQWorlds.mcSkel)
Exported frame 1679/1837 DefineSprite (chid: 2408, cls: AQWorlds.mcSkel)
Exported frame 1680/1837 DefineSprite (chid: 2408, cls: AQWorlds.mcSkel)
Exported frame 1681/1837 DefineSprite (chid: 2408, cls: AQWorlds.mcSkel)
Exported frame 1682/1837 DefineSprite (chid: 2408, cls: AQWorlds.mcSkel)
Exported frame 1683/1837 DefineSprite (chid: 2408, cls: AQWorlds.mcSkel)
Exported frame 1684/1837 DefineSprite (chid: 2408, cls: AQWorlds.mcSkel)
Exported frame 1685/1837 DefineSprite (chid: 2408, cls: AQWorlds.mcSkel)
Exported frame 1686/1837 DefineSprite (chid: 2408, cls: AQWorlds.mcSkel)
Exported frame 1687/1837 DefineSprite (chid: 2408, cls: AQWorlds.mcSkel)
Exported frame 1688/1837 DefineSprite (chid: 2408, cls: AQWorlds.mcSkel)
Exported frame 1689/1837 DefineSprite (chid: 2408, cls: AQWorlds.mcSkel)
Exported frame 1690/1837 DefineSprite (chid: 2408, cls: AQWorlds.mcSkel)
Exported frame 1691/1837 DefineSprite (chid: 2408, cls: AQWorlds.mcSkel)
Exported frame 1692/1837 DefineSprite (chid: 2408, cls: AQWorlds.mcSkel)
Exported frame 1693/1837 DefineSprite (chid: 2408, cls: AQWorlds.mcSkel)
Exported frame 1694/1837 DefineSprite (chid: 2408, cls: AQWorlds.mcSkel)
Exported frame 1695/1837 DefineSprite (chid: 2408, cls: AQWorlds.mcSkel)
Exported frame 1696/1837 DefineSprite (chid: 2408, cls: AQWorlds.mcSkel)
Exported frame 1697/1837 DefineSprite (chid: 2408, cls: AQWorlds.mcSkel)
Exported frame 1698/1837 DefineSprite (chid: 2408, cls: AQWorlds.mcSkel)
Exported frame 1699/1837 DefineSprite (chid: 2408, cls: AQWorlds.mcSkel)
Exported frame 1700/1837 DefineSprite (chid: 2408, cls: AQWorlds.mcSkel)
Exported frame 1701/1837 DefineSprite (chid: 2408, cls: AQWorlds.mcSkel)
Exported frame 1702/1837 DefineSprite (chid: 2408, cls: AQWorlds.mcSkel)
Exported frame 1703/1837 DefineSprite (chid: 2408, cls: AQWorlds.mcSkel)
Exported frame 1704/1837 DefineSprite (chid: 2408, cls: AQWorlds.mcSkel)
Exported frame 1705/1837 DefineSprite (chid: 2408, cls: AQWorlds.mcSkel)
Exported frame 1706/1837 DefineSprite (chid: 2408, cls: AQWorlds.mcSkel)
Exported frame 1707/1837 DefineSprite (chid: 2408, cls: AQWorlds.mcSkel)
Exported frame 1708/1837 DefineSprite (chid: 2408, cls: AQWorlds.mcSkel)
Exported frame 1709/1837 DefineSprite (chid: 2408, cls: AQWorlds.mcSkel)
Exported frame 1710/1837 DefineSprite (chid: 2408, cls: AQWorlds.mcSkel)
Exported frame 1711/1837 DefineSprite (chid: 2408, cls: AQWorlds.mcSkel)
Exported frame 1712/1837 DefineSprite (chid: 2408, cls: AQWorlds.mcSkel)
Exported frame 1713/1837 DefineSprite (chid: 2408, cls: AQWorlds.mcSkel)
Exported frame 1714/1837 DefineSprite (chid: 2408, cls: AQWorlds.mcSkel)
Exported frame 1715/1837 DefineSprite (chid: 2408, cls: AQWorlds.mcSkel)
Exported frame 1716/1837 DefineSprite (chid: 2408, cls: AQWorlds.mcSkel)
Exported frame 1717/1837 DefineSprite (chid: 2408, cls: AQWorlds.mcSkel)
Exported frame 1718/1837 DefineSprite (chid: 2408, cls: AQWorlds.mcSkel)
Exported frame 1719/1837 DefineSprite (chid: 2408, cls: AQWorlds.mcSkel)
Exported frame 1720/1837 DefineSprite (chid: 2408, cls: AQWorlds.mcSkel)
Exported frame 1721/1837 DefineSprite (chid: 2408, cls: AQWorlds.mcSkel)
Exported frame 1722/1837 DefineSprite (chid: 2408, cls: AQWorlds.mcSkel)
Exported frame 1723/1837 DefineSprite (chid: 2408, cls: AQWorlds.mcSkel)
Exported frame 1724/1837 DefineSprite (chid: 2408, cls: AQWorlds.mcSkel)
Exported frame 1725/1837 DefineSprite (chid: 2408, cls: AQWorlds.mcSkel)
Exported frame 1726/1837 DefineSprite (chid: 2408, cls: AQWorlds.mcSkel)
Exported frame 1727/1837 DefineSprite (chid: 2408, cls: AQWorlds.mcSkel)
Exported frame 1728/1837 DefineSprite (chid: 2408, cls: AQWorlds.mcSkel)
Exported frame 1729/1837 DefineSprite (chid: 2408, cls: AQWorlds.mcSkel)
Exported frame 1730/1837 DefineSprite (chid: 2408, cls: AQWorlds.mcSkel)
Exported frame 1731/1837 DefineSprite (chid: 2408, cls: AQWorlds.mcSkel)
Exported frame 1732/1837 DefineSprite (chid: 2408, cls: AQWorlds.mcSkel)
Exported frame 1733/1837 DefineSprite (chid: 2408, cls: AQWorlds.mcSkel)
Exported frame 1734/1837 DefineSprite (chid: 2408, cls: AQWorlds.mcSkel)
Exported frame 1735/1837 DefineSprite (chid: 2408, cls: AQWorlds.mcSkel)
Exported frame 1736/1837 DefineSprite (chid: 2408, cls: AQWorlds.mcSkel)
Exported frame 1737/1837 DefineSprite (chid: 2408, cls: AQWorlds.mcSkel)
Exported frame 1738/1837 DefineSprite (chid: 2408, cls: AQWorlds.mcSkel)
Exported frame 1739/1837 DefineSprite (chid: 2408, cls: AQWorlds.mcSkel)
Exported frame 1740/1837 DefineSprite (chid: 2408, cls: AQWorlds.mcSkel)
Exported frame 1741/1837 DefineSprite (chid: 2408, cls: AQWorlds.mcSkel)
Exported frame 1742/1837 DefineSprite (chid: 2408, cls: AQWorlds.mcSkel)
Exported frame 1743/1837 DefineSprite (chid: 2408, cls: AQWorlds.mcSkel)
Exported frame 1744/1837 DefineSprite (chid: 2408, cls: AQWorlds.mcSkel)
Exported frame 1745/1837 DefineSprite (chid: 2408, cls: AQWorlds.mcSkel)
Exported frame 1746/1837 DefineSprite (chid: 2408, cls: AQWorlds.mcSkel)
Exported frame 1747/1837 DefineSprite (chid: 2408, cls: AQWorlds.mcSkel)
Exported frame 1748/1837 DefineSprite (chid: 2408, cls: AQWorlds.mcSkel)
Exported frame 1749/1837 DefineSprite (chid: 2408, cls: AQWorlds.mcSkel)
Exported frame 1750/1837 DefineSprite (chid: 2408, cls: AQWorlds.mcSkel)
Exported frame 1751/1837 DefineSprite (chid: 2408, cls: AQWorlds.mcSkel)
Exported frame 1752/1837 DefineSprite (chid: 2408, cls: AQWorlds.mcSkel)
Exported frame 1753/1837 DefineSprite (chid: 2408, cls: AQWorlds.mcSkel)
Exported frame 1754/1837 DefineSprite (chid: 2408, cls: AQWorlds.mcSkel)
Exported frame 1755/1837 DefineSprite (chid: 2408, cls: AQWorlds.mcSkel)
Exported frame 1756/1837 DefineSprite (chid: 2408, cls: AQWorlds.mcSkel)
Exported frame 1757/1837 DefineSprite (chid: 2408, cls: AQWorlds.mcSkel)
Exported frame 1758/1837 DefineSprite (chid: 2408, cls: AQWorlds.mcSkel)
Exported frame 1759/1837 DefineSprite (chid: 2408, cls: AQWorlds.mcSkel)
Exported frame 1760/1837 DefineSprite (chid: 2408, cls: AQWorlds.mcSkel)
Exported frame 1761/1837 DefineSprite (chid: 2408, cls: AQWorlds.mcSkel)
Exported frame 1762/1837 DefineSprite (chid: 2408, cls: AQWorlds.mcSkel)
Exported frame 1763/1837 DefineSprite (chid: 2408, cls: AQWorlds.mcSkel)
Exported frame 1764/1837 DefineSprite (chid: 2408, cls: AQWorlds.mcSkel)
Exported frame 1765/1837 DefineSprite (chid: 2408, cls: AQWorlds.mcSkel)
Exported frame 1766/1837 DefineSprite (chid: 2408, cls: AQWorlds.mcSkel)
Exported frame 1767/1837 DefineSprite (chid: 2408, cls: AQWorlds.mcSkel)
Exported frame 1768/1837 DefineSprite (chid: 2408, cls: AQWorlds.mcSkel)
Exported frame 1769/1837 DefineSprite (chid: 2408, cls: AQWorlds.mcSkel)
Exported frame 1770/1837 DefineSprite (chid: 2408, cls: AQWorlds.mcSkel)
Exported frame 1771/1837 DefineSprite (chid: 2408, cls: AQWorlds.mcSkel)
Exported frame 1772/1837 DefineSprite (chid: 2408, cls: AQWorlds.mcSkel)
Exported frame 1773/1837 DefineSprite (chid: 2408, cls: AQWorlds.mcSkel)
Exported frame 1774/1837 DefineSprite (chid: 2408, cls: AQWorlds.mcSkel)
Exported frame 1775/1837 DefineSprite (chid: 2408, cls: AQWorlds.mcSkel)
Exported frame 1776/1837 DefineSprite (chid: 2408, cls: AQWorlds.mcSkel)
Exported frame 1777/1837 DefineSprite (chid: 2408, cls: AQWorlds.mcSkel)
Exported frame 1778/1837 DefineSprite (chid: 2408, cls: AQWorlds.mcSkel)
Exported frame 1779/1837 DefineSprite (chid: 2408, cls: AQWorlds.mcSkel)
Exported frame 1780/1837 DefineSprite (chid: 2408, cls: AQWorlds.mcSkel)
Exported frame 1781/1837 DefineSprite (chid: 2408, cls: AQWorlds.mcSkel)
Exported frame 1782/1837 DefineSprite (chid: 2408, cls: AQWorlds.mcSkel)
Exported frame 1783/1837 DefineSprite (chid: 2408, cls: AQWorlds.mcSkel)
Exported frame 1784/1837 DefineSprite (chid: 2408, cls: AQWorlds.mcSkel)
Exported frame 1785/1837 DefineSprite (chid: 2408, cls: AQWorlds.mcSkel)
Exported frame 1786/1837 DefineSprite (chid: 2408, cls: AQWorlds.mcSkel)
Exported frame 1787/1837 DefineSprite (chid: 2408, cls: AQWorlds.mcSkel)
Exported frame 1788/1837 DefineSprite (chid: 2408, cls: AQWorlds.mcSkel)
Exported frame 1789/1837 DefineSprite (chid: 2408, cls: AQWorlds.mcSkel)
Exported frame 1790/1837 DefineSprite (chid: 2408, cls: AQWorlds.mcSkel)
Exported frame 1791/1837 DefineSprite (chid: 2408, cls: AQWorlds.mcSkel)
Exported frame 1792/1837 DefineSprite (chid: 2408, cls: AQWorlds.mcSkel)
Exported frame 1793/1837 DefineSprite (chid: 2408, cls: AQWorlds.mcSkel)
Exported frame 1794/1837 DefineSprite (chid: 2408, cls: AQWorlds.mcSkel)
Exported frame 1795/1837 DefineSprite (chid: 2408, cls: AQWorlds.mcSkel)
Exported frame 1796/1837 DefineSprite (chid: 2408, cls: AQWorlds.mcSkel)
Exported frame 1797/1837 DefineSprite (chid: 2408, cls: AQWorlds.mcSkel)
Exported frame 1798/1837 DefineSprite (chid: 2408, cls: AQWorlds.mcSkel)
Exported frame 1799/1837 DefineSprite (chid: 2408, cls: AQWorlds.mcSkel)
Exported frame 1800/1837 DefineSprite (chid: 2408, cls: AQWorlds.mcSkel)
Exported frame 1801/1837 DefineSprite (chid: 2408, cls: AQWorlds.mcSkel)
Exported frame 1802/1837 DefineSprite (chid: 2408, cls: AQWorlds.mcSkel)
Exported frame 1803/1837 DefineSprite (chid: 2408, cls: AQWorlds.mcSkel)
Exported frame 1804/1837 DefineSprite (chid: 2408, cls: AQWorlds.mcSkel)
Exported frame 1805/1837 DefineSprite (chid: 2408, cls: AQWorlds.mcSkel)
Exported frame 1806/1837 DefineSprite (chid: 2408, cls: AQWorlds.mcSkel)
Exported frame 1807/1837 DefineSprite (chid: 2408, cls: AQWorlds.mcSkel)
Exported frame 1808/1837 DefineSprite (chid: 2408, cls: AQWorlds.mcSkel)
Exported frame 1809/1837 DefineSprite (chid: 2408, cls: AQWorlds.mcSkel)
Exported frame 1810/1837 DefineSprite (chid: 2408, cls: AQWorlds.mcSkel)
Exported frame 1811/1837 DefineSprite (chid: 2408, cls: AQWorlds.mcSkel)
Exported frame 1812/1837 DefineSprite (chid: 2408, cls: AQWorlds.mcSkel)
Exported frame 1813/1837 DefineSprite (chid: 2408, cls: AQWorlds.mcSkel)
Exported frame 1814/1837 DefineSprite (chid: 2408, cls: AQWorlds.mcSkel)
Exported frame 1815/1837 DefineSprite (chid: 2408, cls: AQWorlds.mcSkel)
Exported frame 1816/1837 DefineSprite (chid: 2408, cls: AQWorlds.mcSkel)
Exported frame 1817/1837 DefineSprite (chid: 2408, cls: AQWorlds.mcSkel)
Exported frame 1818/1837 DefineSprite (chid: 2408, cls: AQWorlds.mcSkel)
Exported frame 1819/1837 DefineSprite (chid: 2408, cls: AQWorlds.mcSkel)
Exported frame 1820/1837 DefineSprite (chid: 2408, cls: AQWorlds.mcSkel)
Exported frame 1821/1837 DefineSprite (chid: 2408, cls: AQWorlds.mcSkel)
Exported frame 1822/1837 DefineSprite (chid: 2408, cls: AQWorlds.mcSkel)
Exported frame 1823/1837 DefineSprite (chid: 2408, cls: AQWorlds.mcSkel)
Exported frame 1824/1837 DefineSprite (chid: 2408, cls: AQWorlds.mcSkel)
Exported frame 1825/1837 DefineSprite (chid: 2408, cls: AQWorlds.mcSkel)
Exported frame 1826/1837 DefineSprite (chid: 2408, cls: AQWorlds.mcSkel)
Exported frame 1827/1837 DefineSprite (chid: 2408, cls: AQWorlds.mcSkel)
Exported frame 1828/1837 DefineSprite (chid: 2408, cls: AQWorlds.mcSkel)
Exported frame 1829/1837 DefineSprite (chid: 2408, cls: AQWorlds.mcSkel)
Exported frame 1830/1837 DefineSprite (chid: 2408, cls: AQWorlds.mcSkel)
Exported frame 1831/1837 DefineSprite (chid: 2408, cls: AQWorlds.mcSkel)
Exported frame 1832/1837 DefineSprite (chid: 2408, cls: AQWorlds.mcSkel)
Exported frame 1833/1837 DefineSprite (chid: 2408, cls: AQWorlds.mcSkel)
Exported frame 1834/1837 DefineSprite (chid: 2408, cls: AQWorlds.mcSkel)
Exported frame 1835/1837 DefineSprite (chid: 2408, cls: AQWorlds.mcSkel)
Exported frame 1836/1837 DefineSprite (chid: 2408, cls: AQWorlds.mcSkel)
Exported frame 1837/1837 DefineSprite (chid: 2408, cls: AQWorlds.mcSkel)
Exported frame 1/1 DefineSprite (chid: 2409)
Exported frame 1/1 DefineSprite (chid: 2411)
Exported frame 1/1 DefineSprite (chid: 2413)
Exported frame 1/1 DefineSprite (chid: 2416)
Exported frame 1/11 DefineSprite (chid: 2426)
Exported frame 2/11 DefineSprite (chid: 2426)
Exported frame 3/11 DefineSprite (chid: 2426)
Exported frame 4/11 DefineSprite (chid: 2426)
Exported frame 5/11 DefineSprite (chid: 2426)
Exported frame 6/11 DefineSprite (chid: 2426)
Exported frame 7/11 DefineSprite (chid: 2426)
Exported frame 8/11 DefineSprite (chid: 2426)
Exported frame 9/11 DefineSprite (chid: 2426)
Exported frame 10/11 DefineSprite (chid: 2426)
Exported frame 11/11 DefineSprite (chid: 2426)
Exported frame 1/25 DefineSprite (chid: 2427, cls: AQWorlds.AvatarMC)
Exported frame 2/25 DefineSprite (chid: 2427, cls: AQWorlds.AvatarMC)
Exported frame 3/25 DefineSprite (chid: 2427, cls: AQWorlds.AvatarMC)
Exported frame 4/25 DefineSprite (chid: 2427, cls: AQWorlds.AvatarMC)
Exported frame 5/25 DefineSprite (chid: 2427, cls: AQWorlds.AvatarMC)
Exported frame 6/25 DefineSprite (chid: 2427, cls: AQWorlds.AvatarMC)
Exported frame 7/25 DefineSprite (chid: 2427, cls: AQWorlds.AvatarMC)
Exported frame 8/25 DefineSprite (chid: 2427, cls: AQWorlds.AvatarMC)
Exported frame 9/25 DefineSprite (chid: 2427, cls: AQWorlds.AvatarMC)
Exported frame 10/25 DefineSprite (chid: 2427, cls: AQWorlds.AvatarMC)
Exported frame 11/25 DefineSprite (chid: 2427, cls: AQWorlds.AvatarMC)
Exported frame 12/25 DefineSprite (chid: 2427, cls: AQWorlds.AvatarMC)
Exported frame 13/25 DefineSprite (chid: 2427, cls: AQWorlds.AvatarMC)
Exported frame 14/25 DefineSprite (chid: 2427, cls: AQWorlds.AvatarMC)
Exported frame 15/25 DefineSprite (chid: 2427, cls: AQWorlds.AvatarMC)
Exported frame 16/25 DefineSprite (chid: 2427, cls: AQWorlds.AvatarMC)
Exported frame 17/25 DefineSprite (chid: 2427, cls: AQWorlds.AvatarMC)
Exported frame 18/25 DefineSprite (chid: 2427, cls: AQWorlds.AvatarMC)
Exported frame 19/25 DefineSprite (chid: 2427, cls: AQWorlds.AvatarMC)
Exported frame 20/25 DefineSprite (chid: 2427, cls: AQWorlds.AvatarMC)
Exported frame 21/25 DefineSprite (chid: 2427, cls: AQWorlds.AvatarMC)
Exported frame 22/25 DefineSprite (chid: 2427, cls: AQWorlds.AvatarMC)
Exported frame 23/25 DefineSprite (chid: 2427, cls: AQWorlds.AvatarMC)
Exported frame 24/25 DefineSprite (chid: 2427, cls: AQWorlds.AvatarMC)
Exported frame 25/25 DefineSprite (chid: 2427, cls: AQWorlds.AvatarMC)
Exported frame 1/1 DefineSprite (chid: 2429, cls: buttoncomponent)
Exported frame 1/1 DefineSprite (chid: 2430, cls: backgrounds)
Exported frame 1/1 DefineSprite (chid: 2431, cls: emotes)
Exported frame 1/1 DefineSprite (chid: 2433)
Exported frame 1/1 DefineSprite (chid: 2434, cls: characters)
Exported frame 1/1 DefineSprite (chid: 2436)
Exported frame 1/1 DefineSprite (chid: 2438)
Exported frame 1/1 DefineSprite (chid: 2439)
Exported frame 1/1 DefineSprite (chid: 2441)
Exported frame 1/1 DefineSprite (chid: 2444)
Exported frame 1/1 DefineSprite (chid: 2445)
Exported frame 1/1 DefineSprite (chid: 2448)
Exported frame 1/1 DefineSprite (chid: 2449, cls: sets)
Exported frame 1/1 DefineSprite (chid: 2451)
Exported frame 1/1 DefineSprite (chid: 2453)
Exported frame 1/1 DefineSprite (chid: 2454, cls: scroll)
Exported frame 1/1 DefineSprite (chid: 2456)
Exported frame 1/1 DefineSprite (chid: 2458)
Exported frame 1/1 DefineSprite (chid: 2461)
Exported frame 1/1 DefineSprite (chid: 2463)
Exported frame 1/1 DefineSprite (chid: 2466)
Exported frame 1/1 DefineSprite (chid: 2468)
Exported frame 1/1 DefineSprite (chid: 2470)
Exported frame 1/1 DefineSprite (chid: 2471)
Exported frame 1/1 DefineSprite (chid: 2472)
Exported frame 1/1 DefineSprite (chid: 2473, cls: sidebar)
Exported frame 1/1 DefineSprite (chid: 2474)
Exported frame 1/1 DefineSprite (chid: 2477)
Exported frame 1/1 DefineSprite (chid: 2479)
Exported frame 1/1 DefineSprite (chid: 2482)
Exported frame 1/1 DefineSprite (chid: 2484)
Exported frame 1/1 DefineSprite (chid: 2490)
Exported frame 1/1 DefineSprite (chid: 2499)
Exported frame 1/1 DefineSprite (chid: 2503)
Exported frame 1/1 DefineSprite (chid: 2504)
Exported frame 1/1 DefineSprite (chid: 2506)
Exported frame 1/1 DefineSprite (chid: 2508)
Exported frame 1/1 DefineSprite (chid: 2510)
Exported frame 1/1 DefineSprite (chid: 2512)
Exported frame 1/1 DefineSprite (chid: 2515)
Exported frame 1/1 DefineSprite (chid: 2517)
Exported frame 1/1 DefineSprite (chid: 2520)
Exported frame 1/1 DefineSprite (chid: 2522)
Exported frame 1/1 DefineSprite (chid: 2533)
Exported frame 1/1 DefineSprite (chid: 2534)
Exported frame 1/1 DefineSprite (chid: 2536)
Exported frame 1/1 DefineSprite (chid: 2539)
Exported frame 1/1 DefineSprite (chid: 2541)
Exported frame 1/1 DefineSprite (chid: 2543)
Export finished. Total export time: 00:59.855
OK
